rank,score,tier,l1,l2,l3,l4,l5,name,retailer,country,price,cur,azn,reviews,bestseller_ranks,countries,url,img,ev
1,100.0,Ranked in 3+ chains,HOUSEHOLD CLEANING,Cleaning Cloths,All-purpose cloths,Microfibre,"Microfibre cleaning cloths, multipack","Набор тряпок из микрофибры, BonHome, 20х30 см, 5 шт.",Fix Price,Russia,87,RUB,1.75,6772,#2 Fix Price Russia (Для дома > Для уборки (cleaning tools)); #3 n11 Turkey (n11 search: mikrofiber bez); #7 Fix Price Kazakhstan (Для дома > Для уборки (Cleaning)); #15 Carrefour Poland (Wyposażenie domu > Domowe porządki > Rękawiczki i ścierki),"Kazakhstan, Poland, Russia, Turkey",https://fix-price.com/catalog/dlya-doma/p-5040273-nabor-tryapok-iz-mikrofibry-onome-20h30-sm-5-sht,https://img.fix-price.com/insecure/rs:fit:800:800/plain/bit/_marketplace/images/origin/46/46388091630617597c461371722085e6.jpg,Fix Price Russia: #2 in 'Для дома > Для уборки (cleaning tools)' (sorted by units sold); n11 Turkey: #3 in 'n11 search: mikrofiber bez' (best-selling); Fix Price Kazakhstan: #7 in 'Для дома > Для уборки (Cleaning)' (popular first); Carrefour Poland: #15 in 'Wyposażenie domu > Domowe porządki > Rękawiczki i ścierki' (most popular) | Fix Price RU & KZ (5+ microfibre multipack SKUs); Action PL: Ściereczki z mikrofibry Spargo (several SKUs); n11 TR: 'Mikrofiber Temizlik Bezi 5'li' listing
2,99.9,Ranked in 3+ chains,HOME ESSENTIALS & DIY,Electrical & Power,Batteries,Household batteries,"AAA alkaline batteries, multipack","Батарейки алкалиновые, ААА, 4 шт.",Fix Price,Russia,79,RUB,1.59,2357,"#1 Fix Price Kazakhstan (Для дома > Электротовары (Electrical)); #1 Fix Price Russia (Для дома > Электротовары (electrical: batteries, bulbs, lighting, power, mobile)); #2 Carrefour Poland (Elektronika > Telewizory i RTV > Akcesoria > Baterie); #23 n11 Turkey (n11 search: pil)","Kazakhstan, Poland, Russia, Turkey",https://fix-price.com/catalog/dlya-doma/elektrotovary/p-5014004-batareyki-alkalinovye-aaa-4-sht,https://img.fix-price.com/insecure/rs:fit:800:800/plain/pim/images/fa3ecfaa1cdd37d4542a47002b0047a4_44.jpg,"Fix Price Kazakhstan: #1 in 'Для дома > Электротовары (Electrical)' (popular first); Fix Price Russia: #1 in 'Для дома > Электротовары (electrical: batteries, bulbs, lighting, power, mobile)' (sorted by units sold); Carrefour Poland: #2 in 'Elektronika > Telewizory i RTV > Akcesoria > Baterie' (most popular); n11 Turkey: #23 in 'n11 search: pil' (best-selling) | Fix Price 79 RUB ('Электротовары'); Action PL A-Force AAA 20 pcs 9.95 zl, Philips AAA 10 pcs 10.95 zl; n11: Duracell AAA 10'lu 2,357 reviews, Duracell AAA 20'li 387 reviews"
3,99.6,Ranked in 3+ chains,HOME ESSENTIALS & DIY,Electrical & Power,Batteries,Household batteries,Lithium coin cell batteries CR2032,Baterie guzikowe Varta CR2032,Action,Poland,8.49,PLN,3.75,2013,"#5 Fix Price Russia (Для дома > Электротовары (electrical: batteries, bulbs, lighting, power, mobile)); #8 Fix Price Kazakhstan (Для дома > Электротовары (Electrical)); #9 n11 Turkey (n11 search: pil); #11 Carrefour Poland (Elektronika > Telewizory i RTV > Akcesoria > Baterie)","Kazakhstan, Poland, Russia, Turkey",https://www.action.com/pl-pl/p/3205213/baterie-guzikowe-varta-cr2032/,https://asset.action.com/image/upload/t_digital_product_image/w_1920/38282100.webp,"Fix Price Russia: #5 in 'Для дома > Электротовары (electrical: batteries, bulbs, lighting, power, mobile)' (sorted by units sold); Fix Price Kazakhstan: #8 in 'Для дома > Электротовары (Electrical)' (popular first); n11 Turkey: #9 in 'n11 search: pil' (best-selling); Carrefour Poland: #11 in 'Elektronika > Telewizory i RTV > Akcesoria > Baterie' (most popular) | Action PL 8.49 zl (5 pcs, 1.70 zl/pc) plus own-brand A-Force CR2032 6 pcs and 20-pc lithium coin packs; Fix Price CR2032 GR 2 pcs 174.50 RUB; n11: GP CR2032 5'li 2,013 reviews, Maxell CR2032 5'li 1,346 reviews, Duracell CR2032 566 reviews"
4,97.8,Ranked in 3+ chains,KITCHEN TOOLS,Cutting boards,Wood & bamboo boards,Small,Small wooden / bamboo cutting board,"Доска разделочная, O'Kitchen, 25х20 см",Fix Price,Russia,229,RUB,4.6,792,#11 n11 Turkey (n11 search: kesme tahtası); #51 Fix Price Kazakhstan (Для дома > Для кухни (Kitchen)); #88 Carrefour Poland (Wyposażenie domu > Kuchnia i jadalnia > Akcesoria kuchenne); #194 Fix Price Russia (Для дома > Для кухни (Kitchen)),"Kazakhstan, Poland, Russia, Turkey",https://fix-price.com/catalog/dlya-doma/p-5092599-doska-razdelochnaya-itchen-25h20-sm,https://img.fix-price.com/insecure/rs:fit:800:800/plain/bit/_marketplace/images/origin/33/3344551bfca46f0635e96a125fcf278e.jpg,"n11 Turkey: #11 in 'n11 search: kesme tahtası' (best-selling); Fix Price Kazakhstan: #51 in 'Для дома > Для кухни (Kitchen)' (popular first); Carrefour Poland: #88 in 'Wyposażenie domu > Kuchnia i jadalnia > Akcesoria kuchenne' (most popular); Fix Price Russia: #194 in 'Для дома > Для кухни (Kitchen)' (sorted by units sold) | Fix Price 229 RUB (acacia wood); Fix Price kitchen category sorted 'popular first' (dlya-kukhni?sort=sold, 78 pages x 24): this SKU on page 4 (top ~96); n11: Karaca Defne 2-pc bamboo board 792 reviews, Karaca Triple bamboo set 206, Karaca Owen bamboo board 137, Mucit Home 2-pc bamboo set 7 reviews (249 TL)"
5,97.7,Ranked in 3+ chains,HOME ESSENTIALS & DIY,Electrical & Power,Batteries,Rechargeable batteries,"Rechargeable NiMH AA batteries, 4-pack","Батарейки аккумуляторные, 4 шт., АА",Fix Price,Russia,199,RUB,3.99,747,"#8 n11 Turkey (n11 search: pil); #15 Fix Price Russia (Для дома > Электротовары (electrical: batteries, bulbs, lighting, power, mobile)); #27 Fix Price Kazakhstan (Для дома > Электротовары (Electrical)); #39 Carrefour Poland (Elektronika > Telewizory i RTV > Akcesoria > Baterie)","Kazakhstan, Poland, Russia, Turkey",https://fix-price.com/catalog/dlya-doma/elektrotovary/p-5014125-batareyki-akkumulyatornye-4-sht-aa,https://img.fix-price.com/insecure/rs:fit:800:800/plain/pim/images/24c4b599e41caad909fb942311fd96dd_14.jpg,"n11 Turkey: #8 in 'n11 search: pil' (best-selling); Fix Price Russia: #15 in 'Для дома > Электротовары (electrical: batteries, bulbs, lighting, power, mobile)' (sorted by units sold); Fix Price Kazakhstan: #27 in 'Для дома > Электротовары (Electrical)' (popular first); Carrefour Poland: #39 in 'Elektronika > Telewizory i RTV > Akcesoria > Baterie' (most popular) | Fix Price 199 RUB (also AAA version); Action PL GP rechargeable AA 4 pcs 2500 mAh 21.95 zl; n11: Duracell 2500 mAh AA 2'li 747 reviews, Varta AAA 800 mAh 4'lu 283 reviews"
6,97.1,Ranked in 3+ chains,HOME ESSENTIALS & DIY,Electrical & Power,Lighting,LED bulbs,LED bulb E27 (standard A60),"Лампа cветодиодная ""ЭРА"", E27, 15 Вт, в ассортименте",Fix Price,Russia,79,RUB,1.59,538,"#3 Carrefour Poland (Wyposażenie domu > Oświetlenie (all)); #9 Fix Price Kazakhstan (Для дома > Электротовары (Electrical)); #10 Fix Price Russia (Для дома > Электротовары (electrical: batteries, bulbs, lighting, power, mobile)); #11 n11 Turkey (n11 search: led ampul)","Kazakhstan, Poland, Russia, Turkey",https://fix-price.com/catalog/dlya-doma/p-5011034-lampa-cvetodiodnaya-era-27-15-vt-v-assortimente,https://img.fix-price.com/insecure/rs:fit:800:800/plain/pim/images/_default_upload_bucket/lampa_anons.jpg,"Carrefour Poland: #3 in 'Wyposażenie domu > Oświetlenie (all)' (most popular); Fix Price Kazakhstan: #9 in 'Для дома > Электротовары (Electrical)' (popular first); Fix Price Russia: #10 in 'Для дома > Электротовары (electrical: batteries, bulbs, lighting, power, mobile)' (sorted by units sold); n11 Turkey: #11 in 'n11 search: led ampul' (best-selling) | Fix Price 79 RUB (15 W, 1200 lm); Action PL Philips LED E27 8.49 zl, LSC 3-pack 12.95 zl; n11: 9 W E27 10-pack 538 reviews, Voltek 9 W E27 186 reviews"
7,97.0,Ranked in 3+ chains,HOME ESSENTIALS & DIY,Electrical & Power,Power & Sockets,Plug adapters,Wall socket splitter / multi-plug adapter (with USB),"Поворотный сетевой разветвитель, FLARX, 2 гнезда, 2 USB порта, в ассортименте",Fix Price,Russia,149,RUB,2.99,530,"#1 Carrefour Poland (Wyposażenie domu > Oświetlenie (all)); #3 Fix Price Kazakhstan (Для дома > Электротовары (Electrical)); #4 n11 Turkey (n11 search: uzatma kablosu); #21 Fix Price Russia (Для дома > Электротовары (electrical: batteries, bulbs, lighting, power, mobile))","Kazakhstan, Poland, Russia, Turkey",https://fix-price.com/catalog/dlya-doma/p-5013488-povorotnyy-setevoy-razvetvitel--2-gnezda-2--porta-v-assortimente,https://img.fix-price.com/insecure/rs:fit:800:800/plain/bit/_marketplace/images/origin/bc/bc4b5789e73106372315a4ebb4de7309.jpg,"Carrefour Poland: #1 in 'Wyposażenie domu > Oświetlenie (all)' (most popular); Fix Price Kazakhstan: #3 in 'Для дома > Электротовары (Electrical)' (popular first); n11 Turkey: #4 in 'n11 search: uzatma kablosu' (best-selling); Fix Price Russia: #21 in 'Для дома > Электротовары (electrical: batteries, bulbs, lighting, power, mobile)' (sorted by units sold) | Fix Price 149 RUB (rotating, 2 sockets + 2 USB); Action PL 'Rozdzielacz Pro-max' splitter 7.99 zl and Grundig socket adapter 38.90 zl"
8,96.7,Ranked in 3+ chains,HOME ESSENTIALS & DIY,Electrical & Power,Batteries,Household batteries,"AA alkaline batteries, multipack","Батарейки алкалиновые АА, 4 шт.",Fix Price,Russia,99,RUB,1.99,453,"#1 Carrefour Poland (Elektronika > Telewizory i RTV > Akcesoria > Baterie); #2 Fix Price Kazakhstan (Для дома > Электротовары (Electrical)); #2 Fix Price Russia (Для дома > Электротовары (electrical: batteries, bulbs, lighting, power, mobile)); #13 n11 Turkey (n11 search: pil)","Kazakhstan, Poland, Russia, Turkey",https://fix-price.com/catalog/dlya-doma/elektrotovary/p-5014027-batareyki-alkalinovye-aa-4-sht,https://img.fix-price.com/insecure/rs:fit:800:800/plain/pim/images/1fbbae9eefc1da2c10510e569ae07176_45.jpg,"Carrefour Poland: #1 in 'Elektronika > Telewizory i RTV > Akcesoria > Baterie' (most popular); Fix Price Kazakhstan: #2 in 'Для дома > Электротовары (Electrical)' (popular first); Fix Price Russia: #2 in 'Для дома > Электротовары (electrical: batteries, bulbs, lighting, power, mobile)' (sorted by units sold); n11 Turkey: #13 in 'n11 search: pil' (best-selling) | Fix Price 99 RUB, listed first in 'Электротовары'; Action PL A-Force AA 20 pcs 9.95 zl, Philips AA 12 pcs 7.95 zl; n11: Duracell AA 20'li 453 reviews, Duracell AA 10x3 450 reviews, Varta 60'li 362 reviews"
9,96.4,Ranked in 3+ chains,HOME ESSENTIALS & DIY,Fixing & Hanging,Adhesives & Tapes,Tapes,"Electrical insulating tape (PVC), multipack","Набор изолент, Master Hand, 5 шт.",Fix Price,Russia,83,RUB,1.67,389,#2 Fix Price Kazakhstan (Для дома > Для ремонта (Repair / tools)); #7 Fix Price Russia (Для дома > Для ремонта (repair / tools / hardware)); #9 Carrefour Poland (Wyposażenie domu > Oświetlenie (all)),"Kazakhstan, Poland, Russia, Turkey",https://fix-price.com/catalog/dlya-doma/dlya-remonta/p-5006095-nabor-izolent-aster-and-5-sht,https://img.fix-price.com/insecure/rs:fit:800:800/plain/pim/images/cd7c089f6ff6978949a8caf87310ee34_17.jpg,"Fix Price Kazakhstan: #2 in 'Для дома > Для ремонта (Repair / tools)' (popular first); Fix Price Russia: #7 in 'Для дома > Для ремонта (repair / tools / hardware)' (sorted by units sold); Carrefour Poland: #9 in 'Wyposażenie domu > Oświetlenie (all)' (most popular) | Fix Price 83 RUB for 5 rolls (also ERA 15 mm x 20 m); Action PL insulating tape 0.80 zl/pc; n11: electrical tape 10-pack 389 reviews, Schneider 8-pack 239 reviews, 3M Temflex 10-pack 221 reviews"
10,94.5,Ranked in 3+ chains,HOME ESSENTIALS & DIY,Tools,Hand Tools,Pliers & cutters,Combination pliers,"Пассатижи, Master Hand, 15 см",Fix Price,Russia,116,RUB,2.33,143,#1 Carrefour Poland (Dom i ogród > Narzędzia); #13 Fix Price Kazakhstan (Для дома > Для ремонта (Repair / tools)); #14 Fix Price Russia (Для дома > Для ремонта (repair / tools / hardware)),"Kazakhstan, Poland, Russia, Turkey",https://fix-price.com/catalog/spets-tsena-by-po-karteby/p-5001012-passatiji-aster-and-15-sm,https://img.fix-price.com/insecure/rs:fit:800:800/plain/pim/images/b90bab89a1c8d1db9a3d999fffa132d9_19.jpg,"Carrefour Poland: #1 in 'Dom i ogród > Narzędzia' (most popular); Fix Price Kazakhstan: #13 in 'Для дома > Для ремонта (Repair / tools)' (popular first); Fix Price Russia: #14 in 'Для дома > Для ремонта (repair / tools / hardware)' (sorted by units sold) | Fix Price 116 RUB (card special); Action PL Werckmann pliers 9.87 zl; n11: Knipex combination pliers 143 reviews, Bosch 3-pc pliers set 121 reviews"
11,93.9,Ranked in 3+ chains,HOME ESSENTIALS & DIY,Fixing & Hanging,Hooks & Hanging,Wall hooks,Self-adhesive wall hooks (no drilling),Haczyki do zawieszania Tesa,Action,Poland,6.49,PLN,2.87,105,#1 n11 Turkey (n11 search: yapışkan askı); #12 Carrefour Poland (Dom i ogród > Remont i warsztat (all)); #30 Fix Price Russia (Для дома > Хозяйственные мелочи (household sundries)); #50 Fix Price Kazakhstan (Для дома > Хозяйственные мелочи (Household sundries)),"Kazakhstan, Poland, Russia, Turkey",https://www.action.com/pl-pl/p/3004913/haczyki-do-zawieszania-tesa/,https://asset.action.com/image/upload/t_digital_product_image/w_1080/27375258.webp,"n11 Turkey: #1 in 'n11 search: yapışkan askı' (best-selling); Carrefour Poland: #12 in 'Dom i ogród > Remont i warsztat (all)' (most popular); Fix Price Russia: #30 in 'Для дома > Хозяйственные мелочи (household sundries)' (sorted by units sold); Fix Price Kazakhstan: #50 in 'Для дома > Хозяйственные мелочи (Household sundries)' (popular first) | Action PL 6.49 zl (2 pcs, stainless, self-adhesive); Action also magnetic hooks Werckmann 7.99 zl; Fix Price hooks Home Time 4x6 cm 6 pcs, transparent hooks 3 pcs, double hook 69 RUB; n11: Corelle 10'lu adhesive hooks 105 reviews, Sas Haus 10'lu 94 reviews"
12,93.3,Ranked in 3+ chains,"LAUNDRY, BATH & WARDROBE",Wardrobe,Hangers,Clothes hangers,"Plastic clothes hangers, basic multipack","Набор вешалок для лёгкой одежды, 3 шт.",Fix Price,Russia,59,RUB,1.18,76,#2 n11 Turkey (n11 search: askı); #7 Carrefour Poland (Wyposażenie domu > Łazienka (all)); #20 Fix Price Russia (Для дома > Хозяйственные мелочи (household sundries)); #45 Fix Price Kazakhstan (Для дома > Хозяйственные мелочи (Household sundries)),"Kazakhstan, Poland, Russia, Turkey",https://fix-price.com/catalog/dlya-doma/p-5060567-nabor-veshalok-dlya-lgkoy-odejdy-3-sht,https://img.fix-price.com/insecure/rs:fit:800:800/plain/bit/_marketplace/images/origin/e5/e5a02608efb74c6016add41d2b6ef849.jpg,"n11 Turkey: #2 in 'n11 search: askı' (best-selling); Carrefour Poland: #7 in 'Wyposażenie domu > Łazienka (all)' (most popular); Fix Price Russia: #20 in 'Для дома > Хозяйственные мелочи (household sundries)' (sorted by units sold); Fix Price Kazakhstan: #45 in 'Для дома > Хозяйственные мелочи (Household sundries)' (popular first) | Fix Price 59 RUB / 3 pcs (made in Russia); Fix Price also 'Набор вешалок, 3 шт.' on first page of 'Хозяйственные мелочи'; Action PL 'Wieszaki na ubrania – Czarny, 10 szt.'; Pepco PL 'Plastikowe wieszaki z kokardą'"
13,93.0,Ranked in 3+ chains,"LAUNDRY, BATH & WARDROBE",Bath,Bath accessories,Soap & dental,Soap dish,"Мыльница бамбуковая, Bath Republic, 13х9 см",Fix Price,Russia,149,RUB,2.99,64,#9 n11 Turkey (n11 search: sabunluk); #13 Fix Price Kazakhstan (Для дома > Хозяйственные мелочи (Household sundries)); #14 Fix Price Russia (Для дома > Для ванной (bathroom)); #24 Carrefour Poland (Wyposażenie domu > Łazienka (all)),"Kazakhstan, Poland, Russia, Turkey",https://fix-price.com/catalog/dlya-doma/p-5032147-mylnitsa-bambukovaya-ath-epublic-13h9-sm,https://img.fix-price.com/insecure/rs:fit:800:800/plain/bit/_marketplace/images/origin/7b/7b5fdc76f4bc3f41013154c084145116.jpg,"n11 Turkey: #9 in 'n11 search: sabunluk' (best-selling); Fix Price Kazakhstan: #13 in 'Для дома > Хозяйственные мелочи (Household sundries)' (popular first); Fix Price Russia: #14 in 'Для дома > Для ванной (bathroom)' (sorted by units sold); Carrefour Poland: #24 in 'Wyposażenie domu > Łazienka (all)' (most popular) | Fix Price 149 RUB bamboo (category 'Для ванной'); Fix Price plastic 'Мыльница, Bath Republic' on first page of 'Хозяйственные мелочи'; Action PL 'Mydelniczka' 6.95 zl; n11: Eva Metal adhesive 2-pc soap holder 64 ratings"
14,93.0,Ranked in 3+ chains,HOME ESSENTIALS & DIY,Fixing & Hanging,Adhesives & Tapes,Tapes,Double-sided adhesive tape,"Клейкая лента двусторонняя, Master Hand, 3 см х 1 м",Fix Price,Russia,124,RUB,2.49,64,#1 Fix Price Russia (Для дома > Для ремонта (repair / tools / hardware)); #7 Fix Price Kazakhstan (Для дома > Для ремонта (Repair / tools)); #10 Carrefour Poland (Dom i ogród > Remont i warsztat (all)),"Kazakhstan, Poland, Russia, Turkey",https://fix-price.com/catalog/dlya-doma/p-5006152-kleykaya-lenta-dvustoronnyaya-aster-and-3-sm-h-1-m,https://img.fix-price.com/insecure/rs:fit:800:800/plain/bit/_marketplace/images/origin/9f/9fb56f94b24a898d05a35ce141542259.jpg,"Fix Price Russia: #1 in 'Для дома > Для ремонта (repair / tools / hardware)' (sorted by units sold); Fix Price Kazakhstan: #7 in 'Для дома > Для ремонта (Repair / tools)' (popular first); Carrefour Poland: #10 in 'Dom i ogród > Remont i warsztat (all)' (most popular) | Fix Price 124 RUB (listed first in 'Для ремонта'), also 6 mm x 10 m version and 2-roll set; Action PL Bison double-sided mounting tape; n11: Eraks double-sided acrylic tape 64 reviews, 3M VHB 23 reviews"
15,92.9,Ranked in 3+ chains,HOME ESSENTIALS & DIY,Fixing & Hanging,Adhesives & Tapes,Tapes,Masking tape (paper),"Малярная клейкая лента, 48 мм х 20 м",Fix Price,Russia,116,RUB,2.33,60,#2 Fix Price Russia (Для дома > Для ремонта (repair / tools / hardware)); #10 Fix Price Kazakhstan (Для дома > Для ремонта (Repair / tools)); #35 Carrefour Poland (Dom i ogród > Remont i warsztat (all)),"Kazakhstan, Poland, Russia, Turkey",https://fix-price.com/catalog/dlya-doma/p-5006119-malyarnaya-kleykaya-lenta-48-mm-h-20-m,https://img.fix-price.com/insecure/rs:fit:800:800/plain/pim/images/_default_upload_bucket/323dcfa447b9cb6a52b0e38c79dfd7b7.jpg,"Fix Price Russia: #2 in 'Для дома > Для ремонта (repair / tools / hardware)' (sorted by units sold); Fix Price Kazakhstan: #10 in 'Для дома > Для ремонта (Repair / tools)' (popular first); Carrefour Poland: #35 in 'Dom i ogród > Remont i warsztat (all)' (most popular) | Fix Price 116 RUB ('Для ремонта'); Action PL 5+ masking tape SKUs incl. TCX Sensitive 5.90 zl; n11: Replax masking tape 18x32 m 60 reviews, 24x32 m 37 reviews"
16,92.8,Ranked in 3+ chains,HOUSEHOLD CLEANING,Mops & Floor Cleaning,Mop refills,Flat mop pads,Flat mop replacement pad (microfibre),"Насадка на швабру, Home Time, 42х14 см, в ассортименте",Fix Price,Russia,199,RUB,3.99,58,#1 Carrefour Poland (Wyposażenie domu > Domowe porządki > Mopy i szczotki); #13 n11 Turkey (n11 search: mop); #30 Fix Price Kazakhstan (Для дома > Для уборки (Cleaning)); #37 Fix Price Russia (Для дома > Для уборки (cleaning tools)),"Kazakhstan, Poland, Russia, Turkey",https://fix-price.com/catalog/dlya-doma/p-5040480-nasadka-na-shvabru-ome-ime-42h14-sm-v-assortimente,https://img.fix-price.com/insecure/rs:fit:800:800/plain/bit/_marketplace/images/origin/8b/8b03643c09c71817ccc76ae54d0d9c47.jpg,"Carrefour Poland: #1 in 'Wyposażenie domu > Domowe porządki > Mopy i szczotki' (most popular); n11 Turkey: #13 in 'n11 search: mop' (best-selling); Fix Price Kazakhstan: #30 in 'Для дома > Для уборки (Cleaning)' (popular first); Fix Price Russia: #37 in 'Для дома > Для уборки (cleaning tools)' (sorted by units sold) | Fix Price RU & KZ (4 refill SKUs: 42x14, 43x14, 46x18, 42x12 microfibre); Action PL: Ścierka do mopa z mikrofibry Spargo; Action PL: Vileda Pet Pro microfibre mop cloth"
17,92.5,Ranked in 3+ chains,HOUSEHOLD CLEANING,Sponges & Scourers,Dish sponges,Foam + scourer sponges,"Dish sponges, multipack (foam with scourer)","Губки для мытья посуды, 10 шт.",Fix Price,Russia,162.5,RUB,3.26,48,#1 Fix Price Kazakhstan (Для дома > Для уборки (Cleaning)); #1 Fix Price Russia (Для дома > Для уборки (cleaning tools)); #3 Carrefour Poland (Wyposażenie domu > Domowe porządki > Rękawiczki i ścierki); #8 n11 Turkey (n11 search: bulaşık süngeri),"Kazakhstan, Poland, Russia, Turkey",https://fix-price.com/catalog/dlya-doma/p-5025319-gubki-dlya-mytya-posudy-10-sht,https://img.fix-price.com/insecure/rs:fit:800:800/plain/pim/images/ce35a23ef411f4f9c94e034f9a275d9c_9.jpg,"Fix Price Kazakhstan: #1 in 'Для дома > Для уборки (Cleaning)' (popular first); Fix Price Russia: #1 in 'Для дома > Для уборки (cleaning tools)' (sorted by units sold); Carrefour Poland: #3 in 'Wyposażenie domu > Domowe porządki > Rękawiczki i ścierki' (most popular); n11 Turkey: #8 in 'n11 search: bulaşık süngeri' (best-selling) | Fix Price core range (listed first page of 'Для уборки', 4+ multipack SKUs of dish sponges in category); Action PL: Gąbki do czyszczenia Multy 10szt and Gąbki do szorowania 28szt in 'Akcesoria do sprzątania'; n11 TR: Scotch Brite 8-pack 48 reviews, Parex 5-pack listed"
18,92.3,Ranked in 3+ chains,HOME ESSENTIALS & DIY,Electrical & Power,Power & Sockets,Extension leads,"Extension lead, 3-socket","Бытовой удлинитель, ЭРА, 3 м, 3 гнезда",Fix Price,Russia,299,RUB,6.0,320,"#2 Carrefour Poland (Wyposażenie domu > Oświetlenie (all)); #15 Fix Price Kazakhstan (Для дома > Электротовары (Electrical)); #20 n11 Turkey (n11 search: uzatma kablosu); #23 Fix Price Russia (Для дома > Электротовары (electrical: batteries, bulbs, lighting, power, mobile))","Kazakhstan, Poland, Russia, Turkey",https://fix-price.com/catalog/dlya-doma/p-5013234-bytovoy-udlinitel-era-3-m-3-gnezda,https://img.fix-price.com/insecure/rs:fit:800:800/plain/pim/images/cbf86f6fb04cef6c1fbd7c0fa19ad69d_41.jpg,"Carrefour Poland: #2 in 'Wyposażenie domu > Oświetlenie (all)' (most popular); Fix Price Kazakhstan: #15 in 'Для дома > Электротовары (Electrical)' (popular first); n11 Turkey: #20 in 'n11 search: uzatma kablosu' (best-selling); Fix Price Russia: #23 in 'Для дома > Электротовары (electrical: batteries, bulbs, lighting, power, mobile)' (sorted by units sold) | Fix Price 299 RUB (also 1.5 m switched and 3-socket+3 USB versions); Action PL Pro-max 3-socket extension 10.77 zl; n11: 3'lu uzatma kablo 2 m 28 reviews"
19,92.1,Ranked in 3+ chains,HOME ESSENTIALS & DIY,Fixing & Hanging,Adhesives & Tapes,Tapes,Packing tape (with dispenser),Taśma do pakowania z dozownikiem TCX,Action,Poland,14.99,PLN,6.63,298,#1 Carrefour Poland (Dom i ogród > Remont i warsztat (all)); #5 Fix Price Russia (Для дома > Хозяйственные мелочи (household sundries)); #6 Fix Price Kazakhstan (Для дома > Хозяйственные мелочи (Household sundries)),"Kazakhstan, Poland, Russia, Turkey",https://www.action.com/pl-pl/p/3009193/tasma-do-pakowania-z-dozownikiem-tcx/,https://asset.action.com/image/upload/t_digital_product_image/w_1920/3009193_8718964321858-111_01_ew9hlj.webp,"Carrefour Poland: #1 in 'Dom i ogród > Remont i warsztat (all)' (most popular); Fix Price Russia: #5 in 'Для дома > Хозяйственные мелочи (household sundries)' (sorted by units sold); Fix Price Kazakhstan: #6 in 'Для дома > Хозяйственные мелочи (Household sundries)' (popular first) | Action PL 14.99 zl, plus plain TCX packing tape and paper packing tape (priced per m); Fix Price Unibob tape 48 mm x 66 m in 'Хозяйственные мелочи'; n11: 45 mm x 100 m packing tape 298 reviews, 6-pack 174 reviews"
20,91.8,Ranked in 3+ chains,DECOR & ORGANISATION,Storage & Organisation,Storage Boxes,Plastic Storage Boxes,"Plastic storage box with lid, small (5-10 L)","Коробка с крышкой, Fimako, 7 л",Fix Price,Russia,229,RUB,4.6,33,#5 Fix Price Russia (Для дома > Организация хранения (storage & organisation)); #8 Fix Price Kazakhstan (Для дома > Организация хранения (Storage)); #12 n11 Turkey (n11 search: kavanoz); #19 Carrefour Poland (Wyposażenie domu > Łazienka (all)),"Kazakhstan, Poland, Russia, Turkey",https://fix-price.com/catalog/dlya-doma/p-5069571-korobka-s-kryshkoy-imako-7-l,https://img.fix-price.com/insecure/rs:fit:800:800/plain/pim/images/_default_upload_bucket/70f94bc57f76beac4df9e4d1860b19de.jpg,Fix Price Russia: #5 in 'Для дома > Организация хранения (storage & organisation)' (sorted by units sold); Fix Price Kazakhstan: #8 in 'Для дома > Организация хранения (Storage)' (popular first); n11 Turkey: #12 in 'n11 search: kavanoz' (best-selling); Carrefour Poland: #19 in 'Wyposażenie domu > Łazienka (all)' (most popular) | Fix Price core range: category 'Организация хранения' lists 20+ lidded boxes/containers (3.3 L to 32 L); Fix Price RU 229 RUB; Action PL sells lidded boxes from 0.65 L (Pudełko do przechowywania z pokrywką Plast1); Trendyol has dedicated 'plastik kapaklı kutu' landing pages (40+ result pages); Kaspi KZ: lidded plastic storage containers listed
21,91.2,Ranked in 3+ chains,HOME ESSENTIALS & DIY,Electrical & Power,Power & Sockets,Extension leads,Power strip / surge-protected multi-socket (4-6 outlets),Listwa zasilająca Pro-max (6 gniazd),Action,Poland,17.7,PLN,7.82,899,"#1 n11 Turkey (n11 search: uzatma kablosu); #4 Carrefour Poland (Wyposażenie domu > Oświetlenie (all)); #41 Fix Price Russia (Для дома > Электротовары (electrical: batteries, bulbs, lighting, power, mobile))","Poland, Russia, Turkey",https://www.action.com/pl-pl/p/3007327/listwa-zasilajaca-pro-max/,https://asset.action.com/image/upload/t_digital_product_image/w_1920/3007327_8711332491665-110_01_ukg4sd.webp,"n11 Turkey: #1 in 'n11 search: uzatma kablosu' (best-selling); Carrefour Poland: #4 in 'Wyposażenie domu > Oświetlenie (all)' (most popular); Fix Price Russia: #41 in 'Для дома > Электротовары (electrical: batteries, bulbs, lighting, power, mobile)' (sorted by units sold) | Action PL 17.70 zl, plus Emos Legrand strip 24.99 zl and Grundig desk strip; Fix Price ERA 'Eko' surge filter 4 sockets 1.5 m; n11: 7go 3'lu akim korumali priz 103 reviews"
22,90.9,Ranked in 3+ chains,"LAUNDRY, BATH & WARDROBE",Bath,Shower,Shower storage,Suction corner shower shelf,"Полочка для ванной угловая, Bath Republic, 23х23х9 см",Fix Price,Russia,199,RUB,3.99,179,#3 n11 Turkey (n11 search: yapışkan askı); #11 Fix Price Russia (Для дома > Для ванной (bathroom)); #36 Carrefour Poland (Wyposażenie domu > Łazienka (all)),"Poland, Russia, Turkey",https://fix-price.com/catalog/dlya-doma/p-5079275-polochka-dlya-vannoy-uglovaya-ath-epublic-23h23h9-sm,https://img.fix-price.com/insecure/rs:fit:800:800/plain/bit/_marketplace/images/origin/a0/a0b197060e55ee06ff66c0e69c46717c.jpg,n11 Turkey: #3 in 'n11 search: yapışkan askı' (best-selling); Fix Price Russia: #11 in 'Для дома > Для ванной (bathroom)' (sorted by units sold); Carrefour Poland: #36 in 'Wyposażenie domu > Łazienka (all)' (most popular) | Fix Price 199 RUB with suction cups; second corner shelf SKU (Home Time 26x26) also listed in 'Для ванной'; Action PL 'Regał prysznicowy Cascata' suction shelf 14.95 zl and self-adhesive shelf 17.95 zl; n11 Eva Metal adhesive shower shelf+soap+toothbrush set 89 ratings
23,90.2,Ranked in 3+ chains,HOUSEHOLD CLEANING,Cleaning Cloths,All-purpose cloths,Large microfibre,Large microfibre cloth (50x70 cm),"Тряпка из микрофибры, BonHome, 50х70 см, в ассортименте",Fix Price,Russia,99,RUB,1.99,14,#7 n11 Turkey (n11 search: mikrofiber bez); #21 Carrefour Poland (Wyposażenie domu > Domowe porządki > Rękawiczki i ścierki); #40 Fix Price Kazakhstan (Для дома > Для уборки (Cleaning)); #44 Fix Price Russia (Для дома > Для уборки (cleaning tools)),"Kazakhstan, Poland, Russia, Turkey",https://fix-price.com/catalog/dlya-doma/p-5040589-tryapka-iz-mikrofibry-onome-50h70-sm-v-assortimente,https://img.fix-price.com/insecure/rs:fit:800:800/plain/bit/_marketplace/images/origin/1a/1a2ea764e775eac85d4d5b73f5666a58.jpg,n11 Turkey: #7 in 'n11 search: mikrofiber bez' (best-selling); Carrefour Poland: #21 in 'Wyposażenie domu > Domowe porządki > Rękawiczki i ścierki' (most popular); Fix Price Kazakhstan: #40 in 'Для дома > Для уборки (Cleaning)' (popular first); Fix Price Russia: #44 in 'Для дома > Для уборки (cleaning tools)' (sorted by units sold) | Fix Price RU & KZ (99 RUB); n11 TR: İlbay's Mikrofiber Temizlik Bezi 3'lü 40x60 listing; Action PL: Ścierka do podłogi XL z mikrofibry Spargo 60x70
24,89.6,Ranked in 3+ chains,HOUSEHOLD CLEANING,Sponges & Scourers,Scourers,Metal scourers,Stainless steel spiral scourers,"Набор губок металлических, BonHome, 3 шт.",Fix Price,Russia,69,RUB,1.39,10,#1 n11 Turkey (n11 search: bulaşık süngeri); #11 Carrefour Poland (Wyposażenie domu > Kuchnia i jadalnia > Akcesoria kuchenne); #15 Fix Price Russia (Для дома > Для уборки (cleaning tools)); #24 Fix Price Kazakhstan (Для дома > Для уборки (Cleaning)),"Kazakhstan, Poland, Russia, Turkey",https://fix-price.com/catalog/dlya-doma/p-5026113-nabor-gubok-metallicheskih-onome-3-sht,https://img.fix-price.com/insecure/rs:fit:800:800/plain/bit/_marketplace/images/origin/78/78850a32db2b2854cb613591493eedcf.jpg,n11 Turkey: #1 in 'n11 search: bulaşık süngeri' (best-selling); Carrefour Poland: #11 in 'Wyposażenie domu > Kuchnia i jadalnia > Akcesoria kuchenne' (most popular); Fix Price Russia: #15 in 'Для дома > Для уборки (cleaning tools)' (sorted by units sold); Fix Price Kazakhstan: #24 in 'Для дома > Для уборки (Cleaning)' (popular first) | Fix Price RU & KZ (2 SKUs: 3-pack and 4-pack 'Мочалка металлическая'); Action PL: Druciaki Spargo 4szt and Gąbki metalowe Spargo; Kaspi KZ: several metal scourer 4-6 pack listings; n11 TR: Technow stainless 6-pack
25,89.6,Ranked in 3+ chains,"LAUNDRY, BATH & WARDROBE",Laundry,Drying,Pegs & lines,"Plastic clothes pegs, multipack","Прищепки, АкваМаг, 10 шт., в ассортименте",Fix Price,Russia,79,RUB,1.59,10,#1 n11 Turkey (n11 search: çamaşır mandalı); #8 Carrefour Poland (Wyposażenie domu > Łazienka (all)); #25 Fix Price Russia (Для дома > Хозяйственные мелочи (household sundries)); #38 Fix Price Kazakhstan (Для дома > Хозяйственные мелочи (Household sundries)),"Kazakhstan, Poland, Russia, Turkey",https://fix-price.com/catalog/dlya-doma/p-5060266-prischepki-akvamag-10-sht-v-assortimente,https://img.fix-price.com/insecure/rs:fit:800:800/plain/pim/images/_default_upload_bucket/5060266_1500_ANONS.png,"n11 Turkey: #1 in 'n11 search: çamaşır mandalı' (best-selling); Carrefour Poland: #8 in 'Wyposażenie domu > Łazienka (all)' (most popular); Fix Price Russia: #25 in 'Для дома > Хозяйственные мелочи (household sundries)' (sorted by units sold); Fix Price Kazakhstan: #38 in 'Для дома > Хозяйственные мелочи (Household sundries)' (popular first) | Fix Price core range (listed in 'Аксессуары для одежды'); Fix Price also stocks Home Time pegs 8/12/42 pcs; Kaspi: dedicated category 'Прищепки для белья' under 'Уход за одеждой', plastic 50 pcs 770 KZT; Action PL plastic pegs 18 pcs; n11: '144 Adet Plastik Çamaşır Mandalı' 9 reviews, 'Plastik Soft Çamaşır Mandalı 72 Adet' 3 reviews"
26,89.6,Ranked in 3+ chains,HOUSEHOLD CLEANING,Cleaning Gloves,Reusable gloves,Latex,"Household rubber gloves (latex), 1 pair","Перчатки хозяйственные, BonHome, 1 пара, в ассортименте",Fix Price,Russia,59,RUB,1.18,10,#2 Carrefour Poland (Wyposażenie domu > Domowe porządki > Rękawiczki i ścierki); #3 Fix Price Kazakhstan (Для дома > Для уборки (Cleaning)); #7 Fix Price Russia (Для дома > Для уборки (cleaning tools)),"Kazakhstan, Poland, Russia, Turkey",https://fix-price.com/catalog/dlya-doma/p-5043069-perchatki-hozyaystvennye-onome-1-para-v-assortimente,https://img.fix-price.com/insecure/rs:fit:800:800/plain/bit/_marketplace/images/origin/7e/7e8af4cc9bdce2efea82956c6ced7c63.jpeg,"Carrefour Poland: #2 in 'Wyposażenie domu > Domowe porządki > Rękawiczki i ścierki' (most popular); Fix Price Kazakhstan: #3 in 'Для дома > Для уборки (Cleaning)' (popular first); Fix Price Russia: #7 in 'Для дома > Для уборки (cleaning tools)' (sorted by units sold) | Fix Price RU & KZ (4+ household glove SKUs, incl. 'Суперпрочные'); Action PL: Rękawice do sprzątania CleanRite & Rękawice do prac w domu; n11 TR: Lateks temizlik ve bulaşık eldiveni 10 reviews"
27,89.4,Ranked in 3+ chains,"TEA, COFFEE & TABLE",Drinkware,Mugs,Everyday Mugs,"Ceramic mug, 350 ml, single","Кружка, O'Kitchen, 350 мл, в ассортименте",Fix Price,Russia,99,RUB,1.99,9,#13 n11 Turkey (n11 search: kupa); #21 Carrefour Poland (Wyposażenie domu > Kuchnia i jadalnia > Zastawa stołowa); #41 Fix Price Russia (Для дома > Для кухни (Kitchen)); #58 Fix Price Kazakhstan (Декор для дома > Товары для декора (Decor)),"Kazakhstan, Poland, Russia, Turkey",https://fix-price.com/catalog/dlya-doma/p-5091524-krujka-itchen-350-ml-v-assortimente,https://img.fix-price.com/insecure/rs:fit:800:800/plain/bit/_marketplace/images/origin/ab/abbab8c5435b5b3b99074813af32691d.jpg,"n11 Turkey: #13 in 'n11 search: kupa' (best-selling); Carrefour Poland: #21 in 'Wyposażenie domu > Kuchnia i jadalnia > Zastawa stołowa' (most popular); Fix Price Russia: #41 in 'Для дома > Для кухни (Kitchen)' (sorted by units sold); Fix Price Kazakhstan: #58 in 'Декор для дома > Товары для декора (Decor)' (popular first) | Fix Price core range 99 RUB (also 330 ml variant); Action PL: 'Kubek' 220 ml 3.99 zl, 'Kubek na herbate' 320 ml 3.99 zl, 'Kubek do kawy' 350 ml 6.95 zl - 10+ mug SKUs in Zastawa"
28,89.2,Ranked in 3+ chains,"LAUNDRY, BATH & WARDROBE",Laundry,Garment care,Lint removal,Lint roller (sticky clothes roller),"Ролик для чистки одежды, Home Time, 64 листа, в ассортименте",Fix Price,Russia,83,RUB,1.67,13,#2 Fix Price Kazakhstan (Для дома > Аксессуары для одежды (Clothes care)); #4 Fix Price Russia (Для дома > Аксессуары для одежды (clothes accessories)); #8 Carrefour Poland (Wyposażenie domu > Domowe porządki > Mopy i szczotki),"Kazakhstan, Poland, Russia, Turkey",https://fix-price.com/catalog/dlya-doma/aksessuary-dlya-odezhdy/p-5050013-rolik-dlya-chistki-odejdy-ome-ime-64-lista-v-assortimente,https://img.fix-price.com/insecure/rs:fit:800:800/plain/pim/images/7f185067de363ef63a240baae9c6db62_42.jpg,"Fix Price Kazakhstan: #2 in 'Для дома > Аксессуары для одежды (Clothes care)' (popular first); Fix Price Russia: #4 in 'Для дома > Аксессуары для одежды (clothes accessories)' (sorted by units sold); Carrefour Poland: #8 in 'Wyposażenie domu > Domowe porządki > Mopy i szczotki' (most popular) | Fix Price 83 RUB, first product in 'Аксессуары для одежды' listing alongside refills; Action PL 'Zestaw rolek czyszczących/ przylepnych'; Action PL 'Rolki do czyszczenia ubrań' 3.99 zl; n11 washable lint roller 13 ratings | Fix Price RU 'Аксессуары для одежды' (83 RUB); n11 TR: washable lint roller 13 reviews, Wondercat 60-sheet roller, Titiz 12-pack 4 reviews (rating 4.0)"
29,88.8,Ranked in 3+ chains,"TEA, COFFEE & TABLE",Drinkware,Mugs,Novelty Mugs,Character / licensed printed mug,Kubek Hello Kitty,Action,Poland,9.95,PLN,4.4,140,#7 Fix Price Kazakhstan (Декор для дома > Товары для декора (Decor)); #14 Carrefour Poland (Wyposażenie domu > Kuchnia i jadalnia > Zastawa śniadaniowa); #23 n11 Turkey (n11 search: kupa),"Kazakhstan, Poland, Turkey",https://www.action.com/pl-pl/p/3219409/kubek-hello-kitty/,https://asset.action.com/image/upload/t_digital_product_image/w_1080/3219409_3664944719380-111_01_egnd1t.webp,"Fix Price Kazakhstan: #7 in 'Декор для дома > Товары для декора (Decor)' (popular first); Carrefour Poland: #14 in 'Wyposażenie domu > Kuchnia i jadalnia > Zastawa śniadaniowa' (most popular); n11 Turkey: #23 in 'n11 search: kupa' (best-selling) | Action PL 9.95 zl (300 ml, 4 designs); Action also sells 'Kubek 3D' 17.95 zl, 'Kubek na Halloween' 12.95 zl, 'Kubek swiateczny' 14.95 zl - seasonal/novelty mugs are a recurring line; Kaspi: 'Набор кружек с принтом Coffee'"
30,88.7,Ranked in 3+ chains,HOUSEHOLD CLEANING,Sponges & Scourers,Dish sponges,Shaped sponges,Profiled grip dish sponges,"Губка для мытья посуды профильная, BonHome, 5 шт.",Fix Price,Russia,69,RUB,1.39,6,#2 n11 Turkey (n11 search: bulaşık süngeri); #5 Carrefour Poland (Wyposażenie domu > Domowe porządki > Rękawiczki i ścierki); #10 Fix Price Russia (Для дома > Для кухни (Kitchen)); #42 Fix Price Kazakhstan (Для дома > Для уборки (Cleaning)),"Kazakhstan, Poland, Russia, Turkey",https://fix-price.com/catalog/dlya-doma/tovary-dlya-uborki/p-5026182-gubka-dlya-mytya-posudy-profilnaya-onome-5-sht,https://img.fix-price.com/insecure/rs:fit:800:800/plain/pim/images/_default_upload_bucket/ebec7635ae41e74aad17c223fec24324.jpg,n11 Turkey: #2 in 'n11 search: bulaşık süngeri' (best-selling); Carrefour Poland: #5 in 'Wyposażenie domu > Domowe porządki > Rękawiczki i ścierki' (most popular); Fix Price Russia: #10 in 'Для дома > Для кухни (Kitchen)' (sorted by units sold); Fix Price Kazakhstan: #42 in 'Для дома > Для уборки (Cleaning)' (popular first) | Fix Price RU & KZ 'Для уборки' (69 RUB); n11 TR: Vileda Ultra Çizmez Oluklu (grooved) sponge 2x2 6 reviews
31,88.7,Ranked in 3+ chains,"LAUNDRY, BATH & WARDROBE",Bath,Shower,Shower fittings,Handheld shower head with hose set,"Лейка для душа со шлангом, Bath Republic, 1,5 м",Fix Price,Russia,299,RUB,6.0,50,#2 n11 Turkey (n11 search: duş başlığı); #3 Fix Price Kazakhstan (Для дома > Для ванной (Bathroom)); #5 Fix Price Russia (Для дома > Для ванной (bathroom)),"Kazakhstan, Poland, Russia, Turkey",https://fix-price.com/catalog/dlya-doma/p-5032084-leyka-dlya-dusha-so-shlangom-ath-epublic-15-m,https://img.fix-price.com/insecure/rs:fit:800:800/plain/bit/_marketplace/images/origin/ee/ee167899566d76bc97fabb2c6b98f92a.jpg,"n11 Turkey: #2 in 'n11 search: duş başlığı' (best-selling); Fix Price Kazakhstan: #3 in 'Для дома > Для ванной (Bathroom)' (popular first); Fix Price Russia: #5 in 'Для дома > Для ванной (bathroom)' (sorted by units sold) | Fix Price 299 RUB, 3 spray modes (category 'Для ванной'); Action PL 'Głowica prysznicowa Cascata' 17.95 zl; n11 Gediz 5-function head+spiral hose 50 ratings"
32,88.1,Ranked in 3+ chains,HOUSEHOLD CLEANING,Toilet & Drain Tools,Toilet brushes,Brush with holder,Toilet brush with closed holder,"Комплект для туалета закрытый, в ассортименте",Fix Price,Russia,149,RUB,2.99,4,#3 Fix Price Russia (Для дома > Для ванной (bathroom)); #4 Fix Price Kazakhstan (Для дома > Для ванной (Bathroom)); #6 Carrefour Poland (Wyposażenie domu > Łazienka (all)),"Kazakhstan, Poland, Russia, Turkey",https://fix-price.com/catalog/dlya-doma/p-5031103-komplekt-dlya-tualeta-zakrytyy-v-assortimente,https://img.fix-price.com/insecure/rs:fit:800:800/plain/bit/_marketplace/images/origin/f1/f167547f3be8d906d5ee8155fb1e8ce4.jpg,"Fix Price Russia: #3 in 'Для дома > Для ванной (bathroom)' (sorted by units sold); Fix Price Kazakhstan: #4 in 'Для дома > Для ванной (Bathroom)' (popular first); Carrefour Poland: #6 in 'Wyposażenie domu > Łazienka (all)' (most popular) | Fix Price RU 'Для ванной' (6+ toilet brush/set SKUs: closed, corner, Liberte, Home Time 37/39 cm); n11 TR: İndecor toilet brush set (4 reviews), Cleova set | Fix Price 299 RUB brush+stand set; 4 toilet-brush SKUs in 'Для ванной' listing; Action PL brush with holder from 2.99 zl, 5 SKUs in 'Akcesoria łazienkowe'"
33,88.0,Ranked in 3+ chains,HOME ESSENTIALS & DIY,Tools,Hand Tools,Cable management,"Cable ties (nylon zip ties), pack",Siyah Plastik Cırt Kelepçe 3.6mm-30cm Kablo Bağı Elektrik Kablosu,n11,Turkey,149.99,TRY,5.22,33,#7 Carrefour Poland (Wyposażenie domu > Oświetlenie (all)); #13 Fix Price Russia (Для дома > Для ремонта (repair / tools / hardware)); #16 Fix Price Kazakhstan (Для дома > Для ремонта (Repair / tools)),"Kazakhstan, Poland, Russia, Turkey",https://www.n11.com/urun/siyah-plastik-cirt-kelepce-36mm-30cm-kablo-bagi-elektrik-kablosu-74280195,https://n11scdn.akamaized.net/a1/400_570/14/27/25/23/IMG-3742724073537519274.png,"Carrefour Poland: #7 in 'Wyposażenie domu > Oświetlenie (all)' (most popular); Fix Price Russia: #13 in 'Для дома > Для ремонта (repair / tools / hardware)' (sorted by units sold); Fix Price Kazakhstan: #16 in 'Для дома > Для ремонта (Repair / tools)' (popular first) | n11 149.99 TL (search listing), 33 ratings 5.0 / 31 reviews, category Kablo Baglari; Fix Price Master Hand cable ties 60 pcs, assorted ties and reusable ties 50 pcs"
34,88.0,Ranked in 2 chains,HOME ESSENTIALS & DIY,Tools,Hand Tools,Screwdrivers,Household screwdriver set (flat + Phillips),Zestaw śrubokrętów Werckmann,Action,Poland,8.49,PLN,3.75,1345,#1 Fix Price Kazakhstan (Для дома > Для ремонта (Repair / tools)); #18 Fix Price Russia (Для дома > Для ремонта (repair / tools / hardware)),"Kazakhstan, Poland, Russia, Turkey",https://www.action.com/pl-pl/p/3215284/zestaw-srubokretow-werckmann/,https://asset.action.com/image/upload/t_digital_product_image/w_1920/38064396.webp,"Fix Price Kazakhstan: #1 in 'Для дома > Для ремонта (Repair / tools)' (popular first); Fix Price Russia: #18 in 'Для дома > Для ремонта (repair / tools / hardware)' (sorted by units sold) | Action PL 8.49 zl (6 pcs), plus VDE 9-pc set 29.90 zl; Fix Price Master Hand screwdriver set 2 pcs; n11: Depomega 25-pc magnetic screwdriver set 1,345 reviews"
35,87.3,Ranked in 3+ chains,HOME ESSENTIALS & DIY,Fixing & Hanging,Furniture & Door Accessories,Floor protection,Self-adhesive furniture felt pads,Ochraniacze na nogi krzesełek,Action,Poland,6.49,PLN,2.87,33,#31 Fix Price Kazakhstan (Для дома > Хозяйственные мелочи (Household sundries)); #35 Fix Price Russia (Для дома > Хозяйственные мелочи (household sundries)); #65 Carrefour Poland (Dom i ogród > Remont i warsztat (all)),"Kazakhstan, Poland, Russia, Turkey",https://www.action.com/pl-pl/p/3221237/ochraniacze-na-nogi-krzesel/,https://asset.action.com/image/upload/t_digital_product_image/w_1920/3221237_8715342054520-111_01_elf6fj.webp,Fix Price Kazakhstan: #31 in 'Для дома > Хозяйственные мелочи (Household sundries)' (popular first); Fix Price Russia: #35 in 'Для дома > Хозяйственные мелочи (household sundries)' (sorted by units sold); Carrefour Poland: #65 in 'Dom i ogród > Remont i warsztat (all)' (most popular) | Action PL 6.49 zl; Fix Price Master Hand furniture pads set 39 pcs; n11: self-adhesive round felt pads 50-pack 33 reviews
36,87.2,Ranked in 3+ chains,FOOD STORAGE & DRINKWARE-TO-GO,Food containers,Plastic containers,Freezer containers,"Small freezer containers, multipack (16-24 pcs)",Porsima 1046 No-Frost Saklama Kabı Beyaz 16'lı,n11,Turkey,370.21,TRY,12.88,590,#2 n11 Turkey (n11 search: kavanoz); #6 Carrefour Poland (Wyposażenie domu > Kuchnia i jadalnia > Przechowywanie żywności); #43 Fix Price Russia (Для дома > Для ванной (bathroom)),"Kazakhstan, Poland, Russia, Turkey",https://www.n11.com/urun/porsima-1046-no-frost-saklama-kabi-beyaz-16li-50781848,https://n11scdn.akamaized.net/a1/400_570/11/71/00/60/IMG-5630272353466966089.jpg,"n11 Turkey: #2 in 'n11 search: kavanoz' (best-selling); Carrefour Poland: #6 in 'Wyposażenie domu > Kuchnia i jadalnia > Przechowywanie żywności' (most popular); Fix Price Russia: #43 in 'Для дома > Для ванной (bathroom)' (sorted by units sold) | n11: 102 reviews, 5.0/5 (product page; price 370.21 TL from n11 search listing); Kaspi KZ 'Набор контейнеров для заморозки 4 шт'; Fix Price 'Набор контейнеров для заморозки, Plast Team, 3 шт.'; Action PL 'Pojemniczki do przechowywania' 3 szt 4.49 zl"
37,87.2,Ranked in 3+ chains,"LAUNDRY, BATH & WARDROBE",Laundry,Garment care,Lint removal,Lint roller refills,"Сменные блоки для ролика, Home Time, 2 шт.",Fix Price,Russia,83,RUB,1.67,4,#1 Fix Price Kazakhstan (Для дома > Аксессуары для одежды (Clothes care)); #1 Fix Price Russia (Для дома > Аксессуары для одежды (clothes accessories)); #9 Carrefour Poland (Wyposażenie domu > Domowe porządki > Mopy i szczotki),"Kazakhstan, Poland, Russia, Turkey",https://fix-price.com/catalog/dlya-doma/p-5050012-smennye-bloki-dlya-rolika-ome-ime-2-sht,https://img.fix-price.com/insecure/rs:fit:800:800/plain/bit/_marketplace/images/origin/e9/e9fecb30570c4ff4b92bfcb09a8f81bd.jpg,"Fix Price Kazakhstan: #1 in 'Для дома > Аксессуары для одежды (Clothes care)' (popular first); Fix Price Russia: #1 in 'Для дома > Аксессуары для одежды (clothes accessories)' (sorted by units sold); Carrefour Poland: #9 in 'Wyposażenie domu > Domowe porządki > Mopy i szczotki' (most popular) | Fix Price 83 RUB, 2 x 40 sheets, first item in 'Аксессуары для одежды' listing; Action PL roller sets sold as multi-roll; n11 'Titiz Plastik Tüy Toplama Rulosu 12 Adet' 4 ratings | Fix Price RU (83 RUB, 2x40 sheets) sold next to roller; n11 TR: Ferplast 48-sheet roller refill listing"
38,87.1,Ranked in 3+ chains,HOUSEHOLD CLEANING,Window & Surface Tools,Window cleaning,Window washers,"Window washer with sponge & squeegee, telescopic",Окномойка с телескопической ручкой,Fix Price,Russia,199,RUB,3.99,2,#19 Carrefour Poland (Wyposażenie domu > Domowe porządki > Mopy i szczotki); #56 Fix Price Kazakhstan (Для дома > Для уборки (Cleaning)); #59 Fix Price Russia (Для дома > Для уборки (cleaning tools)),"Kazakhstan, Poland, Russia, Turkey",https://fix-price.com/catalog/dlya-doma/p-5044119-oknomoyka-s-teleskopicheskoy-ruchkoy,https://img.fix-price.com/insecure/rs:fit:800:800/plain/bit/_marketplace/images/origin/0e/0e64d4473703961d098da45906f150c8.jpg,Carrefour Poland: #19 in 'Wyposażenie domu > Domowe porządki > Mopy i szczotki' (most popular); Fix Price Kazakhstan: #56 in 'Для дома > Для уборки (Cleaning)' (popular first); Fix Price Russia: #59 in 'Для дома > Для уборки (cleaning tools)' (sorted by units sold) | Fix Price RU (2 SKUs: telescopic 199 RUB and 44 cm handle 99 RUB); n11 TR: telescopic window squeegee mop (Teleskopik Cam Temizleme ... Cam Silecek) 2 reviews
39,87.0,Ranked in 3+ chains,"LAUNDRY, BATH & WARDROBE",Bath,Bath safety,Bath mats (non-textile),Anti-slip PVC bath/shower mat,"Коврик антискользящий, Bath Republic, 65х120 см, в ассортименте",Fix Price,Russia,349,RUB,7.01,20,#4 n11 Turkey (n11 search: banyo paspası); #8 Fix Price Russia (Для дома > Для ванной (bathroom)); #12 Fix Price Kazakhstan (Для дома > Для ванной (Bathroom)),"Kazakhstan, Poland, Russia, Turkey",https://fix-price.com/catalog/dlya-doma/p-5035131-kovrik-antiskolzyaschiy-ath-epublic-65h120-sm-v-assortimente,https://img.fix-price.com/insecure/rs:fit:800:800/plain/bit/_marketplace/images/origin/02/022d6a825f705b1922c82a4b9dc37e5a.jpg,"n11 Turkey: #4 in 'n11 search: banyo paspası' (best-selling); Fix Price Russia: #8 in 'Для дома > Для ванной (bathroom)' (sorted by units sold); Fix Price Kazakhstan: #12 in 'Для дома > Для ванной (Bathroom)' (popular first) | Fix Price 349 RUB PVC (category 'Для ванной'); Action PL 'Antypoślizgowa mata' 24.99 zl; n11 suction non-slip shower mat 54x54 11 ratings | n11: 20 ratings, 4.5 stars, 299 TL, 36x70 cm, surfaced in top-4 of 'banyo paspası' search"
40,86.7,Ranked in 3+ chains,KITCHEN TOOLS,Peelers,Vegetable peelers,Straight/Y blade,Vegetable peeler,"Овощечистка, O'Kitchen, в ассортименте",Fix Price,Russia,79,RUB,1.59,56,#1 n11 Turkey (n11 search: soyacak); #20 Carrefour Poland (Wyposażenie domu > Kuchnia i jadalnia > Akcesoria kuchenne); #120 Fix Price Russia (Для дома > Для кухни (Kitchen)),"Poland, Russia, Turkey",https://fix-price.com/catalog/dlya-doma/p-5021663-ovoschechistka-itchen-v-assortimente,https://img.fix-price.com/insecure/rs:fit:800:800/plain/bit/_marketplace/images/origin/ad/adce4986ea1237f1af64f1f40c3b9269.JPG,"n11 Turkey: #1 in 'n11 search: soyacak' (best-selling); Carrefour Poland: #20 in 'Wyposażenie domu > Kuchnia i jadalnia > Akcesoria kuchenne' (most popular); Fix Price Russia: #120 in 'Для дома > Для кухни (Kitchen)' (sorted by units sold) | Fix Price 79 RUB; Fix Price kitchen category sorted 'popular first' (dlya-kukhni?sort=sold, 78 pages x 24): this SKU on page 5 AND page 6 (top ~150 of ~1,870), further peeler SKUs on pages 9, 11, 13 (x2), 14 - the most-duplicated tool type in the ranking; n11: '2 in 1' peeler 10 reviews, Solingen peeler 6 reviews, julienne peeler 6 reviews; n11: Solingen side+straight peeler 2-pack 56 reviews"
41,86.3,Ranked in 3+ chains,"COOK, BAKE & GRILL",Bakeware,Pastry tools,Cookie cutters,Cookie cutter set,Foremki do wykrawania (4 szt.),Action,Poland,3.99,PLN,1.76,1,#23 Fix Price Kazakhstan (Для дома > Для кухни (Kitchen)); #23 Carrefour Poland (Wyposażenie domu > Kuchnia i jadalnia > Akcesoria kuchenne); #49 Fix Price Russia (Для дома > Для кухни (Kitchen)),"Kazakhstan, Poland, Russia, Turkey",https://www.action.com/pl-pl/p/3219356/foremki-do-wykrawania/,https://asset.action.com/image/upload/t_digital_product_image/w_1920/3219356_8715275391235-111_01_mmddh4.webp,"Fix Price Kazakhstan: #23 in 'Для дома > Для кухни (Kitchen)' (popular first); Carrefour Poland: #23 in 'Wyposażenie domu > Kuchnia i jadalnia > Akcesoria kuchenne' (most popular); Fix Price Russia: #49 in 'Для дома > Для кухни (Kitchen)' (sorted by units sold) | Action PL at 3.99 zl (Formy do pieczenia); flip.kz: TORO cookie stamp set 1,580 KZT, Kazakh-ornament cutter set (1 review); n11 TR: 6-piece shaped cookie cutter set 89.90 TL"
42,86.0,Ranked in 3+ chains,KITCHEN TOOLS,Cooking utensils,Spatulas & turners,Nylon/plastic,Nylon turner (frying spatula),Szpatułka MasterChef,Action,Poland,6.49,PLN,2.87,10,#3 Carrefour Poland (Wyposażenie domu > Kuchnia i jadalnia > Akcesoria kuchenne); #86 Fix Price Kazakhstan (Для дома > Для кухни (Kitchen)); #171 Fix Price Russia (Для дома > Для кухни (Kitchen)),"Kazakhstan, Poland, Russia, Turkey",https://www.action.com/pl-pl/p/3219762/szpatulka-masterchef/,https://asset.action.com/image/upload/t_digital_product_image/w_1920/3219762_8721098348530-110_01_irjtt1.webp,"Carrefour Poland: #3 in 'Wyposażenie domu > Kuchnia i jadalnia > Akcesoria kuchenne' (most popular); Fix Price Kazakhstan: #86 in 'Для дома > Для кухни (Kitchen)' (popular first); Fix Price Russia: #171 in 'Для дома > Для кухни (Kitchen)' (sorted by units sold) | Action PL 6.49 zl (33 cm); Fix Price kitchen category sorted 'popular first' (fix-price.com/catalog/dlya-doma/dlya-kukhni?sort=sold): O'Kitchen лопатка кухонная 31.5 cm on page 11 of 78, 10+ лопатка SKUs across pages 8-18; n11: 4-pc steel kitchen set (ladle/skimmer/spatula/spoon) 10 reviews"
43,85.6,Ranked in 3+ chains,HOME ESSENTIALS & DIY,Home Devices,Clocks & Measuring,Weather & climate,Digital room thermometer-hygrometer,Probsuz Dijital Iç Veya Dış Sıcaklık Ölçer Ev Termometre - Higrom,n11,Turkey,104,TRY,3.62,57,"#21 n11 Turkey (n11 search: pil); #51 Fix Price Russia (Для дома > Электротовары (electrical: batteries, bulbs, lighting, power, mobile)); #53 Fix Price Kazakhstan (Для дома > Электротовары (Electrical))","Kazakhstan, Poland, Russia, Turkey",https://www.n11.com/urun/probsuz-dijital-ic-veya-dis-sicaklik-olcer-ev-termometre-higrom-54912661,https://n11scdn.akamaized.net/a1/400_570/10/44/01/24/IMG-8361671015379582794.jpg,"n11 Turkey: #21 in 'n11 search: pil' (best-selling); Fix Price Russia: #51 in 'Для дома > Электротовары (electrical: batteries, bulbs, lighting, power, mobile)' (sorted by units sold); Fix Price Kazakhstan: #53 in 'Для дома > Электротовары (Electrical)' (popular first) | n11 104 TL, 57 ratings / 51 reviews (category Termometreler); Fix Price FLARX room thermo-hygrometer in 'Электротовары'; Action PL wall clock with thermometer & hygrometer 24.95 zl"
44,85.6,Ranked in 2 chains,HOME ESSENTIALS & DIY,Tools,Hand Tools,Knives,Snap-off utility knife (box cutter) with spare blades,"Выдвижной нож, Master Hand, с запасными лезвиями, 3 шт., в ассортименте",Fix Price,Russia,99,RUB,1.99,148,#8 Fix Price Kazakhstan (Для дома > Для ремонта (Repair / tools)); #9 Fix Price Russia (Для дома > Для ремонта (repair / tools / hardware)),"Kazakhstan, Poland, Russia, Turkey",https://fix-price.com/catalog/dlya-doma/p-5001089-vydvijnoy-noj-aster-and-s-zapasnymi-lezviyami-3-sht-v-assortimente,https://img.fix-price.com/insecure/rs:fit:800:800/plain/pim/images/_default_upload_bucket/5001089_1_1.jpg,Fix Price Kazakhstan: #8 in 'Для дома > Для ремонта (Repair / tools)' (popular first); Fix Price Russia: #9 in 'Для дома > Для ремонта (repair / tools / hardware)' (sorted by units sold) | Fix Price 99 RUB; Action PL Werckmann snap-off knife set 11.99 zl and folding hobby knife 14.97 zl; n11: metal box cutter + 10 blades 148 reviews
45,85.4,Ranked in 3+ chains,"COOK, BAKE & GRILL",Bakeware,Oven dishes,Oven dish,Glass / ceramic oven baking dish,Naczynie do zapiekania Cook 'n Share 35 x 22 cm,Action,Poland,19.99,PLN,8.84,8,#1 Carrefour Poland (Wyposażenie domu > Kuchnia i jadalnia > Półmiski do piekarnika); #15 Fix Price Russia (Для дома > Для кухни (Kitchen)); #17 n11 Turkey (n11 search: tepsi); #30 Fix Price Kazakhstan (Для дома > Для кухни (Kitchen)),"Kazakhstan, Poland, Russia, Turkey",https://www.action.com/pl-pl/p/2569016/naczynie-do-zapiekania-cook-n-share/,https://asset.action.com/image/upload/t_digital_product_image/w_1920/26503017.webp,"Carrefour Poland: #1 in 'Wyposażenie domu > Kuchnia i jadalnia > Półmiski do piekarnika' (most popular); Fix Price Russia: #15 in 'Для дома > Для кухни (Kitchen)' (sorted by units sold); n11 Turkey: #17 in 'n11 search: tepsi' (best-selling); Fix Price Kazakhstan: #30 in 'Для дома > Для кухни (Kitchen)' (popular first) | Action PL: 4+ oven dishes in range (17.95-32.95 zl); flip.kz: Pasabahce/Borcam glass oven dish 4.68 stars at 1,418 KZT; Pepco PL porcelain baking dish"
46,85.3,Ranked in 3+ chains,HOUSEHOLD CLEANING,Brooms & Dustpans,Dustpan sets,Long-handled sets,Long-handled broom and dustpan set,"Щётка с совком, Home Time, 90 см",Fix Price,Russia,449,RUB,9.01,14,#30 Fix Price Russia (Для дома > Для уборки (cleaning tools)); #41 Fix Price Kazakhstan (Для дома > Для уборки (Cleaning)); #56 Carrefour Poland (Wyposażenie domu > Domowe porządki (all)),"Kazakhstan, Poland, Russia, Turkey",https://fix-price.com/catalog/dlya-doma/p-5044115-schtka-s-sovkom-ome-ime-90-sm,https://img.fix-price.com/insecure/rs:fit:800:800/plain/bit/_marketplace/images/origin/37/3787996ec5229eb9e7b93b4b9c7113bc.jpg,"Fix Price Russia: #30 in 'Для дома > Для уборки (cleaning tools)' (sorted by units sold); Fix Price Kazakhstan: #41 in 'Для дома > Для уборки (Cleaning)' (popular first); Carrefour Poland: #56 in 'Wyposażenie domu > Domowe porządki (all)' (most popular) | Fix Price RU & KZ 'Для уборки' (449 RUB, upright 90 cm set); n11 TR: Katlanabilir Ev Süpürge ve Faraş Seti 14 reviews; Mulpex long-handled faraş set listed"
47,85.2,Ranked in 3+ chains,HOUSEHOLD CLEANING,Window & Surface Tools,Scrapers,Hob scrapers,Glass / hob scraper with blades,Skrobak FACKELMANN 60140,Carrefour,Poland,22.59,PLN,9.98,7,#20 n11 Turkey (n11 search: bıçak seti); #24 Fix Price Kazakhstan (Для дома > Для ремонта (Repair / tools)); #25 Fix Price Russia (Для дома > Для ремонта (repair / tools / hardware)); #74 Carrefour Poland (Wyposażenie domu > Kuchnia i jadalnia > Akcesoria kuchenne),"Kazakhstan, Poland, Russia, Turkey",https://www.carrefour.pl/zakupy-niecodzienne/dom-i-ogrod/wyposazenie-domu/kuchnia-i-jadalnia/akcesoria-kuchenne-ul/skrobak-fackelmann-60140,https://www.carrefour.pl/images/product/350x350/skrobak-fackelmann-60140-htp1h6.jpg,n11 Turkey: #20 in 'n11 search: bıçak seti' (best-selling); Fix Price Kazakhstan: #24 in 'Для дома > Для ремонта (Repair / tools)' (popular first); Fix Price Russia: #25 in 'Для дома > Для ремонта (repair / tools / hardware)' (sorted by units sold); Carrefour Poland: #74 in 'Wyposażenie domu > Kuchnia i jadalnia > Akcesoria kuchenne' (most popular)
48,85.0,Ranked in 3+ chains,KITCHEN TOOLS,Graters & zesters,Graters,Flat paddle,Flat hand grater with handle,"Тёрка с ручкой, O'Kitchen, 23 см, в ассортименте",Fix Price,Russia,79,RUB,1.59,0,#21 n11 Turkey (n11 search: rende); #30 Carrefour Poland (Wyposażenie domu > Kuchnia i jadalnia > Akcesoria kuchenne); #67 Fix Price Kazakhstan (Для дома > Для кухни (Kitchen)); #122 Fix Price Russia (Для дома > Для кухни (Kitchen)),"Kazakhstan, Poland, Russia, Turkey",https://fix-price.com/catalog/dlya-doma/p-5021693-trka-s-ruchkoy-itchen-23-sm-v-assortimente,https://img.fix-price.com/insecure/rs:fit:800:800/plain/bit/_marketplace/images/origin/d5/d5fe4db942bfdfe062d5679996fce1f0.jpg,"n11 Turkey: #21 in 'n11 search: rende' (best-selling); Carrefour Poland: #30 in 'Wyposażenie domu > Kuchnia i jadalnia > Akcesoria kuchenne' (most popular); Fix Price Kazakhstan: #67 in 'Для дома > Для кухни (Kitchen)' (popular first); Fix Price Russia: #122 in 'Для дома > Для кухни (Kitchen)' (sorted by units sold) | Fix Price 79 RUB; Fix Price kitchen category sorted 'popular first' (dlya-kukhni?sort=sold, 78 pages x 24): this SKU on page 6 (top ~150), 23.5 cm variant on page 12; Fix Price also 'Тёрка плоская' SKU 5021329; Action PL: MasterChef 4-in-1 citrus squeezer with grater 9.95 zl"
49,85.0,Ranked in 3+ chains,DECOR & ORGANISATION,Storage & Organisation,Baskets,Plastic Baskets,"Plastic storage basket, open, small","Корзинка хозяйственная, 25х15х7 см, в ассортименте",Fix Price,Russia,39.5,RUB,0.79,0,"#5 Fix Price Russia (Сувениры и подарки > Подставки, шкатулки, светильники (trays, boxes, decorative lights)); #6 Fix Price Kazakhstan (Для дома > Организация хранения (Storage)); #13 Carrefour Poland (Wyposażenie domu > Łazienka (all))","Kazakhstan, Poland, Russia, Turkey",https://fix-price.com/catalog/dlya-doma/p-5069307-korzinka-hozyaystvennaya-25h15h7-sm-v-assortimente,https://img.fix-price.com/insecure/rs:fit:800:800/plain/pim/images/_default_upload_bucket/korzinka_anons.jpg,"Fix Price Russia: #5 in 'Сувениры и подарки > Подставки, шкатулки, светильники (trays, boxes, decorative lights)' (sorted by units sold); Fix Price Kazakhstan: #6 in 'Для дома > Организация хранения (Storage)' (popular first); Carrefour Poland: #13 in 'Wyposażenie domu > Łazienka (all)' (most popular) | Fix Price 'Организация хранения' lists 5+ small baskets (25x15x7, 30x20x10, 3.8 L, 2 L); Fix Price RU 39.50 RUB; Trendyol 'Plastik Düzenleyici Sepet' multiple sellers incl. 2- and 4-packs; Kaspi KZ universal plastic basket 31.5x17.8 cm"
50,85.0,Ranked in 3+ chains,DECOR & ORGANISATION,Home Fragrance & Candles,Candle Holders,Tealight Holders,Glass tealight holder,"Подсвечник ""Дэйзи"", в ассортименте",Fix Price,Russia,83,RUB,1.67,0,"#8 Fix Price Russia (Сувениры и подарки > Свечи, диффузоры, подсвечники (candles, diffusers, holders)); #19 Carrefour Poland (Wyposażenie domu > Przyjęcia i świece > Dekoracje); #70 Fix Price Kazakhstan (Декор для дома > Товары для декора (Decor))","Kazakhstan, Poland, Russia, Turkey",https://fix-price.com/catalog/suveniry-i-podarki/p-5230065-podsvechnik-deyzi-v-assortimente,https://img.fix-price.com/insecure/rs:fit:800:800/plain/pim/images/782bd3dc8402a5e78dcd88691ddcee23_41.JPG,"Fix Price Russia: #8 in 'Сувениры и подарки > Свечи, диффузоры, подсвечники (candles, diffusers, holders)' (sorted by units sold); Carrefour Poland: #19 in 'Wyposażenie domu > Przyjęcia i świece > Dekoracje' (most popular); Fix Price Kazakhstan: #70 in 'Декор для дома > Товары для декора (Decor)' (popular first) | Fix Price RU 83 RUB (glass, for tealight); Fix Price also lists glass holder 6x7x8 cm (124 RUB) and 49.50 RUB holder; Action PL category 'Świeczniki' lists 17 holders, tealight holders from 5.95-14.95 zl; n11 TR: Sumuhome clear glass tealight holder 109.99 TL"
51,85.0,Ranked in 3+ chains,DECOR & ORGANISATION,Storage & Organisation,Baskets,Plastic Baskets,Knit / rattan-effect plastic basket,Kosz do przechowywania Curver Knit (3 litry),Action,Poland,8.95,PLN,3.96,0,#20 Fix Price Russia (Для дома > Организация хранения (storage & organisation)); #26 Fix Price Kazakhstan (Для дома > Организация хранения (Storage)); #43 Carrefour Poland (Wyposażenie domu > Łazienka (all)),"Kazakhstan, Poland, Russia, Turkey",https://www.action.com/pl-pl/p/3205642/kosz-do-przechowywania-curver-knit/,https://asset.action.com/image/upload/t_digital_product_image/w_1920/3205642_3253924854724-110_01_suquw7.webp,"Fix Price Russia: #20 in 'Для дома > Организация хранения (storage & organisation)' (sorted by units sold); Fix Price Kazakhstan: #26 in 'Для дома > Организация хранения (Storage)' (popular first); Carrefour Poland: #43 in 'Wyposażenie domu > Łazienka (all)' (most popular) | Action PL 8.95 zl (3 L), 12.95 zl (9 L), 18.95 zl (19 L); Fix Price RU 'Корзинка ажурная с крышкой, 35х24х11,5 см' (openwork plastic); Trendyol category 'Saklama Kutusu | Plastik, Hasır ve Karton Kutular'"
52,84.4,Ranked in 3+ chains,FOOD STORAGE & DRINKWARE-TO-GO,Food containers,Plastic containers,Container sets,"Plastic food container set, 3-piece",Karaca Massimo 3'lü Saklama Kabı Seti Yeşil,n11,Turkey,437,TRY,15.21,137,#23 n11 Turkey (n11 search: kavanoz); #24 Fix Price Kazakhstan (Для дома > Для кухни (Kitchen)); #29 Carrefour Poland (Wyposażenie domu > Kuchnia i jadalnia > Przechowywanie żywności); #57 Fix Price Russia (Для дома > Организация хранения (storage & organisation)),"Kazakhstan, Poland, Russia, Turkey",https://www.n11.com/urun/karaca-massimo-3lu-saklama-kabi-seti-yesil-37501709,https://n11scdn.akamaized.net/a1/400_570/03/70/09/27/IMG-5750968869411744056.jpg,"n11 Turkey: #23 in 'n11 search: kavanoz' (best-selling); Fix Price Kazakhstan: #24 in 'Для дома > Для кухни (Kitchen)' (popular first); Carrefour Poland: #29 in 'Wyposażenie domu > Kuchnia i jadalnia > Przechowywanie żywności' (most popular); Fix Price Russia: #57 in 'Для дома > Организация хранения (storage & organisation)' (sorted by units sold) | n11: 137 reviews, 4.5/5 (product page); n11 search 'saklama kabı seti' lists it at 382.48 TL; Fix Price RU sells 'Набор контейнеров прямоугольных, 3 шт.' (133 RUB in page title); Action PL 'Komplet pojemników do przechowywania żywności' 3 el. 24.95 zl; Kaspi KZ many 3-7 pc sets"
53,84.3,Ranked in 3+ chains,HOME ESSENTIALS & DIY,Tools,Hand Tools,Glue guns,Hot glue gun with glue sticks,100watt Sıcak Silikon Tabancası 10 Adet Çubuk Slikon Çekme Eritme,n11,Turkey,367.99,TRY,12.81,124,#15 Fix Price Russia (Для дома > Для ремонта (repair / tools / hardware)); #19 Fix Price Kazakhstan (Для дома > Для ремонта (Repair / tools)); #48 Carrefour Poland (Dom i ogród > Remont i warsztat (all)),"Kazakhstan, Poland, Russia, Turkey",https://www.n11.com/urun/100watt-sicak-silikon-tabancasi-10-adet-cubuk-slikon-cekme-eritme-7114461,https://n11scdn.akamaized.net/a1/400_570/08/41/46/43/IMG-3973528070733193731.jpg,"Fix Price Russia: #15 in 'Для дома > Для ремонта (repair / tools / hardware)' (sorted by units sold); Fix Price Kazakhstan: #19 in 'Для дома > Для ремонта (Repair / tools)' (popular first); Carrefour Poland: #48 in 'Dom i ogród > Remont i warsztat (all)' (most popular) | n11 367.99 TL, 124 ratings / 81 reviews; n11 glue-stick 10-pack 23 reviews; Fix Price Master Hand rechargeable glue gun plus glue sticks 10 pcs 7x200 mm and 5 pcs 11x200 mm"
54,84.2,Ranked in 3+ chains,"LAUNDRY, BATH & WARDROBE",Bath,Bath accessories,Hooks,Self-adhesive towel/wall hook,Haczyk na ręcznik,Action,Poland,3.79,PLN,1.68,3,#4 n11 Turkey (n11 search: mutfak havlusu); #20 Carrefour Poland (Wyposażenie domu > Łazienka (all)); #30 Fix Price Russia (Для дома > Для ванной (bathroom)),"Poland, Russia, Turkey",https://www.action.com/pl-pl/p/2521958/haczyk-na-recznik/,https://asset.action.com/image/upload/t_digital_product_image/w_1920/2521958_8715062018314-110_01_jvsnen.webp,n11 Turkey: #4 in 'n11 search: mutfak havlusu' (best-selling); Carrefour Poland: #20 in 'Wyposażenie domu > Łazienka (all)' (most popular); Fix Price Russia: #30 in 'Для дома > Для ванной (bathroom)' (sorted by units sold) | Action PL 3.79 zl ('Akcesoria łazienkowe'); Pepco PL 'Samoprzylepne wieszaki bambusowe' 3-pack; n11 '5 Adet Şeffaf Güçlü Duvar Askısı Yapışkan ... Vantuz Kanca' 2 ratings
55,83.9,Ranked in 3+ chains,DECOR & ORGANISATION,Home Fragrance & Candles,Candles,Scented Candles,Scented candle in glass jar,"Свеча ароматическая в стакане, в ассортименте",Fix Price,Russia,229,RUB,4.6,0,"#11 Fix Price Russia (Сувениры и подарки > Свечи, диффузоры, подсвечники (candles, diffusers, holders)); #58 Carrefour Poland (Wyposażenie domu > Przyjęcia i świece > Świece i zapachy); #62 Fix Price Kazakhstan (Декор для дома > Товары для декора (Decor))","Kazakhstan, Poland, Russia, Turkey",https://fix-price.com/catalog/suveniry-i-podarki/p-5231189-svecha-aromaticheskaya-v-stakane-v-assortimente,https://img.fix-price.com/insecure/rs:fit:800:800/plain/bit/_marketplace/images/origin/b5/b5d8bbfc9646762554db383413ddaabd.jpg,"Fix Price Russia: #11 in 'Сувениры и подарки > Свечи, диффузоры, подсвечники (candles, diffusers, holders)' (sorted by units sold); Carrefour Poland: #58 in 'Wyposażenie domu > Przyjęcia i świece > Świece i zapachy' (most popular); Fix Price Kazakhstan: #62 in 'Декор для дома > Товары для декора (Decor)' (popular first) | Fix Price carries 9+ glass-jar scented candle SKUs (199-299 RUB, found via site search); Fix Price RU 229 RUB; Action PL: multiple 'Świeca zapachowa w szkle' SKUs incl. Candra own brand; Trendyol: many sellers, dedicated 'kavanoz mum' landing page; Kaspi KZ: category 'Свечи для дома' with jar candles"
56,83.4,Ranked in 3+ chains,HOUSEHOLD CLEANING,Mops & Floor Cleaning,Mops,Squeeze mops,Self-wringing sponge/twist mop,"Швабра с отжимом, Home Time, 120 см",Fix Price,Russia,349,RUB,7.01,133,#14 n11 Turkey (n11 search: mop); #53 Fix Price Kazakhstan (Для дома > Для уборки (Cleaning)); #55 Fix Price Russia (Для дома > Для уборки (cleaning tools)),"Kazakhstan, Poland, Russia, Turkey",https://fix-price.com/catalog/dlya-doma/p-5044111-shvabra-s-otjimom-ome-ime-120-sm,https://img.fix-price.com/insecure/rs:fit:800:800/plain/bit/_marketplace/images/origin/f5/f5dd8c44a31d657721e6ae4820390f19.jpg,"n11 Turkey: #14 in 'n11 search: mop' (best-selling); Fix Price Kazakhstan: #53 in 'Для дома > Для уборки (Cleaning)' (popular first); Fix Price Russia: #55 in 'Для дома > Для уборки (cleaning tools)' (sorted by units sold) | Fix Price RU (349 RUB, foam head with built-in wringer); Action PL: Mop do wykręcania z drążkiem teleskopowym Spargo"
57,83.3,Ranked in 2 chains,HOME ESSENTIALS & DIY,Electrical & Power,Lighting,Torches,LED pocket torch / flashlight,"Фонарик светодиодный, FLARX, 9,5 см, в ассортименте",Fix Price,Russia,99,RUB,1.99,288,"#12 Fix Price Russia (Для дома > Электротовары (electrical: batteries, bulbs, lighting, power, mobile)); #17 Fix Price Kazakhstan (Для дома > Электротовары (Electrical))","Kazakhstan, Poland, Russia, Turkey",https://fix-price.com/catalog/dlya-doma/p-5012087-fonarik-svetodiodnyy--95-sm-v-assortimente,https://img.fix-price.com/insecure/rs:fit:800:800/plain/pim/images/910bb70e3874db9c71a7698fa1a13ba5_43.jpg,"Fix Price Russia: #12 in 'Для дома > Электротовары (electrical: batteries, bulbs, lighting, power, mobile)' (sorted by units sold); Fix Price Kazakhstan: #17 in 'Для дома > Электротовары (Electrical)' (popular first) | Fix Price 99 RUB (9 LED, 3xAAA), plus laser-pointer torch and bag torch; Action PL rechargeable torch 19.95 zl; n11: Cata CT-8024 pocket LED torch 288 reviews"
58,83.0,Ranked in 3+ chains,"TEA, COFFEE & TABLE",Tea & Coffee Serving,Tea Cups,Cup & Saucer,Porcelain tea cup with saucer,Porcelanowa filiżanka i spodek,Action,Poland,14.95,PLN,6.61,74,#9 n11 Turkey (n11 search: çay bardağı); #33 Carrefour Poland (Wyposażenie domu > Kuchnia i jadalnia > Zastawa stołowa); #108 Fix Price Russia (Для дома > Для кухни (Kitchen)),"Kazakhstan, Poland, Russia, Turkey",https://www.action.com/pl-pl/p/3218989/porcelanowa-filizanka-i-spodek/,https://asset.action.com/image/upload/t_digital_product_image/w_1080/3218989_8721098347939-111_01_ed3sre.webp,"n11 Turkey: #9 in 'n11 search: çay bardağı' (best-selling); Carrefour Poland: #33 in 'Wyposażenie domu > Kuchnia i jadalnia > Zastawa stołowa' (most popular); Fix Price Russia: #108 in 'Для дома > Для кухни (Kitchen)' (sorted by units sold) | Action PL 14.95 zl (new bone porcelain, saucer doubles as strainer rest); Kaspi: 'Чайная пара, 220 мл, фарфор, 1 шт.'; Fix Price: 'Чашка чайная, O'Kitchen, 230 мл'; n11 TR: Karaca Vintage Rose cup & saucer 7 reviews"
59,82.8,Ranked in 3+ chains,HOME TEXTILES,Bath textiles,Bath mats,Textile bath mats,Anti-slip textile bath mat,"Коврик для ванной, Bath Republic, 80х50 см, в ассортименте",Fix Price,Russia,499,RUB,10.02,58,#3 Fix Price Kazakhstan (Для дома > Текстиль (Textiles)); #4 Fix Price Russia (Для дома > Для ванной (bathroom)); #6 n11 Turkey (n11 search: banyo paspası),"Belarus, Kazakhstan, Poland, Russia, Turkey",https://fix-price.com/catalog/dlya-doma/tekstil/p-5035223-kovrik-dlya-vannoy-ath-epublic-80h50-sm-v-assortimente,https://img.fix-price.com/insecure/rs:fit:800:800/plain/pim/images/1aea4a0a380b8d8d7752e173411d1e50.jpg,"Fix Price Kazakhstan: #3 in 'Для дома > Текстиль (Textiles)' (popular first); Fix Price Russia: #4 in 'Для дома > Для ванной (bathroom)' (sorted by units sold); n11 Turkey: #6 in 'n11 search: banyo paspası' (best-selling) | Fix Price RU 499 RUB, polyester/TPR 80x50 cm; same SKU listed by Fix Price KZ and BY; Action PL 'Mata łazienkowa' 29.95 zl (+5 other bath mats 17.95-39.95 zl); n11: 'Madame Coco Eze Banyo Paspası' 58 reviews; 'Bungari Rose Banyo Paspası' 24 reviews"
60,82.5,Ranked in 2 chains,HOME TEXTILES,Bath textiles,Towels,Hand towels,Terry hand towel (40x70 / 50x90),"Полотенце махровое 40х70, в ассортименте",Fix Price,Russia,174.5,RUB,3.5,190,#14 Fix Price Kazakhstan (Для дома > Текстиль (Textiles)); #20 Fix Price Russia (Для дома > Для ванной (bathroom)),"Belarus, Kazakhstan, Poland, Russia, Turkey",https://fix-price.com/catalog/dlya-doma/tekstil/p-5070727-polotentse-mahrovoe-40h70-v-assortimente,https://img.fix-price.com/insecure/rs:fit:800:800/plain/pim/images/f4316be91107c48e13fd87a06ccc0f9f_27.jpg,"Fix Price Kazakhstan: #14 in 'Для дома > Текстиль (Textiles)' (popular first); Fix Price Russia: #20 in 'Для дома > Для ванной (bathroom)' (sorted by units sold) | Fix Price RU 174.50 RUB, 100% cotton; same SKU listed by Fix Price KZ and BY; Action PL 'Ręcznik' 12.95 zl and 'Ręcznik Hotel Royal' 12.95 zl in 'Tekstylia łazienkowe' (64 products); n11: 'Polina 3'lü El&Yüz Havlu Seti' 190 reviews, 129 TL"
61,82.1,Ranked in 2 chains,HOME ESSENTIALS & DIY,Tools,Hand Tools,Measuring,Tape measure 5 m,"Рулетка, Master Hand, 5 м, в ассортименте",Fix Price,Russia,99,RUB,1.99,116,#6 Fix Price Kazakhstan (Для дома > Для ремонта (Repair / tools)); #10 Fix Price Russia (Для дома > Для ремонта (repair / tools / hardware)),"Kazakhstan, Russia, Turkey",https://fix-price.com/catalog/dlya-doma/dlya-remonta/p-5003013-ruletka-aster-and-5-m-v-assortimente,https://img.fix-price.com/insecure/rs:fit:800:800/plain/pim/images/7d1e6ec611436d3bb8fa42a435cad56b_44.jpg,"Fix Price Kazakhstan: #6 in 'Для дома > Для ремонта (Repair / tools)' (popular first); Fix Price Russia: #10 in 'Для дома > Для ремонта (repair / tools / hardware)' (sorted by units sold) | Fix Price 99 RUB ('Для ремонта'); n11: Ikon Tools 5 m tape measure 116 reviews, Trend Garaj 5 m 59 reviews"
62,82.0,Ranked in 3+ chains,HOUSEHOLD CLEANING,Sponges & Scourers,Scourers,Heavy-duty sponges,Heavy-duty scouring sponges (grill/pan),"Набор губок для сильных загрязнений, BonHome, 7 шт.",Fix Price,Russia,69,RUB,1.39,0,#8 Fix Price Kazakhstan (Для дома > Для кухни (Kitchen)); #9 Fix Price Russia (Для дома > Для кухни (Kitchen)); #78 Carrefour Poland (Wyposażenie domu > Kuchnia i jadalnia > Akcesoria kuchenne),"Kazakhstan, Poland, Russia",https://fix-price.com/catalog/dlya-doma/tovary-dlya-uborki/p-5026181-nabor-gubok-dlya-silnyh-zagryazneniy-onome-7-sht,https://img.fix-price.com/insecure/rs:fit:800:800/plain/pim/images/_default_upload_bucket/524b016745568e11c95e18248c887118.jpg,Fix Price Kazakhstan: #8 in 'Для дома > Для кухни (Kitchen)' (popular first); Fix Price Russia: #9 in 'Для дома > Для кухни (Kitchen)' (sorted by units sold); Carrefour Poland: #78 in 'Wyposażenie domu > Kuchnia i jadalnia > Akcesoria kuchenne' (most popular) | Fix Price RU & KZ 'Для уборки' (69 RUB); Action PL: Gąbki do mocnych zabrudzeń Spargo; Action PL: CleanRite Super Scrubby
63,82.0,Ranked in 3+ chains,"LAUNDRY, BATH & WARDROBE",Laundry,Drying,Pegs & lines,Clothesline rope,"Верёвка для белья, Home Time, 6 мм х 10 м, в ассортименте",Fix Price,Russia,83,RUB,1.67,0,#15 Carrefour Poland (Wyposażenie domu > Łazienka (all)); #24 Fix Price Russia (Для дома > Хозяйственные мелочи (household sundries)); #27 Fix Price Kazakhstan (Для дома > Хозяйственные мелочи (Household sundries)),"Kazakhstan, Poland, Russia",https://fix-price.com/catalog/dlya-doma/p-5063033-vervka-dlya-belya-ome-ime-6-mm-h-10-m-v-assortimente,https://img.fix-price.com/insecure/rs:fit:800:800/plain/bit/_marketplace/images/origin/dd/dd9c2ef25e5563f52b77278f2faae7ae.jpg,"Carrefour Poland: #15 in 'Wyposażenie domu > Łazienka (all)' (most popular); Fix Price Russia: #24 in 'Для дома > Хозяйственные мелочи (household sundries)' (sorted by units sold); Fix Price Kazakhstan: #27 in 'Для дома > Хозяйственные мелочи (Household sundries)' (popular first) | Fix Price 83 RUB, shown on first page of 'Хозяйственные мелочи'; Action PL 'Linka do ubrań z drutem stalowym – 20 m'; Kaspi: 'Набор Веревка бельевая с прищепками' and Home Time 20 m rope; Kaspi category 'Веревки'"
64,82.0,Ranked in 3+ chains,HOUSEHOLD CLEANING,Cleaning Brushes,Scrubbing brushes,Hand scrub brushes,Hand scrubbing brush,"Щётка хозяйственная, 14 см, в ассортименте",Fix Price,Russia,83,RUB,1.67,0,#3 Carrefour Poland (Wyposażenie domu > Domowe porządki > Mopy i szczotki); #58 Fix Price Russia (Для дома > Для уборки (cleaning tools)); #59 Fix Price Kazakhstan (Для дома > Для уборки (Cleaning)),"Kazakhstan, Poland, Russia",https://fix-price.com/catalog/dlya-doma/p-5044137-schtka-hozyaystvennaya-14-sm-v-assortimente,https://img.fix-price.com/insecure/rs:fit:800:800/plain/pim/images/f0f3ec2c5baf5faf2fbd63bcce3b17f9_25.jpg,"Carrefour Poland: #3 in 'Wyposażenie domu > Domowe porządki > Mopy i szczotki' (most popular); Fix Price Russia: #58 in 'Для дома > Для уборки (cleaning tools)' (sorted by units sold); Fix Price Kazakhstan: #59 in 'Для дома > Для уборки (Cleaning)' (popular first) | Fix Price RU (4 universal/household brush SKUs: 13, 14, 21 cm); Fix Price KZ: Щётка универсальная Home Time 21 см"
65,82.0,Ranked in 3+ chains,HOUSEHOLD CLEANING,Sponges & Scourers,Specialty sponges,Sponge cloths,Cellulose sponge cloths (Swedish dishcloth),"Салфетка целлюлозная, BonHome, 15х15 см, 5 шт., в ассортименте",Fix Price,Russia,87,RUB,1.75,0,#1 Carrefour Poland (Wyposażenie domu > Domowe porządki > Rękawiczki i ścierki); #21 Fix Price Russia (Для дома > Для уборки (cleaning tools)); #22 Fix Price Kazakhstan (Для дома > Для уборки (Cleaning)),"Kazakhstan, Poland, Russia",https://fix-price.com/catalog/dlya-doma/p-5040551-salfetka-tsellyuloznaya-onome-15h15-sm-5-sht-v-assortimente,https://img.fix-price.com/insecure/rs:fit:800:800/plain/bit/_marketplace/images/origin/87/87c6971251e2c161192641a1cb39fe8e.jpg,Carrefour Poland: #1 in 'Wyposażenie domu > Domowe porządki > Rękawiczki i ścierki' (most popular); Fix Price Russia: #21 in 'Для дома > Для уборки (cleaning tools)' (sorted by units sold); Fix Price Kazakhstan: #22 in 'Для дома > Для уборки (Cleaning)' (popular first) | Fix Price RU (3 cellulose-cloth SKUs incl. SOL 'Monochrome'); Fix Price KZ: cellulose cloth 2-pack & SOL 3-pack; Action PL: Ściereczki z gąbki Spargo 5szt
66,82.0,Ranked in 3+ chains,HOUSEHOLD CLEANING,Cleaning Cloths,All-purpose cloths,Viscose,"Viscose all-purpose cloths, multipack","Салфетки из вискозы, BonHome, 30х38 см, 10 шт.",Fix Price,Russia,87,RUB,1.75,0,#5 Fix Price Kazakhstan (Для дома > Для уборки (Cleaning)); #5 Carrefour Poland (Wyposażenie domu > Domowe porządki (all)); #12 Fix Price Russia (Для дома > Для уборки (cleaning tools)),"Kazakhstan, Poland, Russia",https://fix-price.com/catalog/dlya-doma/tovary-dlya-uborki/p-5040361-salfetki-iz-viskozy-onome-30h38-sm-10-sht,https://img.fix-price.com/insecure/rs:fit:800:800/plain/pim/images/_default_upload_bucket/38b7f0be7f435fb36725c3aae6c00e82.jpg,"Fix Price Kazakhstan: #5 in 'Для дома > Для уборки (Cleaning)' (popular first); Carrefour Poland: #5 in 'Wyposażenie domu > Domowe porządki (all)' (most popular); Fix Price Russia: #12 in 'Для дома > Для уборки (cleaning tools)' (sorted by units sold) | Fix Price RU & KZ (viscose SKUs: BonHome 10-pack, 20-pack, 'Просто Чисто' 40 sheets, 100-pack towels)"
67,82.0,Ranked in 3+ chains,"TEA, COFFEE & TABLE",Tableware,Plates,Dessert Plates,"Dessert plate, single, decorated",Talerzyk deserowy,Action,Poland,4.49,PLN,1.98,0,#9 Carrefour Poland (Wyposażenie domu > Kuchnia i jadalnia > Zastawa stołowa); #44 Fix Price Kazakhstan (Для дома > Для кухни (Kitchen)); #58 Fix Price Russia (Для дома > Для кухни (Kitchen)),"Kazakhstan, Poland, Russia",https://www.action.com/pl-pl/p/3223127/talerzyk-deserowy/,https://asset.action.com/image/upload/t_digital_product_image/w_1080/3223127_8712628702823-111_01_hs8nti.webp,"Carrefour Poland: #9 in 'Wyposażenie domu > Kuchnia i jadalnia > Zastawa stołowa' (most popular); Fix Price Kazakhstan: #44 in 'Для дома > Для кухни (Kitchen)' (popular first); Fix Price Russia: #58 in 'Для дома > Для кухни (Kitchen)' (sorted by units sold) | Action PL 4.49 zl (Ø16.5 cm, striped fruit motif, 3 colours); Action lists 4 single dessert-plate SKUs (4.49-12.95 zl); n11 TR: Karaca cup & plate listings"
68,82.0,Ranked in 3+ chains,HOUSEHOLD CLEANING,Cleaning Cloths,Floor cloths,Cotton floor cloth,Heavy cotton floor cloth,"Тряпка для пола повышенной плотности, BonHome, 80х100 см",Fix Price,Russia,99,RUB,1.99,0,#20 Fix Price Russia (Для дома > Для уборки (cleaning tools)); #26 Fix Price Kazakhstan (Для дома > Для уборки (Cleaning)); #30 Carrefour Poland (Wyposażenie domu > Domowe porządki > Rękawiczki i ścierki),"Kazakhstan, Poland, Russia",https://fix-price.com/catalog/dlya-doma/p-5040467-tryapka-dlya-pola-povyshennoy-plotnosti-onome-80h100-sm,https://img.fix-price.com/insecure/rs:fit:800:800/plain/bit/_marketplace/images/origin/77/77339659dd21fb39633e94a72d052438.jpg,"Fix Price Russia: #20 in 'Для дома > Для уборки (cleaning tools)' (sorted by units sold); Fix Price Kazakhstan: #26 in 'Для дома > Для уборки (Cleaning)' (popular first); Carrefour Poland: #30 in 'Wyposażenie domu > Domowe porządki > Rękawiczki i ścierki' (most popular) | Fix Price RU & KZ (99 RUB, 80% cotton); Action PL: Ścierka do podłóg z mikrofibry Spargo 50x60 (floor cloth in core range)"
69,82.0,Ranked in 3+ chains,HOUSEHOLD CLEANING,Buckets & Accessories,Basins,Plastic basins,Plastic washing-up basin (2.5-26 L),Miska okrągła z Wylewką Carrefour 2.5 l (mix),Carrefour,Poland,4.99,PLN,2.21,0,#11 Fix Price Russia (Для дома > Хозяйственные мелочи (household sundries)); #14 Fix Price Kazakhstan (Для дома > Хозяйственные мелочи (Household sundries)); #46 Carrefour Poland (Wyposażenie domu > Domowe porządki (all)),"Kazakhstan, Poland, Russia",https://www.carrefour.pl/zakupy-niecodzienne/dom-i-ogrod/wyposazenie-domu/domowe-porzadki/wiadra-i-miski/miska-okragla-z-wylewka-carrefour-2-5-l-mix,https://www.carrefour.pl/images/product/350x350/miska-okragla-z-wylewka-carrefour-2-5-l-mix-883thd.jpg,Fix Price Russia: #11 in 'Для дома > Хозяйственные мелочи (household sundries)' (sorted by units sold); Fix Price Kazakhstan: #14 in 'Для дома > Хозяйственные мелочи (Household sundries)' (popular first); Carrefour Poland: #46 in 'Wyposażenie domu > Domowe porządki (all)' (most popular)
70,82.0,Ranked in 3+ chains,FOOD STORAGE & DRINKWARE-TO-GO,Pantry storage,Dry-goods containers,Screw-lid containers,Round screw-lid plastic food container,"BranQ Pojemnik zakręcany RUKOLA 0,6L",Carrefour,Poland,5.15,PLN,2.28,0,#9 Carrefour Poland (Wyposażenie domu > Kuchnia i jadalnia > Przechowywanie żywności); #18 Fix Price Kazakhstan (Для дома > Для кухни (Kitchen)); #27 Fix Price Russia (Для дома > Для кухни (Kitchen)),"Kazakhstan, Poland, Russia",https://www.carrefour.pl/zakupy-niecodzienne/dom-i-ogrod/wyposazenie-domu/kuchnia-i-jadalnia/przechowywanie-zywnosci/branq-pojemnik-zakrecany-rukola-06l,https://www.carrefour.pl/images/product/350x350/pojemnik-rukkola-zakrecany-06l-bbrmo9.jpg,Carrefour Poland: #9 in 'Wyposażenie domu > Kuchnia i jadalnia > Przechowywanie żywności' (most popular); Fix Price Kazakhstan: #18 in 'Для дома > Для кухни (Kitchen)' (popular first); Fix Price Russia: #27 in 'Для дома > Для кухни (Kitchen)' (sorted by units sold)
71,82.0,Ranked in 3+ chains,FOOD STORAGE & DRINKWARE-TO-GO,Food containers,Plastic containers,Single containers,"Plastic food container with lid, single",Pojemnik na Żywność CURVER Fresh & Go Niebieski 0.8 l,Carrefour,Poland,5.99,PLN,2.65,0,#13 Carrefour Poland (Wyposażenie domu > Kuchnia i jadalnia > Przechowywanie żywności); #21 Fix Price Kazakhstan (Для дома > Для кухни (Kitchen)); #37 Fix Price Russia (Для дома > Для кухни (Kitchen)),"Kazakhstan, Poland, Russia",https://www.carrefour.pl/zakupy-niecodzienne/dom-i-ogrod/wyposazenie-domu/kuchnia-i-jadalnia/przechowywanie-zywnosci/pojemnik-na-zywnosc-curver-fresh-go-niebieski-0-8-l,https://www.carrefour.pl/images/product/350x350/pojemnik-curver-fresh-go-08-l-niebieski-182263-cunmq2.jpg,Carrefour Poland: #13 in 'Wyposażenie domu > Kuchnia i jadalnia > Przechowywanie żywności' (most popular); Fix Price Kazakhstan: #21 in 'Для дома > Для кухни (Kitchen)' (popular first); Fix Price Russia: #37 in 'Для дома > Для кухни (Kitchen)' (sorted by units sold)
72,82.0,Ranked in 3+ chains,"TEA, COFFEE & TABLE",Tableware,Bowls,Salad bowls,Salad / serving bowl (glass / porcelain / plastic),FLORINA SALATERKA BASIC 20cm,Carrefour,Poland,6.0,PLN,2.65,0,#3 Carrefour Poland (Wyposażenie domu > Kuchnia i jadalnia > Zastawa stołowa); #47 Fix Price Kazakhstan (Для дома > Для кухни (Kitchen)); #95 Fix Price Russia (Для дома > Для кухни (Kitchen)),"Kazakhstan, Poland, Russia",https://www.carrefour.pl/zakupy-niecodzienne/dom-i-ogrod/wyposazenie-domu/kuchnia-i-jadalnia/zastawa-stolowa/florina-salaterka-basic-20cm,https://www.carrefour.pl/images/product/350x350/miska-florentyna-basic-20-cm-3s9892-k1grvu.jpg,Carrefour Poland: #3 in 'Wyposażenie domu > Kuchnia i jadalnia > Zastawa stołowa' (most popular); Fix Price Kazakhstan: #47 in 'Для дома > Для кухни (Kitchen)' (popular first); Fix Price Russia: #95 in 'Для дома > Для кухни (Kitchen)' (sorted by units sold)
73,82.0,Ranked in 3+ chains,HOME ESSENTIALS & DIY,Household Consumables & Fire,Fire & Candles,Stove lighters,Long gas-stove lighter (piezo / refillable),Zapalarka piezoelektryczna LETSTRADE Zapalarka GH19 Niebieski,Carrefour,Poland,6.15,PLN,2.72,0,#10 Carrefour Poland (Wyposażenie domu > Kuchnia i jadalnia > Akcesoria kuchenne); #21 Fix Price Kazakhstan (Для дома > Хозяйственные мелочи (Household sundries)); #83 Fix Price Russia (Для дома > Для кухни (Kitchen)),"Kazakhstan, Poland, Russia",https://www.carrefour.pl/zakupy-niecodzienne/dom-i-ogrod/wyposazenie-domu/kuchnia-i-jadalnia/akcesoria-kuchenne-ul/zapalarka-piezoelektryczna-letstrade-zapalarka-gh19-niebieski-gh19,https://www.carrefour.pl/images/product/350x350/zapalarka-piezoelektryczna-letstrade-zapalarka-gh19-niebieski-gh19-dfanc1.jpg,Carrefour Poland: #10 in 'Wyposażenie domu > Kuchnia i jadalnia > Akcesoria kuchenne' (most popular); Fix Price Kazakhstan: #21 in 'Для дома > Хозяйственные мелочи (Household sundries)' (popular first); Fix Price Russia: #83 in 'Для дома > Для кухни (Kitchen)' (sorted by units sold)
74,82.0,Ranked in 3+ chains,HOUSEHOLD CLEANING,Buckets & Accessories,Buckets,Plastic buckets,Plastic bucket 10-12 L,"Ведро, 12 л, в ассортименте",Fix Price,Russia,174.5,RUB,3.5,0,#4 Carrefour Poland (Wyposażenie domu > Domowe porządki > Wiadra i miski); #6 Fix Price Russia (Для дома > Для ремонта (repair / tools / hardware)); #21 Fix Price Kazakhstan (Для дома > Для ремонта (Repair / tools)),"Kazakhstan, Poland, Russia",https://fix-price.com/catalog/dlya-doma/tovary-dlya-uborki/p-5069716-vedro-12-l-v-assortimente,https://img.fix-price.com/insecure/rs:fit:800:800/plain/pim/images/_default_upload_bucket/vedro_anons.jpg,Carrefour Poland: #4 in 'Wyposażenie domu > Domowe porządki > Wiadra i miski' (most popular); Fix Price Russia: #6 in 'Для дома > Для ремонта (repair / tools / hardware)' (sorted by units sold); Fix Price Kazakhstan: #21 in 'Для дома > Для ремонта (Repair / tools)' (popular first) | Fix Price RU & KZ (2 SKUs: 10 L and 12 L); Action PL: Plastikowe wiaderko
75,82.0,Ranked in 3+ chains,HOUSEHOLD CLEANING,Cleaning Cloths,All-purpose cloths,Non-woven roll,Reusable non-woven cloths on a roll,"Тряпки для уборки в рулоне, BonHome, 50 шт., в ассортименте",Fix Price,Russia,199,RUB,3.99,0,#3 Fix Price Russia (Для дома > Для уборки (cleaning tools)); #8 Carrefour Poland (Wyposażenie domu > Domowe porządki > Rękawiczki i ścierki); #9 Fix Price Kazakhstan (Для дома > Для уборки (Cleaning)),"Kazakhstan, Poland, Russia",https://fix-price.com/catalog/dlya-doma/p-5040588-tryapki-dlya-uborki-v-rulone-onome-50-sht-v-assortimente,https://img.fix-price.com/insecure/rs:fit:800:800/plain/bit/_marketplace/images/origin/ad/ad46921053b14ef90a497b5d833f8301.jpg,"Fix Price Russia: #3 in 'Для дома > Для уборки (cleaning tools)' (sorted by units sold); Carrefour Poland: #8 in 'Wyposażenie domu > Domowe porządki > Rękawiczki i ścierki' (most popular); Fix Price Kazakhstan: #9 in 'Для дома > Для уборки (Cleaning)' (popular first) | Fix Price RU & KZ (3 roll SKUs: 30, 50, 'Бамбук' 50); Action PL: Uniwersalna ścierka z włókniny; Action PL: Ścierki do czyszczenia XXL Spargo"
76,81.5,Ranked in 3+ chains,"LAUNDRY, BATH & WARDROBE",Laundry,Washing,Wash aids,Mesh laundry wash bag,"Мешок для стирки нижнего белья, Home Time, в ассортименте",Fix Price,Russia,69,RUB,1.39,0,#12 Carrefour Poland (Wyposażenie domu > Łazienka (all)); #13 Fix Price Kazakhstan (Для дома > Аксессуары для одежды (Clothes care)); #48 Fix Price Russia (Для дома > Хозяйственные мелочи (household sundries)),"Kazakhstan, Poland, Russia",https://fix-price.com/catalog/dlya-doma/p-5079276-meshok-dlya-stirki-nijnego-belya-ome-ime-v-assortimente,https://img.fix-price.com/insecure/rs:fit:800:800/plain/bit/_marketplace/images/origin/af/af8eed5d3dad4260c37165115da2bb6c.JPG,"Carrefour Poland: #12 in 'Wyposażenie domu > Łazienka (all)' (most popular); Fix Price Kazakhstan: #13 in 'Для дома > Аксессуары для одежды (Clothes care)' (popular first); Fix Price Russia: #48 in 'Для дома > Хозяйственные мелочи (household sundries)' (sorted by units sold) | Fix Price 69 RUB (listed in 'Аксессуары для одежды'); Action PL 'Woreczki do prania – 30 x 40 cm, 2 szt.'; Kaspi category 'Аксессуары для стирки белья' with many mesh bag SKUs (single, 3-pc, 6-pc sets)"
77,81.3,Ranked in 3+ chains,HOUSEHOLD CLEANING,Mops & Floor Cleaning,Mops,Spin mops,Spin mop and bucket set,"Швабра с ведром, Home Time, 115 см, 6,5 л",Fix Price,Russia,599,RUB,12.02,26,#13 Carrefour Poland (Wyposażenie domu > Domowe porządki > Mopy i szczotki); #18 n11 Turkey (n11 search: mop); #36 Fix Price Russia (Для дома > Для уборки (cleaning tools)); #47 Fix Price Kazakhstan (Для дома > Для уборки (Cleaning)),"Kazakhstan, Poland, Russia, Turkey",https://fix-price.com/catalog/dlya-doma/p-5044147-shvabra-s-vedrom-ome-ime-115-sm-65-l,https://img.fix-price.com/insecure/rs:fit:800:800/plain/bit/_marketplace/images/origin/22/221dde887715d23b374e3585419f61f8.jpg,"Carrefour Poland: #13 in 'Wyposażenie domu > Domowe porządki > Mopy i szczotki' (most popular); n11 Turkey: #18 in 'n11 search: mop' (best-selling); Fix Price Russia: #36 in 'Для дома > Для уборки (cleaning tools)' (sorted by units sold); Fix Price Kazakhstan: #47 in 'Для дома > Для уборки (Cleaning)' (popular first) | Fix Price RU & KZ (599 RUB, spin wringer bucket); Action PL: Vileda Easy Wring & Clean set; Action PL: mop + collapsible bucket set"
78,81.1,Ranked in 3+ chains,FOOD STORAGE & DRINKWARE-TO-GO,Drinkware to go,Travel mugs,Thermo mugs,Stainless steel travel mug (thermo mug),Термокружка 15224021_221431893 0.51 л черный,Kaspi,Kazakhstan,2990,KZT,11.41,23,#1 Carrefour Poland (Wyposażenie domu > Kuchnia i jadalnia > Przechowywanie żywności); #4 n11 Turkey (n11 search: termos); #28 Fix Price Kazakhstan (Для дома > Для кухни (Kitchen)); #31 Fix Price Russia (Для дома > Для кухни (Kitchen)),"Kazakhstan, Poland, Russia, Turkey",https://kaspi.kz/shop/p/termokruzhka-15224021-221431893-0-51-l-chernyi-117849562/,https://resources.cdn-kaspi.kz/img/m/p/hc3/h39/85556762116126.png?format=gallery-large,Carrefour Poland: #1 in 'Wyposażenie domu > Kuchnia i jadalnia > Przechowywanie żywności' (most popular); n11 Turkey: #4 in 'n11 search: termos' (best-selling); Fix Price Kazakhstan: #28 in 'Для дома > Для кухни (Kitchen)' (popular first); Fix Price Russia: #31 in 'Для дома > Для кухни (Kitchen)' (sorted by units sold) | Kaspi: category Термосы и термокружки; Action PL 'Kubek termos do kawy na wynos' 430 ml 8.95 zl; n11 TR Stanley AeroLight Transit 0.47 l 23 reviews
79,81.1,Ranked in 3+ chains,"TEA, COFFEE & TABLE",Tableware,Plates,Soup plates,"Soup / deep plate, single (20-24 cm)",Talerz głęboki FLORENTYNA Parma 23 x 23 cm 3T5099,Carrefour,Poland,10.29,PLN,4.55,0,#7 Carrefour Poland (Wyposażenie domu > Kuchnia i jadalnia > Zastawa stołowa); #72 Fix Price Kazakhstan (Для дома > Для кухни (Kitchen)); #86 Fix Price Russia (Для дома > Для кухни (Kitchen)),"Kazakhstan, Poland, Russia",https://www.carrefour.pl/zakupy-niecodzienne/dom-i-ogrod/wyposazenie-domu/kuchnia-i-jadalnia/zastawa-stolowa/talerz-gleboki-florentyna-parma-23-x-23-cm-3t5099,https://www.carrefour.pl/images/product/350x350/talerz-gleboki-florentyna-parma-23-x-23-cm-3t5099-t17aog.jpg,Carrefour Poland: #7 in 'Wyposażenie domu > Kuchnia i jadalnia > Zastawa stołowa' (most popular); Fix Price Kazakhstan: #72 in 'Для дома > Для кухни (Kitchen)' (popular first); Fix Price Russia: #86 in 'Для дома > Для кухни (Kitchen)' (sorted by units sold)
80,81.0,Ranked in 3+ chains,KITCHEN TOOLS,Cutting & slicing tools,Kitchen scissors,General purpose,Kitchen scissors,"Ножницы кухонные, O'Kitchen, в ассортименте",Fix Price,Russia,79,RUB,1.59,127,#65 Fix Price Kazakhstan (Для дома > Для кухни (Kitchen)); #82 Fix Price Russia (Для дома > Для кухни (Kitchen)); #165 Carrefour Poland (Wyposażenie domu > Kuchnia i jadalnia > Akcesoria kuchenne),"Kazakhstan, Poland, Russia, Turkey",https://fix-price.com/catalog/dlya-doma/p-5021668-nojnitsy-kuhonnye-itchen-v-assortimente,https://img.fix-price.com/insecure/rs:fit:800:800/plain/bit/_marketplace/images/origin/a2/a225c549bbd64eda3293a77ae88a8ae0.jpg,"Fix Price Kazakhstan: #65 in 'Для дома > Для кухни (Kitchen)' (popular first); Fix Price Russia: #82 in 'Для дома > Для кухни (Kitchen)' (sorted by units sold); Carrefour Poland: #165 in 'Wyposażenie domu > Kuchnia i jadalnia > Akcesoria kuchenne' (most popular) | Fix Price 79 RUB; Fix Price kitchen category sorted 'popular first' (dlya-kukhni?sort=sold, 78 pages x 24): 'Ножницы, O'Kitchen' on page 4 (top ~96) and this SKU on page 8; n11: multi-purpose kitchen scissors 13 reviews, Karaca knife+scissors set 127 reviews; Action PL: DAY scissors set 7.95 zl"
81,81.0,Ranked in 2 chains,HOME TEXTILES,Table linen,Tablecloths,Table protectors,Clear PVC table protector sheet,Przezroczysta cerata na stół,Action,Poland,17.95,PLN,7.93,646,#12 Fix Price Russia (Для дома > Хозяйственные мелочи (household sundries)); #17 Fix Price Kazakhstan (Для дома > Хозяйственные мелочи (Household sundries)),"Kazakhstan, Poland, Russia, Turkey",https://www.action.com/pl-pl/p/2573196/przezroczysta-cerata-na-stol/,https://asset.action.com/image/upload/t_digital_product_image/w_1080/32172421.webp,"Fix Price Russia: #12 in 'Для дома > Хозяйственные мелочи (household sundries)' (sorted by units sold); Fix Price Kazakhstan: #17 in 'Для дома > Хозяйственные мелочи (Household sundries)' (popular first) | Action PL 17.95 zl (-21% from 22.95), transparent plastic 140x250 cm; n11: 'Ceren Muşamba Şeffaf 1.4 MM Kalın Pvc Kaymaz Masa Örtüsü' 646 reviews, 324 TL; 'Şeffaf Pvc 3.5 MM Kalın Masa Örtüsü' 541 reviews"
82,80.9,Ranked in 3+ chains,HOME ESSENTIALS & DIY,Fixing & Hanging,Adhesives & Tapes,Tapes,Duct / reinforced repair tape,Klejąca taśma naprawcza 3M,Action,Poland,8.47,PLN,3.74,0,#25 Carrefour Poland (Dom i ogród > Remont i warsztat (all)); #29 Fix Price Kazakhstan (Для дома > Для ремонта (Repair / tools)); #38 Fix Price Russia (Для дома > Хозяйственные мелочи (household sundries)),"Kazakhstan, Poland, Russia",https://www.action.com/pl-pl/p/3210681/klejaca-tasma-naprawcza-3m/,https://asset.action.com/image/upload/t_digital_product_image/w_1920/36570037.webp,"Carrefour Poland: #25 in 'Dom i ogród > Remont i warsztat (all)' (most popular); Fix Price Kazakhstan: #29 in 'Для дома > Для ремонта (Repair / tools)' (popular first); Fix Price Russia: #38 in 'Для дома > Хозяйственные мелочи (household sundries)' (sorted by units sold) | Action PL 8.47 zl (50 mm x 25 m), plus TCX DIY repair tape; Fix Price reinforced tape 48 mm x 10 m and waterproofing tape Master Hand 50 mm x 2 m"
83,80.8,Ranked in 3+ chains,"LAUNDRY, BATH & WARDROBE",Wardrobe,Storage,Garment storage,Zip garment bag / suit cover,TAKIM ELBİSE KILIFI 5 ADET FERMUARLI GAMBOÇ Siyah,n11,Turkey,299.9,TRY,10.44,20,#21 Fix Price Russia (Для дома > Организация хранения (storage & organisation)); #22 Fix Price Kazakhstan (Для дома > Организация хранения (Storage)); #68 Carrefour Poland (Wyposażenie domu > Łazienka (all)),"Kazakhstan, Poland, Russia, Turkey",https://www.n11.com/urun/takim-elbise-kilifi-5-adet-fermuarli-gamboc-siyah-34366262,https://n11scdn.akamaized.net/a1/400_570/09/47/65/91/IMG-7626690388295122852.jpg,"Fix Price Russia: #21 in 'Для дома > Организация хранения (storage & organisation)' (sorted by units sold); Fix Price Kazakhstan: #22 in 'Для дома > Организация хранения (Storage)' (popular first); Carrefour Poland: #68 in 'Wyposażenie domu > Łazienka (all)' (most popular) | n11: 16 ratings 4.5/5 (299.90 TL for 5 in search listing), category Dolapiçi Düzenleyiciler; sister SKU 'Abiye Elbise Kılıfı 5 Adet' 20 ratings; Serstil 5-pack 2 ratings"
84,80.6,Ranked in 3+ chains,KITCHEN TOOLS,Cutting boards,Plastic boards,Small,Small plastic cutting board,Antybakteryjna deska do krojenia Redstone,Action,Poland,4.49,PLN,1.98,24,#40 Fix Price Russia (Для дома > Для кухни (Kitchen)); #61 Fix Price Kazakhstan (Для дома > Для кухни (Kitchen)); #142 Carrefour Poland (Wyposażenie domu > Kuchnia i jadalnia > Akcesoria kuchenne),"Kazakhstan, Poland, Russia, Turkey",https://www.action.com/pl-pl/p/3016470/antybakteryjna-deska-do-krojenia-redstone/,https://asset.action.com/image/upload/t_digital_product_image/w_1920/3016470_8718964179787-110_01_r7uc3p.webp,"Fix Price Russia: #40 in 'Для дома > Для кухни (Kitchen)' (sorted by units sold); Fix Price Kazakhstan: #61 in 'Для дома > Для кухни (Kitchen)' (popular first); Carrefour Poland: #142 in 'Wyposażenie domu > Kuchnia i jadalnia > Akcesoria kuchenne' (most popular) | Action PL 4.49 zl (24x15 cm); Fix Price kitchen category sorted 'popular first' (fix-price.com/catalog/dlya-doma/dlya-kukhni?sort=sold): 'Доска разделочная, 20х31 см' on page 2 of 78 (top ~48 kitchen SKUs) and two Ханпласт boards on page 2; n11: Türkay PE board 24 reviews, 14x24 cm plastic board listed; Kaspi: DOMKOFF plastic board"
85,80.6,Ranked in 3+ chains,HOUSEHOLD CLEANING,Cleaning Brushes,Dish brushes,Handled dish brushes,Dish brush with long handle,"Щётка для посуды, Home Time, 27 см, в ассортименте",Fix Price,Russia,79,RUB,1.59,2,#6 n11 Turkey (n11 search: bulaşık süngeri); #34 Carrefour Poland (Wyposażenie domu > Kuchnia i jadalnia > Akcesoria kuchenne); #80 Fix Price Russia (Для дома > Для уборки (cleaning tools)),"Kazakhstan, Poland, Russia, Turkey",https://fix-price.com/catalog/dlya-doma/p-5041113-schtka-dlya-posudy-ome-ime-27-sm-v-assortimente,https://img.fix-price.com/insecure/rs:fit:800:800/plain/bit/_marketplace/images/origin/60/60d34f017d9eedb631fdfe7b44e84bf2.jpg,n11 Turkey: #6 in 'n11 search: bulaşık süngeri' (best-selling); Carrefour Poland: #34 in 'Wyposażenie domu > Kuchnia i jadalnia > Akcesoria kuchenne' (most popular); Fix Price Russia: #80 in 'Для дома > Для уборки (cleaning tools)' (sorted by units sold) | Fix Price RU & KZ (79 RUB); Action PL: Szczotka do mycia naczyń Spargo in 'Akcesoria do sprzątania'
86,80.6,Ranked in 2 chains,"LAUNDRY, BATH & WARDROBE",Bath,Shower,Shower curtains,PEVA shower curtain with rings,"Штора для ванной, Bath Republic, 180х180 см, в ассортименте",Fix Price,Russia,174.5,RUB,3.5,10,#8 Fix Price Kazakhstan (Для дома > Для ванной (Bathroom)); #10 Fix Price Russia (Для дома > Для ванной (bathroom)),"Kazakhstan, Poland, Russia, Turkey",https://fix-price.com/catalog/dlya-doma/p-5030042-shtora-dlya-vannoy-ath-epublic-180h180-sm-v-assortimente,https://img.fix-price.com/insecure/rs:fit:800:800/plain/bit/_marketplace/images/origin/d5/d57a4ffd24830190fb192721ce9325c8.jpg,"Fix Price Kazakhstan: #8 in 'Для дома > Для ванной (Bathroom)' (popular first); Fix Price Russia: #10 in 'Для дома > Для ванной (bathroom)' (sorted by units sold) | Fix Price 174.50 RUB incl. 12 rings, PEVA; two curtain SKUs in 'Для ванной'; Action PL 'Zasłona prysznicowa' 8.95 zl; n11 curtain sets with 12 C-rings (2-10 ratings) | Action PL 8.95 zl, 180x200 cm with 12 rings, antibacterial; Fix Price RU 'Штора для ванной, Bath Republic, 180х180 см' PVC with 12 rings (listed); n11: 'Evdy Duş Perdesi' 10 reviews; 'Nokta Desen Banyo Perdesi 180x200cm' 3 reviews"
87,80.5,Ranked in 3+ chains,HOME TEXTILES,Table linen,Placemats,Wipe-clean placemats,"Woven PVC placemat, rectangular",Tkana podkładka pod talerz,Action,Poland,3.39,PLN,1.5,0,#2 Carrefour Poland (Wyposażenie domu > Przyjęcia i świece > Obrusy i maty); #29 Fix Price Russia (Для дома > Для кухни (Kitchen)); #39 Fix Price Kazakhstan (Для дома > Для кухни (Kitchen)),"Kazakhstan, Poland, Russia, Turkey",https://www.action.com/pl-pl/p/2546556/tkana-podkladka-pod-talerz/,https://asset.action.com/image/upload/t_digital_product_image/w_1080/2546556_8714333024368-111_01_wlwhz9.webp,"Carrefour Poland: #2 in 'Wyposażenie domu > Przyjęcia i świece > Obrusy i maty' (most popular); Fix Price Russia: #29 in 'Для дома > Для кухни (Kitchen)' (sorted by units sold); Fix Price Kazakhstan: #39 in 'Для дома > Для кухни (Kitchen)' (popular first) | Action PL 3.39 zl, 45x30 cm PVC/polyester, water-resistant, reversible, 4 colours; n11: 'Perotti Bready Hasır Görünümlü 6 Lı Amerikan Servis' 323 TL; Fix Price RU sells 'Сервировочная салфетка, 42х27 см'"
88,80.5,Ranked in 3+ chains,"TEA, COFFEE & TABLE",Tableware,Bowls,Snack Bowls,Small glass snack bowl,Miska,Action,Poland,4.49,PLN,1.98,0,#5 Carrefour Poland (Wyposażenie domu > Kuchnia i jadalnia > Dzbanki i karafki); #35 Fix Price Kazakhstan (Для дома > Для кухни (Kitchen)); #50 Fix Price Russia (Для дома > Для кухни (Kitchen)),"Kazakhstan, Poland, Russia, Turkey",https://www.action.com/pl-pl/p/3223577/miska/,https://asset.action.com/image/upload/t_digital_product_image/w_1080/3223577_8718885337969-111_01_rz0bu2.webp,"Carrefour Poland: #5 in 'Wyposażenie domu > Kuchnia i jadalnia > Dzbanki i karafki' (most popular); Fix Price Kazakhstan: #35 in 'Для дома > Для кухни (Kitchen)' (popular first); Fix Price Russia: #50 in 'Для дома > Для кухни (Kitchen)' (sorted by units sold) | Action PL 4.49 zl (Ø11.5 cm flower-shaped glass, for snacks/chocolate); Action also 'Miska Luminarc' Ø13 cm 3.49 zl, 'Miska Infinity' Ø10 cm 4.49 zl; Fix Price: 'Сухарница, Phibo' snack bowl; Trendyol has dedicated 'Cerezlik' (snack-bowl) category"
89,80.5,Ranked in 2 chains,HOME ESSENTIALS & DIY,Electrical & Power,Mobile & Charging,Audio,Wired in-ear earphones (3.5 mm / USB-C),"Наушники, FLARX, 115 см, в ассортименте",Fix Price,Russia,79,RUB,1.59,285,"#22 Fix Price Russia (Для дома > Электротовары (electrical: batteries, bulbs, lighting, power, mobile)); #28 Fix Price Kazakhstan (Для дома > Электротовары (Electrical))","Kazakhstan, Poland, Russia, Turkey",https://fix-price.com/catalog/dlya-doma/elektrotovary/p-5013083-naushniki--115-sm-v-assortimente,https://img.fix-price.com/insecure/rs:fit:800:800/plain/pim/images/_default_upload_bucket/5013083_kopia_jpg_345_0_62781800_1788187832.jpg,"Fix Price Russia: #22 in 'Для дома > Электротовары (electrical: batteries, bulbs, lighting, power, mobile)' (sorted by units sold); Fix Price Kazakhstan: #28 in 'Для дома > Электротовары (Electrical)' (popular first) | Fix Price 79 RUB; Action PL Philips in-ear jack/USB-C 22.95 zl, Philips sport in-ear 12.98 zl, Fresh'n Rebel 14.95 zl; n11: Samsung-compatible EHS61 in-ear 285 reviews"
90,80.4,Ranked in 2 chains,KITCHEN TOOLS,Graters & zesters,Graters,Box (4-sided),Box grater (4-sided),"Тёрка четырёхгранная, O'Kitchen, 20,5х9 см",Fix Price,Russia,116,RUB,2.33,124,#21 Carrefour Poland (Wyposażenie domu > Kuchnia i jadalnia > Akcesoria kuchenne); #88 Fix Price Kazakhstan (Для дома > Для кухни (Kitchen)),"Kazakhstan, Poland, Russia, Turkey",https://fix-price.com/catalog/dlya-doma/p-5021252-trka-chetyrhgrannaya-itchen-205h9-sm,https://img.fix-price.com/insecure/rs:fit:800:800/plain/bit/_marketplace/images/origin/50/509e390df34cb37890824d855850700c.jpg,"Carrefour Poland: #21 in 'Wyposażenie domu > Kuchnia i jadalnia > Akcesoria kuchenne' (most popular); Fix Price Kazakhstan: #88 in 'Для дома > Для кухни (Kitchen)' (popular first) | Fix Price 116 RUB; Fix Price kitchen category sorted 'popular first' (dlya-kukhni?sort=sold, 78 pages x 24): this SKU on page 13; six-sided grater on page 12; n11: 'Dört Yönlü Lüx Çelik Rende' 124 reviews"
91,79.5,Ranked in 3+ chains,"COOK, BAKE & GRILL",Cookware,Saucepans,Milk pan,Milk pan / small saucepan with handle (1-1.5 L),"Ковш «Зайцы» 1,5 л, эмалированная сталь",Flip.kz,Kazakhstan,3084,KZT,11.77,67,#5 Carrefour Poland (Wyposażenie domu > Kuchnia i jadalnia > Garnki); #19 n11 Turkey (n11 search: cezve); #137 Fix Price Russia (Для дома > Для кухни (Kitchen)),"Kazakhstan, Poland, Russia, Turkey",https://www.flip.kz/catalog?prod=2512433,https://s.f.kz/prod/2513/2512433_550.jpg,"Carrefour Poland: #5 in 'Wyposażenie domu > Kuchnia i jadalnia > Garnki' (most popular); n11 Turkey: #19 in 'n11 search: cezve' (best-selling); Fix Price Russia: #137 in 'Для дома > Для кухни (Kitchen)' (sorted by units sold) | flip.kz: 14 reviews, 5.0 stars, '100+ sold'; n11 TR: Nehir Maxi 1200 ml steel sütlük 67 ratings, Nehir Midi 28 ratings; Fix Price RU sells KALITVA 1.8 L ковш and 17 cm ковшик"
92,79.5,Ranked in 3+ chains,"COOK, BAKE & GRILL",Bakeware,Tins & trays,Deep baking tins,Rectangular metal baking / roasting tin (25-40 cm),MC BLACHA WYSOKA 30X25X6 NON STICK,Carrefour,Poland,18.49,PLN,8.17,1,#1 Carrefour Poland (Wyposażenie domu > Kuchnia i jadalnia > Formy do ciast); #21 n11 Turkey (n11 search: tepsi); #38 Fix Price Russia (Для дома > Для кухни (Kitchen)),"Poland, Russia, Turkey",https://www.carrefour.pl/zakupy-niecodzienne/dom-i-ogrod/wyposazenie-domu/kuchnia-i-jadalnia/formy-do-ciast-84/mc-blacha-wysoka-30x25x6-non-stick,https://www.carrefour.pl/images/product/350x350/mc-blacha-wysoka-30x25x6-non-stick-r6lr44.jpg,Carrefour Poland: #1 in 'Wyposażenie domu > Kuchnia i jadalnia > Formy do ciast' (most popular); n11 Turkey: #21 in 'n11 search: tepsi' (best-selling); Fix Price Russia: #38 in 'Для дома > Для кухни (Kitchen)' (sorted by units sold)
93,79.1,Ranked in 3+ chains,HOUSEHOLD CLEANING,Sponges & Scourers,Specialty sponges,Melamine,Melamine sponges (magic eraser),"Губки меламиновые, 8 шт.",Fix Price,Russia,99,RUB,1.99,37,#7 n11 Turkey (n11 search: bulaşık süngeri); #54 Fix Price Russia (Для дома > Для уборки (cleaning tools)); #65 Fix Price Kazakhstan (Для дома > Для уборки (Cleaning)),"Kazakhstan, Russia, Turkey",https://fix-price.com/catalog/dlya-doma/p-5025433-gubki-melaminovye-8-sht,https://img.fix-price.com/insecure/rs:fit:800:800/plain/bit/_marketplace/images/origin/6b/6bf3a8bcf0f8822bffaf331f19875cd5.jpg,"n11 Turkey: #7 in 'n11 search: bulaşık süngeri' (best-selling); Fix Price Russia: #54 in 'Для дома > Для уборки (cleaning tools)' (sorted by units sold); Fix Price Kazakhstan: #65 in 'Для дома > Для уборки (Cleaning)' (popular first) | Fix Price 'Для уборки' (99 RUB/8 pcs); n11 TR: Smartbee melamine XL 37 reviews, Mucize Nano Silgi 10-pack 33 reviews; Kaspi KZ: melamine abrasive sponge 3-pack listing"
94,78.4,Ranked in 3+ chains,HOUSEHOLD CLEANING,Mops & Floor Cleaning,Mops,Spray mops,Spray mop with refillable tank,"Швабра с распылителем, Home Time, 127 см",Fix Price,Russia,499,RUB,10.02,5,#12 n11 Turkey (n11 search: mop); #55 Carrefour Poland (Wyposażenie domu > Domowe porządki > Mopy i szczotki); #65 Fix Price Russia (Для дома > Для уборки (cleaning tools)); #74 Fix Price Kazakhstan (Для дома > Для уборки (Cleaning)),"Kazakhstan, Poland, Russia, Turkey",https://fix-price.com/catalog/dlya-doma/p-5044149-shvabra-s-raspylitelem-ome-ime-127-sm,https://img.fix-price.com/insecure/rs:fit:800:800/plain/bit/_marketplace/images/origin/55/5560809f288e8b1876f014e2fd02be31.jpg,n11 Turkey: #12 in 'n11 search: mop' (best-selling); Carrefour Poland: #55 in 'Wyposażenie domu > Domowe porządki > Mopy i szczotki' (most popular); Fix Price Russia: #65 in 'Для дома > Для уборки (cleaning tools)' (sorted by units sold); Fix Price Kazakhstan: #74 in 'Для дома > Для уборки (Cleaning)' (popular first) | Fix Price RU & KZ (499 RUB); Action PL: Mop z funkcją rozpylacza Spargo 500 ml
95,78.4,Ranked in 3+ chains,HOUSEHOLD CLEANING,Cleaning Brushes,Scrubbing brushes,Dispensing brushes,Soap-dispensing scrub brush,"Щётка с дозатором, Home Time, 17 см",Fix Price,Russia,59,RUB,1.18,22,#5 n11 Turkey (n11 search: bulaşık süngeri); #68 Fix Price Russia (Для дома > Для уборки (cleaning tools)); #89 Fix Price Kazakhstan (Для дома > Для уборки (Cleaning)),"Kazakhstan, Poland, Russia, Turkey",https://fix-price.com/catalog/dlya-doma/p-5041119-schtka-s-dozatorom-ome-ime-17-sm,https://img.fix-price.com/insecure/rs:fit:800:800/plain/bit/_marketplace/images/origin/71/71b362e6b410083771818ba151bb05f9.jpg,n11 Turkey: #5 in 'n11 search: bulaşık süngeri' (best-selling); Fix Price Russia: #68 in 'Для дома > Для уборки (cleaning tools)' (sorted by units sold); Fix Price Kazakhstan: #89 in 'Для дома > Для уборки (Cleaning)' (popular first) | Fix Price RU & KZ (59 RUB); Action PL: Szczotka do szorowania z dozownikiem mydła CleanRite + separate refill heads 2szt; n11 TR: Parex deterjan hazneli bulaşık süngeri 22 reviews
96,78.2,Ranked in 3+ chains,FOOD STORAGE & DRINKWARE-TO-GO,Lunch & on-the-go,Snack containers,Snack pots,Small snack pot / snack container,Pojemnik na przekąski Löwenthal,Action,Poland,3.99,PLN,1.76,0,#22 n11 Turkey (n11 search: baharatlık); #25 Fix Price Russia (Для дома > Организация хранения (storage & organisation)); #41 Carrefour Poland (Wyposażenie domu > Kuchnia i jadalnia > Przechowywanie żywności),"Poland, Russia, Turkey",https://www.action.com/pl-pl/p/3219146/pojemnik-na-przekaski-lowenthal/,https://asset.action.com/image/upload/t_digital_product_image/w_1920/3219146_8711568115045-110_01_esiaz2.webp,"n11 Turkey: #22 in 'n11 search: baharatlık' (best-selling); Fix Price Russia: #25 in 'Для дома > Организация хранения (storage & organisation)' (sorted by units sold); Carrefour Poland: #41 in 'Wyposażenie domu > Kuchnia i jadalnia > Przechowywanie żywności' (most popular) | Action PL 3.99 zl; Action range also 'Pojemniki na przekąski' 3 pcs 14.95 zl, 'Pojemnik na przekąski' Ø10 cm 6.95 zl, 8-part snack box 21.95 zl; Fix Price RU 'Набор контейнеров, O'Kitchen, 40 мл, 6 шт.' mini pots"
97,78.2,Ranked in 3+ chains,HOME ESSENTIALS & DIY,Tools,Hand Tools,Glue guns,"Hot-melt glue sticks, refill pack",Wkład Klejowy Przezroczysty Crootech w Laskach do Pistoletu,Carrefour,Poland,12.29,PLN,5.43,0,#3 Fix Price Kazakhstan (Для дома > Для ремонта (Repair / tools)); #3 Fix Price Russia (Для дома > Для ремонта (repair / tools / hardware)); #46 Carrefour Poland (Dom i ogród > Remont i warsztat (all)),"Kazakhstan, Poland, Russia",https://www.carrefour.pl/zakupy-niecodzienne/dom-i-ogrod/remont-i-warsztat/kleje-kf/wklad-klejowy-przezroczysty-crootech-w-laskach-do-pistoletu,https://www.carrefour.pl/images/product/350x350/wklad-klejowy-przezroczysty-crootech-udisru.jpg,Fix Price Kazakhstan: #3 in 'Для дома > Для ремонта (Repair / tools)' (popular first); Fix Price Russia: #3 in 'Для дома > Для ремонта (repair / tools / hardware)' (sorted by units sold); Carrefour Poland: #46 in 'Dom i ogród > Remont i warsztat (all)' (most popular)
98,78.2,Ranked in 3+ chains,"TEA, COFFEE & TABLE",Tableware,Plates,Dinner plates,"Dinner / side plate, single (19-31 cm)",Talerz płytki FLORENTYNA Parma 27 x 27 cm 3T9065,Carrefour,Poland,13.39,PLN,5.92,0,#8 Carrefour Poland (Wyposażenie domu > Kuchnia i jadalnia > Zastawa stołowa); #52 Fix Price Kazakhstan (Для дома > Для кухни (Kitchen)); #56 Fix Price Russia (Для дома > Для кухни (Kitchen)),"Kazakhstan, Poland, Russia",https://www.carrefour.pl/zakupy-niecodzienne/dom-i-ogrod/wyposazenie-domu/kuchnia-i-jadalnia/zastawa-stolowa/talerz-plytki-florentyna-parma-27-x-27-cm-3t9065,https://www.carrefour.pl/images/product/350x350/talerz-plytki-florentyna-parma-27-x-27-cm-3t9065-ah9btl.jpg,Carrefour Poland: #8 in 'Wyposażenie domu > Kuchnia i jadalnia > Zastawa stołowa' (most popular); Fix Price Kazakhstan: #52 in 'Для дома > Для кухни (Kitchen)' (popular first); Fix Price Russia: #56 in 'Для дома > Для кухни (Kitchen)' (sorted by units sold)
99,78.2,Ranked in 3+ chains,HOUSEHOLD CLEANING,Mops & Floor Cleaning,Mops,Flat mops,Flat microfibre mop with telescopic handle,"Швабра с телескопической ручкой, Home Time, 120 см",Fix Price,Russia,299,RUB,6.0,0,#6 Carrefour Poland (Wyposażenie domu > Domowe porządki > Mopy i szczotki); #27 Fix Price Kazakhstan (Для дома > Для уборки (Cleaning)); #28 Fix Price Russia (Для дома > Для уборки (cleaning tools)),"Kazakhstan, Poland, Russia",https://fix-price.com/catalog/dlya-doma/p-5044144-shvabra-s-teleskopicheskoy-ruchkoy-ome-ime-120-sm,https://img.fix-price.com/insecure/rs:fit:800:800/plain/bit/_marketplace/images/origin/ef/ef436516e0c5c0667e28123159a52c9a.jpg,Carrefour Poland: #6 in 'Wyposażenie domu > Domowe porządki > Mopy i szczotki' (most popular); Fix Price Kazakhstan: #27 in 'Для дома > Для уборки (Cleaning)' (popular first); Fix Price Russia: #28 in 'Для дома > Для уборки (cleaning tools)' (sorted by units sold) | Fix Price RU & KZ (299 RUB); Action PL: Mop z mikrofibry Spargo; Action PL: Vileda microfibre floor set
100,78.2,Ranked in 3+ chains,"LAUNDRY, BATH & WARDROBE",Laundry,Laundry storage,Laundry baskets,Plastic laundry basket,Kosz na pranie Tontarelli,Action,Poland,16.95,PLN,7.49,0,#1 Fix Price Kazakhstan (Для дома > Организация хранения (Storage)); #6 Fix Price Russia (Для дома > Организация хранения (storage & organisation)); #60 Carrefour Poland (Wyposażenie domu > Łazienka (all)),"Kazakhstan, Poland, Russia",https://www.action.com/pl-pl/p/3013156/kosz-na-pranie-tontarelli/,https://asset.action.com/image/upload/t_digital_product_image/w_1920/3013156_8009404277423-111_01_gdsdmz.webp,"Fix Price Kazakhstan: #1 in 'Для дома > Организация хранения (Storage)' (popular first); Fix Price Russia: #6 in 'Для дома > Организация хранения (storage & organisation)' (sorted by units sold); Carrefour Poland: #60 in 'Wyposażenie domu > Łazienka (all)' (most popular) | Action PL 16.95 zl; Action 'Kosze i torby na pranie' carries 6+ basket SKUs (Curver 19.95-69.95 zl, rattan-look 24.95/29.95 zl); also listed in Action 'Akcesoria łazienkowe'"
101,78.2,Ranked in 3+ chains,DECOR & ORGANISATION,Lighting & LED Decor,Night Lights,Night Lights,"Night light (USB / battery), children's or bedside","Lampka nocna 18,5 x 10 x 8,5 cm",Action,Poland,17.99,PLN,7.95,0,"#16 Fix Price Russia (Для дома > Электротовары (electrical: batteries, bulbs, lighting, power, mobile)); #23 Fix Price Kazakhstan (Для дома > Электротовары (Electrical)); #78 Carrefour Poland (Wyposażenie domu > Oświetlenie (all))","Kazakhstan, Poland, Russia",https://www.action.com/pl-pl/p/3213543/lampka-nocna/,https://asset.action.com/image/upload/t_digital_product_image/w_1920/34720191.webp,"Fix Price Russia: #16 in 'Для дома > Электротовары (electrical: batteries, bulbs, lighting, power, mobile)' (sorted by units sold); Fix Price Kazakhstan: #23 in 'Для дома > Электротовары (Electrical)' (popular first); Carrefour Poland: #78 in 'Wyposażenie domu > Oświetlenie (all)' (most popular) | Action PL 17.99 zl in 'Lampy'; Fix Price RU lists 'Светильник-ночник ""Шар"", FLARX, с кабелем USB', 'Светильник-ночник аккумуляторный с кабелем USB, FLARX' and 'Ночник-проектор' in 'Электротовары'"
102,78.2,Ranked in 3+ chains,"LAUNDRY, BATH & WARDROBE",Wardrobe,Hangers,Clothes hangers,"Wooden clothes hangers, set","Вешалки деревянные, Home Time, 5 шт., в ассортименте",Fix Price,Russia,449,RUB,9.01,0,#14 Fix Price Russia (Для дома > Хозяйственные мелочи (household sundries)); #16 Carrefour Poland (Wyposażenie domu > Łazienka (all)); #18 Fix Price Kazakhstan (Для дома > Хозяйственные мелочи (Household sundries)),"Kazakhstan, Poland, Russia",https://fix-price.com/catalog/dlya-doma/p-5060521-veshalki-derevyannye-ome-ime-5-sht-v-assortimente,https://img.fix-price.com/insecure/rs:fit:800:800/plain/bit/_marketplace/images/origin/64/646eb135f8d7b9180c3b000eae829ce8.jpg,"Fix Price Russia: #14 in 'Для дома > Хозяйственные мелочи (household sundries)' (sorted by units sold); Carrefour Poland: #16 in 'Wyposażenie domu > Łazienka (all)' (most popular); Fix Price Kazakhstan: #18 in 'Для дома > Хозяйственные мелочи (Household sundries)' (popular first) | Fix Price 449 RUB/5 pcs, plus single 'Вешалка деревянная, Home Time, 1 шт.' on first page of 'Хозяйственные мелочи'; Pepco PL 'Wieszaki drewniane' multipack; Action PL 'Drewniane wieszaki na ubrania – 7 szt.'"
103,78.2,Ranked in 3+ chains,FOOD STORAGE & DRINKWARE-TO-GO,Food containers,Plastic containers,Clip-lock containers,"Plastic clip-lock food container, single",Pojemnik CURVER Grand Chef 1.6 l 164795,Carrefour,Poland,20.99,PLN,9.28,0,#17 Fix Price Kazakhstan (Для дома > Для кухни (Kitchen)); #18 Fix Price Russia (Для дома > Для кухни (Kitchen)); #40 Carrefour Poland (Wyposażenie domu > Kuchnia i jadalnia > Przechowywanie żywności),"Kazakhstan, Poland, Russia",https://www.carrefour.pl/zakupy-niecodzienne/dom-i-ogrod/wyposazenie-domu/kuchnia-i-jadalnia/przechowywanie-zywnosci/pojemnik-curver-grand-chef-16-l-164795,https://www.carrefour.pl/images/product/350x350/pojemnik-curver-grand-chef-16-l-164795-hl5db3.jpg,Fix Price Kazakhstan: #17 in 'Для дома > Для кухни (Kitchen)' (popular first); Fix Price Russia: #18 in 'Для дома > Для кухни (Kitchen)' (sorted by units sold); Carrefour Poland: #40 in 'Wyposażenie domu > Kuchnia i jadalnia > Przechowywanie żywności' (most popular)
104,78.2,Ranked in 2 chains,DECOR & ORGANISATION,Home Fragrance & Candles,Candles,Tealights,"Scented tealight candles, multipack","Свечи чайные, ароматизированные, 12 шт., в ассортименте",Fix Price,Russia,99,RUB,1.99,0,"#1 Fix Price Russia (Сувениры и подарки > Свечи, диффузоры, подсвечники (candles, diffusers, holders)); #17 Carrefour Poland (Wyposażenie domu > Przyjęcia i świece > Świece i zapachy)","Kazakhstan, Poland, Russia, Turkey",https://fix-price.com/catalog/suveniry-i-podarki/p-5231125-svechi-chaynye-aromatizirovannye-12-sht-v-assortimente,https://img.fix-price.com/insecure/rs:fit:800:800/plain/bit/_marketplace/images/origin/59/59cb6bdf37aeb7c2cbb4499e92e64f45.jpg,"Fix Price Russia: #1 in 'Сувениры и подарки > Свечи, диффузоры, подсвечники (candles, diffusers, holders)' (sorted by units sold); Carrefour Poland: #17 in 'Wyposażenie domu > Przyjęcia i świece > Świece i zapachy' (most popular) | Fix Price RU 99 RUB/12 pcs, also 50-pc unscented and heart-shaped 6-pc sets; Action PL: Candra scented tealights 24 pcs and unscented 40/75/100-pc packs; Trendyol: 10+ sellers of kokulu tealight (IKEA, Bolsius, Bozkurt); Kaspi KZ: tealight 100-pc pack listed"
105,78.0,Ranked in 2 chains,HOME ESSENTIALS & DIY,Electrical & Power,Mobile & Charging,Chargers,USB wall charger (USB-A + Type-C),"Сетевое зарядное устройство, USB + Type-C, в ассортименте",Fix Price,Russia,149,RUB,2.99,314,"#36 Fix Price Russia (Для дома > Электротовары (electrical: batteries, bulbs, lighting, power, mobile)); #45 Fix Price Kazakhstan (Для дома > Электротовары (Electrical))","Kazakhstan, Poland, Russia, Turkey",https://fix-price.com/catalog/dlya-doma/p-5013536-setevoe-zaryadnoe-ustroystvo---ype--v-assortimente,https://img.fix-price.com/insecure/rs:fit:800:800/plain/pim/images/5933223684028c3ae2b11e49e832c437_33.jpg,"Fix Price Russia: #36 in 'Для дома > Электротовары (electrical: batteries, bulbs, lighting, power, mobile)' (sorted by units sold); Fix Price Kazakhstan: #45 in 'Для дома > Электротовары (Electrical)' (popular first) | Fix Price 149 RUB (5 V 2 A); Fix Price also 3-USB and 20 W Type-C chargers; Action PL Sologic USB-A wall charger 6.89-8.49 zl, Sologic USB-C 8.59 zl; n11: Apple 20 W USB-C adapter 314 reviews"
106,78.0,Ranked in 2 chains,"LAUNDRY, BATH & WARDROBE",Bath,Bath accessories,Soap & dental,Refillable pump soap dispenser,"Дозатор универсальный, Bath Republic, 500 мл, в ассортименте",Fix Price,Russia,149,RUB,2.99,18,#21 Fix Price Kazakhstan (Для дома > Для ванной (Bathroom)); #22 Fix Price Russia (Для дома > Для ванной (bathroom)),"Kazakhstan, Poland, Russia, Turkey",https://fix-price.com/catalog/dlya-doma/p-5035239-dozator-universalnyy-ath-epublic-500-ml-v-assortimente,https://img.fix-price.com/insecure/rs:fit:800:800/plain/bit/_marketplace/images/origin/4a/4a6ef51e96b5010d31ced0059ca40617.jpg,Fix Price Kazakhstan: #21 in 'Для дома > Для ванной (Bathroom)' (popular first); Fix Price Russia: #22 in 'Для дома > Для ванной (bathroom)' (sorted by units sold) | Fix Price 149 RUB 500 ml (category 'Для ванной'); Action PL 'Dozownik mydła' 12.95 zl and 9.95 zl; n11 Suntel countertop soap+sponge dispenser 18 ratings
107,77.7,Ranked in 2 chains,HOME ESSENTIALS & DIY,Electrical & Power,Mobile & Charging,Phone holders & stands,Phone stand / suction phone holder,Uchwyt na telefon z przyssawką Lab31,Action,Poland,4.35,PLN,1.92,25,"#2 Fix Price Russia (Сувениры и подарки > Подставки, шкатулки, светильники (trays, boxes, decorative lights)); #29 Fix Price Kazakhstan (Для дома > Электротовары (Electrical))","Kazakhstan, Poland, Russia, Turkey",https://www.action.com/pl-pl/p/3219020/uchwyt-na-telefon-z-przyssawka-lab31/,https://asset.action.com/image/upload/t_digital_product_image/w_1920/3219020_8715409246806-110_01_inwjel.webp,"Fix Price Russia: #2 in 'Сувениры и подарки > Подставки, шкатулки, светильники (trays, boxes, decorative lights)' (sorted by units sold); Fix Price Kazakhstan: #29 in 'Для дома > Электротовары (Electrical)' (popular first) | Action PL 4.35 zl for 2 (2.18 zl each); Fix Price FLARX phone stand (3 variants in 'Электротовары') and hanging phone/remote holder; n11: desktop phone/tablet stand 25 reviews"
108,77.5,Ranked in 3+ chains,HOUSEHOLD CLEANING,Dusting & Lint Removal,Dusters,Handled dusters,Duster brush with handle / extendable,"Щётка для пыли, Home Time, 53 см, в ассортименте",Fix Price,Russia,124,RUB,2.49,0,#7 Carrefour Poland (Wyposażenie domu > Domowe porządki > Zamiatanie); #46 Fix Price Kazakhstan (Для дома > Для уборки (Cleaning)); #57 Fix Price Russia (Для дома > Для уборки (cleaning tools)),"Kazakhstan, Poland, Russia",https://fix-price.com/catalog/dlya-doma/p-5044143-schtka-dlya-pyli-ome-ime-53-sm-v-assortimente,https://img.fix-price.com/insecure/rs:fit:800:800/plain/bit/_marketplace/images/origin/e1/e1d4df9ac8e45715c3b2cc0185e6ad88.jpg,Carrefour Poland: #7 in 'Wyposażenie domu > Domowe porządki > Zamiatanie' (most popular); Fix Price Kazakhstan: #46 in 'Для дома > Для уборки (Cleaning)' (popular first); Fix Price Russia: #57 in 'Для дома > Для уборки (cleaning tools)' (sorted by units sold) | Fix Price RU (124 RUB); Fix Price KZ: telescopic 105 cm duster 299 KZT; Action PL: Miotełka do kurzu i pajęczyn XL 164 cm; Action PL: Zmiotka do kurzu CleanRite 140 cm
109,77.3,Ranked in 3+ chains,KITCHEN TOOLS,Mixing & prep bowls,Mixing bowls,Stainless steel bowls,"Mixing bowl (plastic / steel, 1-3 L)",Miska DOMOTTI Miska nierdzewna Extra 24 cm 81059,Carrefour,Poland,13.39,PLN,5.92,0,#3 Carrefour Poland (Wyposażenie domu > Kuchnia i jadalnia > Garnki); #59 Fix Price Kazakhstan (Для дома > Для кухни (Kitchen)); #199 Fix Price Russia (Для дома > Для кухни (Kitchen)),"Kazakhstan, Poland, Russia",https://www.carrefour.pl/zakupy-niecodzienne/dom-i-ogrod/wyposazenie-domu/kuchnia-i-jadalnia/garnki-22/miska-domotti-miska-nierdzewna-extra-24-cm-81059,https://www.carrefour.pl/images/product/350x350/miska-domotti-miska-nierdzewna-extra-24-cm-81059-1uni4o.jpg,Carrefour Poland: #3 in 'Wyposażenie domu > Kuchnia i jadalnia > Garnki' (most popular); Fix Price Kazakhstan: #59 in 'Для дома > Для кухни (Kitchen)' (popular first); Fix Price Russia: #199 in 'Для дома > Для кухни (Kitchen)' (sorted by units sold)
110,77.2,Ranked in 3+ chains,HOUSEHOLD CLEANING,Sponges & Scourers,Specialty sponges,Silicone,Silicone dish scrubber,"Щётка силиконовая, BonHome, в ассортименте",Fix Price,Russia,35,RUB,0.7,57,#11 n11 Turkey (n11 search: bulaşık süngeri); #72 Fix Price Russia (Для дома > Для уборки (cleaning tools)); #75 Fix Price Kazakhstan (Для дома > Для уборки (Cleaning)),"Kazakhstan, Russia, Turkey",https://fix-price.com/catalog/dlya-doma/p-5026320-schtka-silikonovaya-onome-v-assortimente,https://img.fix-price.com/insecure/rs:fit:800:800/plain/bit/_marketplace/images/origin/48/4848defcab6521d3e1d7c15d3a13f304.jpg,"n11 Turkey: #11 in 'n11 search: bulaşık süngeri' (best-selling); Fix Price Russia: #72 in 'Для дома > Для уборки (cleaning tools)' (sorted by units sold); Fix Price Kazakhstan: #75 in 'Для дома > Для уборки (Cleaning)' (popular first) | Fix Price RU & KZ 'Для уборки' (35 RUB, novelty horse shape); n11 TR: '2 Adet Tükenmeyen Silikon Bulaşık Süngeri' 9 reviews"
111,76.9,Ranked in 3+ chains,HOME ESSENTIALS & DIY,Electrical & Power,Lighting,LED bulbs,RGB colour-changing LED bulb with remote (E27),Osram 9W Rgb Uzaktan Kumandalı Led Ampul Renk Değiştiren,n11,Turkey,346.0,TRY,12.04,560,"#14 n11 Turkey (n11 search: led ampul); #33 Fix Price Russia (Для дома > Электротовары (electrical: batteries, bulbs, lighting, power, mobile)); #42 Fix Price Kazakhstan (Для дома > Электротовары (Electrical))","Kazakhstan, Russia, Turkey",https://www.n11.com/urun/osram-9w-rgb-uzaktan-kumandali-led-ampul-renk-degistiren-6183276,https://n11scdn.akamaized.net/a1/400_570/09/21/19/19/IMG-8920532394945195948.jpg,"n11 Turkey: #14 in 'n11 search: led ampul' (best-selling); Fix Price Russia: #33 in 'Для дома > Электротовары (electrical: batteries, bulbs, lighting, power, mobile)' (sorted by units sold); Fix Price Kazakhstan: #42 in 'Для дома > Электротовары (Electrical)' (popular first)"
112,76.9,Ranked in 2 chains,FOOD STORAGE & DRINKWARE-TO-GO,Drinkware to go,Vacuum flasks,Beverage flasks,Stainless steel vacuum flask for drinks (0.5-1 L),Termos próżniowy,Action,Poland,21.95,PLN,9.7,229,#2 n11 Turkey (n11 search: saklama kabı); #4 Carrefour Poland (Wyposażenie domu > Kuchnia i jadalnia > Przechowywanie żywności),"Kazakhstan, Poland, Turkey",https://www.action.com/pl-pl/p/3216035/termos-prozniowy/,https://asset.action.com/image/upload/t_digital_product_image/w_1920/3216035_8718964240340-111_01_vahpiz.webp,"n11 Turkey: #2 in 'n11 search: saklama kabı' (best-selling); Carrefour Poland: #4 in 'Wyposażenie domu > Kuchnia i jadalnia > Przechowywanie żywności' (most popular) | Action PL 21.95 zl (750 ml); Action also 'Termos DAY' 500 ml 15.99 zl, 'Termos' 450 ml 19.95 zl, Tefal 1 l 39.95 zl; n11 TR Stanley Legendary 1.4 l vacuum flask 229 reviews, Stevig 1.5 l 15 reviews; Kaspi KZ thermos category"
113,76.5,Ranked in 2 chains,"TEA, COFFEE & TABLE",Tea & Coffee Serving,Tea Brewing,Teapots,"Glass teapot with infuser, ~1 L",Dzbanek do zaparzania herbaty,Action,Poland,19.95,PLN,8.82,485,#15 Carrefour Poland (Wyposażenie domu > Kuchnia i jadalnia > Filtry do wody); #127 Fix Price Russia (Для дома > Для кухни (Kitchen)),"Kazakhstan, Poland, Russia, Turkey",https://www.action.com/pl-pl/p/3213979/dzbanek-do-zaparzania-herbaty/,https://asset.action.com/image/upload/t_digital_product_image/w_1080/3213979_8712628700461-110_01_oo29ve.webp,"Carrefour Poland: #15 in 'Wyposażenie domu > Kuchnia i jadalnia > Filtry do wody' (most popular); Fix Price Russia: #127 in 'Для дома > Для кухни (Kitchen)' (sorted by units sold) | Action PL 19.95 zl (1 l, ribbed glass, acacia lid); n11 TR: Perotti glass herbal-tea teapot 700 ml 277 TL with 485 reviews; Fix Price: 'Чайник заварочный, O'Kitchen, 1 л' and 5+ other teapot SKUs; Kaspi: many 1 l glass teapots"
114,76.5,Ranked in 2 chains,HOME TEXTILES,Kitchen textiles,Kitchen towels,"Tea towels, single",Printed cotton tea towel (novelty print),"Полотенце кухонное ""Овощи"", 50х30 см, в ассортименте",Fix Price,Russia,149,RUB,2.99,54,#1 Fix Price Russia (Для дома > Полотенца (Towels)); #9 Fix Price Kazakhstan (Для дома > Текстиль (Textiles)),"Kazakhstan, Poland, Russia, Turkey",https://fix-price.com/catalog/dlya-doma/p-5070776-polotentse-kuhonnoe-ovoschi-50h30-sm-v-assortimente,https://img.fix-price.com/insecure/rs:fit:800:800/plain/pim/images/_default_upload_bucket/5070776_anons_1080x1350.jpg,"Fix Price Russia: #1 in 'Для дома > Полотенца (Towels)' (sorted by units sold); Fix Price Kazakhstan: #9 in 'Для дома > Текстиль (Textiles)' (popular first) | Fix Price RU 149 RUB, 100% cotton, listed in 'Текстиль'; n11: 'Palm Baskılı Mutfak Havlu Seti' 54 reviews (4.5 stars), 112.71 TL sale; Action PL printed 'Ściereczki do naczyń Capetown' 7.95 zl"
115,76.4,Ranked in 2 chains,DECOR & ORGANISATION,Home Fragrance & Candles,Home Fragrance,Reed Diffusers,"Reed diffuser with sticks, small (40-100 ml)","Ароматический диффузор, LiveFresh, в ассортименте",Fix Price,Russia,249,RUB,5.0,0,"#14 Fix Price Russia (Сувениры и подарки > Свечи, диффузоры, подсвечники (candles, diffusers, holders)); #15 Carrefour Poland (Wyposażenie domu > Przyjęcia i świece > Dekoracje)","Kazakhstan, Poland, Russia, Turkey",https://fix-price.com/catalog/suveniry-i-podarki/p-5243612-aromaticheskiy-diffuzor-iveresh-v-assortimente,https://img.fix-price.com/insecure/rs:fit:800:800/plain/pim/images/8e4754f8b155e4ce4317eac764365e12_41.jpg,"Fix Price Russia: #14 in 'Сувениры и подарки > Свечи, диффузоры, подсвечники (candles, diffusers, holders)' (sorted by units sold); Carrefour Poland: #15 in 'Wyposażenie domu > Przyjęcia i świece > Dekoracje' (most popular) | Fix Price carries 8+ diffuser SKUs (20-100 ml, 199-399 RUB); Fix Price RU 249 RUB; Action PL: category 'Patyczki zapachowe i dyfuzory' with multiple SKUs incl. refills; Trendyol: dedicated 'bambu çubuklu oda kokusu' landing page, Air Wick and private label; Kaspi KZ: category 'Ароматические диффузоры'"
116,76.2,Ranked in 2 chains,KITCHEN TOOLS,Sieves & colanders,Colanders,Plastic/steel,Colander,Sito / durszlak,Action,Poland,8.49,PLN,3.75,13,#18 Carrefour Poland (Wyposażenie domu > Kuchnia i jadalnia > Akcesoria kuchenne); #100 Fix Price Russia (Для дома > Для кухни (Kitchen)),"Kazakhstan, Poland, Russia, Turkey",https://www.action.com/pl-pl/p/2526286/sito-durszlak/,https://asset.action.com/image/upload/t_digital_product_image/w_1920/30191978.webp,"Carrefour Poland: #18 in 'Wyposażenie domu > Kuchnia i jadalnia > Akcesoria kuchenne' (most popular); Fix Price Russia: #100 in 'Для дома > Для кухни (Kitchen)' (sorted by units sold) | Action PL 8.49 zl; Fix Price kitchen category sorted 'popular first' (fix-price.com/catalog/dlya-doma/dlya-kukhni?sort=sold): 'Дуршлаг, Уника Пласт, 19х14х12,5 см' on page 5 of 78 (59 RUB per search title); Fix Price also folding & over-sink colanders; n11: steel pasta colander 13 reviews, Reoona 11 reviews; Kaspi: Tefal Ingenio / IKEA colanders"
117,76.0,Ranked in 2 chains,DECOR & ORGANISATION,Storage & Organisation,Storage Boxes,Plastic Storage Boxes,Mini lidded storage box (0.5-3.5 L),"Pojemnik do przechowywania z pokrywką 0,65 l",Action,Poland,1.99,PLN,0.88,0,#3 Fix Price Russia (Для дома > Организация хранения (storage & organisation)); #4 Fix Price Kazakhstan (Для дома > Организация хранения (Storage)),"Kazakhstan, Poland, Russia, Turkey",https://www.action.com/pl-pl/p/2546379/pojemnik-do-przechowywania-z-pokrywka-0-65-l/,https://asset.action.com/image/upload/t_digital_product_image/w_1920/2546379_5715079100203-110_01_vocbsc.webp,"Fix Price Russia: #3 in 'Для дома > Организация хранения (storage & organisation)' (sorted by units sold); Fix Price Kazakhstan: #4 in 'Для дома > Организация хранения (Storage)' (popular first) | Action PL 1.99 zl (also 2 L 2-pack 3.79 zl/pc and 1.15 L 2.99 zl); Fix Price RU 'Контейнер, 3,3 л, в ассортименте' in 'Организация хранения'; Trendyol: Hipaş 'Şeffaf Kapaklı Kutu HP-33'"
118,76.0,Ranked in 2 chains,DECOR & ORGANISATION,Decorative Accessories,Artificial Flowers & Plants,Artificial Flowers,Artificial flower stem / branch,"Цветок искусственный ""Ветка сирени"", в ассортименте",Fix Price,Russia,229,RUB,4.6,0,"#4 Fix Price Russia (Сувениры и подарки > Вазы, цветы, флористика (vases, artificial flowers)); #6 Fix Price Kazakhstan (Декор для дома > Товары для декора (Decor))","Kazakhstan, Poland, Russia, Turkey",https://fix-price.com/catalog/suveniry-i-podarki/p-5240274-tsvetok-iskusstvennyy-vetka-sireni-v-assortimente,https://img.fix-price.com/insecure/rs:fit:800:800/plain/pim/images/2e637c7b0404064e55072180f76fc27b_33.jpg,"Fix Price Russia: #4 in 'Сувениры и подарки > Вазы, цветы, флористика (vases, artificial flowers)' (sorted by units sold); Fix Price Kazakhstan: #6 in 'Декор для дома > Товары для декора (Decor)' (popular first) | Fix Price subcategory 'Вазы, цветы, флористика' with 10+ single stems (rose, gerbera, hydrangea, lilac, 149-229 RUB); Action PL: category 'Sztuczne rośliny i kwiaty' with bouquets and stems; Trendyol: many sellers of 'yapay çiçek dal'; Kaspi KZ: sakura/gypsophila branches, category Искусственные растения"
119,75.8,Ranked in 3+ chains,KITCHEN TOOLS,Sink & drying,Sink organisers,Sponge caddies,Sink soap dispenser with sponge holder,Suntel Tezgah Üstü Sıvı Sabunluk Ve Süngerlik Organizer Siyah,n11,Turkey,399.0,TRY,13.89,18,#4 n11 Turkey (n11 search: sabunluk); #19 Fix Price Kazakhstan (Для дома > Хозяйственные мелочи (Household sundries)); #23 Fix Price Russia (Для дома > Хозяйственные мелочи (household sundries)),"Kazakhstan, Russia, Turkey",https://www.n11.com/urun/suntel-tezgah-ustu-sivi-sabunluk-ve-sungerlik-organizer-siyah-90695440,https://n11scdn.akamaized.net/a1/400_570/15/56/56/24/IMG-3755239315462597196.jpg,n11 Turkey: #4 in 'n11 search: sabunluk' (best-selling); Fix Price Kazakhstan: #19 in 'Для дома > Хозяйственные мелочи (Household sundries)' (popular first); Fix Price Russia: #23 in 'Для дома > Хозяйственные мелочи (household sundries)' (sorted by units sold)
120,75.5,Ranked in 3+ chains,HOUSEHOLD CLEANING,Sponges & Scourers,Specialty sponges,Cellulose,Cellulose sponge,"Губка целлюлозная, BonHome, в ассортименте",Fix Price,Russia,35,RUB,0.7,0,#42 Carrefour Poland (Wyposażenie domu > Domowe porządki > Rękawiczki i ścierki); #66 Fix Price Russia (Для дома > Для уборки (cleaning tools)); #77 Fix Price Kazakhstan (Для дома > Для уборки (Cleaning)),"Kazakhstan, Poland, Russia",https://fix-price.com/catalog/dlya-doma/p-5026319-gubka-tsellyuloznaya-onome-v-assortimente,https://img.fix-price.com/insecure/rs:fit:800:800/plain/bit/_marketplace/images/origin/bb/bb999d3c8fe513a5156309de79a8001c.jpg,"Carrefour Poland: #42 in 'Wyposażenie domu > Domowe porządki > Rękawiczki i ścierki' (most popular); Fix Price Russia: #66 in 'Для дома > Для уборки (cleaning tools)' (sorted by units sold); Fix Price Kazakhstan: #77 in 'Для дома > Для уборки (Cleaning)' (popular first) | Fix Price RU & KZ 'Для уборки' (35 RUB); Kaspi KZ: 'Губка 169785 1 шт, целлюлоза' listing"
121,75.1,Ranked in 2 chains,HOME ESSENTIALS & DIY,Electrical & Power,Lighting,Night & utility lights,Motion-sensor LED stick-on light (wardrobe/stairs),Oświetlenie szafy z czujnikiem ruchu,Action,Poland,18.69,PLN,8.26,2000,"#46 Fix Price Russia (Для дома > Электротовары (electrical: batteries, bulbs, lighting, power, mobile)); #65 Fix Price Kazakhstan (Для дома > Электротовары (Electrical))","Kazakhstan, Poland, Russia, Turkey",https://www.action.com/pl-pl/p/3221709/oswietlenie-szafy-z-czujnikiem-ruchu/,https://asset.action.com/image/upload/t_digital_product_image/w_1920/3221709_8718964270385-111_01_eu2ypk.webp,"Fix Price Russia: #46 in 'Для дома > Электротовары (electrical: batteries, bulbs, lighting, power, mobile)' (sorted by units sold); Fix Price Kazakhstan: #65 in 'Для дома > Электротовары (Electrical)' (popular first) | Action PL 18.69 zl; Fix Price FLARX LED light with motion sensor + FLARX stick-on LED light with tape; n11: SGE motion-sensor USB LED light 2,000 reviews, Dailylink 152 reviews"
122,75.0,Ranked in 3+ chains,DECOR & ORGANISATION,Storage & Organisation,Storage Boxes,Plastic Storage Boxes,Large plastic storage box with lid (25-45 L),Pojemnik do przechowywania Heidrun 42 l,Action,Poland,27.95,PLN,12.35,0,#1 Fix Price Russia (Для дома > Организация хранения (storage & organisation)); #9 Fix Price Kazakhstan (Для дома > Организация хранения (Storage)); #33 Carrefour Poland (Wyposażenie domu > Łazienka (all)),"Kazakhstan, Poland, Russia, Turkey",https://www.action.com/pl-pl/p/2535481/pojemnik-do-przechowywania-heidrun/,https://asset.action.com/image/upload/t_digital_product_image/w_1920/2535481_8010059016527-110_03_vvn1lg.webp,"Fix Price Russia: #1 in 'Для дома > Организация хранения (storage & organisation)' (sorted by units sold); Fix Price Kazakhstan: #9 in 'Для дома > Организация хранения (Storage)' (popular first); Carrefour Poland: #33 in 'Wyposażenie domu > Łazienka (all)' (most popular) | Action PL 27.95 zl; storage pages 3-4 list 15+ lidded boxes 10-145 L (Heidrun, Iris, Curver, Plast); Fix Price RU 'Контейнер с крышкой, 30 л' and 'Ящик на колёсах, 32 л'; Trendyol landing page '20 Lt Kapaklı Plastik Kutu'"
123,75.0,Ranked in 3+ chains,"TEA, COFFEE & TABLE",Table Accessories,Condiment Serving,Butter Dishes,Butter dish with lid,"LSDecor kz масленка Керамическая масленка овальная 1 шт, керамика",Kaspi,Kazakhstan,4176,KZT,15.93,0,#10 Fix Price Kazakhstan (Для дома > Для кухни (Kitchen)); #14 Fix Price Russia (Для дома > Для кухни (Kitchen)); #37 Carrefour Poland (Wyposażenie domu > Kuchnia i jadalnia > Zastawa stołowa),"Kazakhstan, Poland, Russia, Turkey",https://kaspi.kz/shop/p/lsdecor-kz-maslenka-keramicheskaja-maslenka-oval-naja-1-sht-keramika-122181818/,https://resources.cdn-kaspi.kz/img/m/p/h11/h85/86732835094558.png?format=gallery-large,"Fix Price Kazakhstan: #10 in 'Для дома > Для кухни (Kitchen)' (popular first); Fix Price Russia: #14 in 'Для дома > Для кухни (Kitchen)' (sorted by units sold); Carrefour Poland: #37 in 'Wyposażenie domu > Kuchnia i jadalnia > Zastawa stołowa' (most popular) | Kaspi 4,176 KZT (dedicated category Масленки, сырницы и лимонницы; 8+ butter-dish listings incl. Pasabahce, Tupperware); Fix Price: 'Маслёнка с крышкой, 20х15 см' and 'Маслёнка с ножом для масла, O'Kitchen'; Trendyol: 'Pasabahce Tereyaglik 97711' and dedicated 'Tereyaglik' listing page"
124,74.9,Ranked in 2 chains,HOME TEXTILES,Living & decor textiles,Cushions,Cushion covers,Decorative cushion cover 40x40,"Наволочка декоративная, 40x40 см, в ассортименте",Fix Price,Russia,199,RUB,3.99,62,#16 Fix Price Kazakhstan (Для дома > Текстиль (Textiles)); #16 Fix Price Russia (Для дома > Текстиль (Textiles)),"Belarus, Kazakhstan, Poland, Russia, Turkey",https://fix-price.com/catalog/dlya-doma/p-5072133-navolochka-dekorativnaya-4040-sm-v-assortimente,https://img.fix-price.com/insecure/rs:fit:800:800/plain/bit/_marketplace/images/origin/26/26c7ab6bc9e296bc9391e15cef8536a4.jpg,"Fix Price Kazakhstan: #16 in 'Для дома > Текстиль (Textiles)' (popular first); Fix Price Russia: #16 in 'Для дома > Текстиль (Textiles)' (sorted by units sold) | Fix Price RU 199 RUB, canvas with zip; Fix Price also lists 'Чехол на декоративную подушку, 40x40' (RU, BY) and 'Чехол-наволочка ... 40х40' (KZ); n11: '2li Punch ... Kırlent Kılıfı' 62 reviews; 'Bej Wellsoft 2'li ... Kırlent Kılıfı' 15 reviews; Action PL 31 items in 'Poduszki' incl. 'Poszewka na poduszkę' 45x45 from 8.95 zl | Action PL 8.95 zl; Action 'Poduszki' page 1 lists 12 cushion-cover SKUs at 6.95-19.95 zl; n11 TR: many 45x45 kırlent kılıfı listings (e.g. Madame Coco jute cover 215.99 TL)"
125,74.8,Ranked in 3+ chains,KITCHEN TOOLS,Sink & drying,Dish drying,Drainer trays,Dish drying rack / drainer tray,Porsima 5328 Açılır Kapanır Bulaşık Tepsisi Bulaşıklık Tezgah Üstü Kurutmalık Durulama Matı Su Akıtma Kanallı Bulaşık Sepeti Gri - Beyaz,n11,Turkey,292.23,TRY,10.17,10,#2 n11 Turkey (n11 search: tepsi); #20 Fix Price Kazakhstan (Для дома > Для ванной (Bathroom)); #21 Fix Price Russia (Для дома > Для ванной (bathroom)),"Kazakhstan, Russia, Turkey",https://www.n11.com/urun/porsima-5328-acilir-kapanir-bulasik-tepsisi-bulasiklik-tezgah-ustu-kurutmalik-durulama-mati-su-akitma-kanalli-bulasik-sepeti-gri-beyaz-120975073,https://n11scdn.akamaized.net/a1/400_570/11/21/04/78/IMG-237670833661124402.jpg,n11 Turkey: #2 in 'n11 search: tepsi' (best-selling); Fix Price Kazakhstan: #20 in 'Для дома > Для ванной (Bathroom)' (popular first); Fix Price Russia: #21 in 'Для дома > Для ванной (bathroom)' (sorted by units sold)
126,74.8,Ranked in 3+ chains,"LAUNDRY, BATH & WARDROBE",Wardrobe,Storage,Garment storage,Vacuum storage bag,"Вакуумный пакет с ароматом, Home Time, 50х70 см, в ассортименте",Fix Price,Russia,87,RUB,1.75,0,#6 Fix Price Russia (Для дома > Аксессуары для одежды (clothes accessories)); #35 Fix Price Kazakhstan (Для дома > Хозяйственные мелочи (Household sundries)); #75 Carrefour Poland (Wyposażenie domu > Łazienka (all)),"Kazakhstan, Poland, Russia",https://fix-price.com/catalog/dlya-doma/aksessuary-dlya-odezhdy/p-5062050-vakuumnyy-paket-s-aromatom-ome-ime-50h70-sm-v-assortimente,https://img.fix-price.com/insecure/rs:fit:800:800/plain/bit/_marketplace/images/origin/07/07c6c2d062600635a00e8605f20f196c.png,Fix Price Russia: #6 in 'Для дома > Аксессуары для одежды (clothes accessories)' (sorted by units sold); Fix Price Kazakhstan: #35 in 'Для дома > Хозяйственные мелочи (Household sundries)' (popular first); Carrefour Poland: #75 in 'Wyposażenie domu > Łazienka (all)' (most popular) | Fix Price 87 RUB (category 'Аксессуары для одежды'); Action PL 'Worki do przechowywania próżniowego – 2 szt.'; Action PL vacuum bags 9.95 zl and 12.95 zl (two SKUs in 'Kosze i torby na pranie')
127,74.8,Ranked in 2 chains,HOME TEXTILES,Living & decor textiles,Cushions,Filled cushions,Decorative filled cushion,"Подушка декоративная ""Каприана"" ИМП",Fix Price,Russia,299,RUB,6.0,425,#13 Fix Price Russia (Для дома > Текстиль (Textiles)); #21 Fix Price Kazakhstan (Для дома > Текстиль (Textiles)),"Kazakhstan, Poland, Russia, Turkey",https://fix-price.com/catalog/dlya-doma/p-5246161-podushka-dekorativnaya-kapriana-imp,https://img.fix-price.com/insecure/rs:fit:800:800/plain/bit/_marketplace/images/origin/67/67f7c685f2b893ae2f9b871b697b55f1.jpg,"Fix Price Russia: #13 in 'Для дома > Текстиль (Textiles)' (sorted by units sold); Fix Price Kazakhstan: #21 in 'Для дома > Текстиль (Textiles)' (popular first) | Fix Price RU 299 RUB, geometric print; same SKU listed by Fix Price KZ; n11: 'Varol Silikon Dolgulu Pamuk Kılıflı Kırlent 4'lü' 425 reviews, 496 TL; Action PL 'Poduszka' 50x50 7.19 zl and 45x45 22.95 zl"
128,74.5,Ranked in 2 chains,HOME ESSENTIALS & DIY,Electrical & Power,Mobile & Charging,Charging cables,Multi-connector charging cable (3-in-1 / 6-in-1),Kabel do ładowania i przesyłania danych 6w1 Sologic,Action,Poland,13.99,PLN,6.18,362,"#27 Fix Price Russia (Для дома > Электротовары (electrical: batteries, bulbs, lighting, power, mobile)); #51 Fix Price Kazakhstan (Для дома > Электротовары (Electrical))","Kazakhstan, Poland, Russia, Turkey",https://www.action.com/pl-pl/p/3222946/kabel-do-ladowania-i-przesylania-danych-6w1-sologic/,https://asset.action.com/image/upload/t_digital_product_image/w_1920/3222946_8711332493201-110_01_s9cn5e.webp,"Fix Price Russia: #27 in 'Для дома > Электротовары (electrical: batteries, bulbs, lighting, power, mobile)' (sorted by units sold); Fix Price Kazakhstan: #51 in 'Для дома > Электротовары (Electrical)' (popular first) | Action PL 13.99 zl, plus Re-load 3-in-1 44.95 zl and 4-in-1/6-in-1 keyring cables 8.95-9.95 zl; Fix Price FLARX USB 3-in-1 cable 100 cm 149 RUB; n11: T-Max 3-in-1 Type-C/Micro/Lightning 362 reviews"
129,74.3,Ranked in 2 chains,HOME TEXTILES,Floor mats & rugs,Small rugs,Universal mats,Small printed rug / kitchen mat (40x60),"Коврик универсальный, 40x60 см, в ассортименте",Fix Price,Russia,229,RUB,4.6,12,#11 Fix Price Kazakhstan (Для дома > Хозяйственные мелочи (Household sundries)); #13 Fix Price Russia (Для дома > Хозяйственные мелочи (household sundries)),"Kazakhstan, Russia, Turkey",https://fix-price.com/catalog/dlya-doma/p-5080245-kovrik-universalnyy-4060-sm-v-assortimente,https://img.fix-price.com/insecure/rs:fit:800:800/plain/bit/_marketplace/images/origin/3a/3a816168be0d08ce2afa23f9cfbae8f7.png,"Fix Price Kazakhstan: #11 in 'Для дома > Хозяйственные мелочи (Household sundries)' (popular first); Fix Price Russia: #13 in 'Для дома > Хозяйственные мелочи (household sundries)' (sorted by units sold) | Fix Price RU 229 RUB, 100% polyester 40x60 cm; same SKU listed by Fix Price KZ; Fix Price RU also lists 'Коврик, Home Time, 45х70/45х75 см'; n11: 'West Home Dijital Baskı Yıkanabilir Kaymaz Taban ... Mutfak Halısı' 12 reviews, 98.10 TL"
130,74.1,Ranked in 2 chains,"LAUNDRY, BATH & WARDROBE",Wardrobe,Shoe care,Shoe accessories,Shoe horn,Ayakkabı Çekeceği Kerata Metal Çekecek 70 Cm,n11,Turkey,215.44,TRY,7.5,12,#1 Fix Price Kazakhstan (Для дома > Аксессуары для обуви (Shoe care)); #3 Fix Price Russia (Для дома > Аксессуары для обуви (shoe care accessories)),"Kazakhstan, Russia, Turkey",https://www.n11.com/urun/ayakkabi-cekecegi-kerata-metal-cekecek-70-cm-48672071,https://n11scdn.akamaized.net/a1/400_570/16/76/17/68/IMG-5623824399103385954.jpg,"Fix Price Kazakhstan: #1 in 'Для дома > Аксессуары для обуви (Shoe care)' (popular first); Fix Price Russia: #3 in 'Для дома > Аксессуары для обуви (shoe care accessories)' (sorted by units sold) | n11: 12 ratings, 4.5/5 (category Pratik Ev Gereçleri); n11 shoe-horn search shows 10+ listings incl. IKEA Omtanksam (9 ratings), Eynel 42 cm plastic (5 ratings)"
131,74.0,Ranked in 2 chains,HOUSEHOLD CLEANING,Toilet & Drain Tools,Toilet brushes,Silicone brushes,Silicone toilet brush,"Ёрш для унитаза силиконовый, Bath Republic, 39 см, в ассортименте",Fix Price,Russia,59,RUB,1.18,10,#18 Fix Price Kazakhstan (Для дома > Для ванной (Bathroom)); #19 Fix Price Russia (Для дома > Для ванной (bathroom)),"Kazakhstan, Russia, Turkey",https://fix-price.com/catalog/dlya-doma/p-5031127-rsh-dlya-unitaza-silikonovyy-ath-epublic-39-sm-v-assortimente,https://img.fix-price.com/insecure/rs:fit:800:800/plain/bit/_marketplace/images/origin/df/df5df9516d28d5f2d56f8aaded91b57a.jpg,Fix Price Kazakhstan: #18 in 'Для дома > Для ванной (Bathroom)' (popular first); Fix Price Russia: #19 in 'Для дома > Для ванной (bathroom)' (sorted by units sold) | Fix Price RU (59 RUB); n11 TR: Porsima SB-776 silicone WC brush 10 reviews; İndecor silicone-tip set 4 reviews
132,73.7,Ranked in 3+ chains,HOUSEHOLD CLEANING,Cleaning Accessories,Sink caddies,Tap-hanging caddies,Sink / tap sponge holder caddy,Mainshop 2 Adet Siyah Çelik Bulaşık Sünger Tutucu Bulaşık Süngeri Tutacağı 3 M Askı Yapışkanlı Paslanmaz Siyah,n11,Turkey,284.9,TRY,9.91,3,#9 n11 Turkey (n11 search: bulaşık süngeri); #41 Fix Price Russia (Для дома > Организация хранения (storage & organisation)); #57 Fix Price Kazakhstan (Для дома > Организация хранения (Storage)),"Kazakhstan, Russia, Turkey",https://www.n11.com/urun/mainshop-2-adet-siyah-celik-bulasik-sunger-tutucu-bulasik-sungeri-tutacagi-3-m-aski-yapiskanli-paslanmaz-siyah-69929755,https://n11scdn.akamaized.net/a1/400_570/08/67/58/12/IMG-7474057722852198092.jpg,n11 Turkey: #9 in 'n11 search: bulaşık süngeri' (best-selling); Fix Price Russia: #41 in 'Для дома > Организация хранения (storage & organisation)' (sorted by units sold); Fix Price Kazakhstan: #57 in 'Для дома > Организация хранения (Storage)' (popular first)
133,73.7,Ranked in 2 chains,"COOK, BAKE & GRILL",Bakeware,Cake decorating,Disposable piping bags,"Disposable piping bags, multipack",Profesjonalne rękawy cukiernicze (8 sztuk),Action,Poland,6.95,PLN,3.07,15,#24 Carrefour Poland (Wyposażenie domu > Kuchnia i jadalnia > Akcesoria kuchenne); #153 Fix Price Russia (Для дома > Для кухни (Kitchen)),"Kazakhstan, Poland, Russia, Turkey",https://www.action.com/pl-pl/p/2578387/profesjonalne-rekawy-cukiernicze/,https://asset.action.com/image/upload/t_digital_product_image/w_1080/27711737.webp,"Carrefour Poland: #24 in 'Wyposażenie domu > Kuchnia i jadalnia > Akcesoria kuchenne' (most popular); Fix Price Russia: #153 in 'Для дома > Для кухни (Kitchen)' (sorted by units sold) | Action PL (Akcesoria kuchenne) 6.95 zl / 8 pcs; n11 TR: 50-pack disposable piping bags 15 ratings at 149.90 TL; flip.kz Konfinetta disposable bags 1,360 KZT (204 piping-bag listings)"
134,73.5,Ranked in 2 chains,DECOR & ORGANISATION,Decorative Accessories,Clocks,Wall Clocks,"Wall clock, small (20-30 cm)",Zegar ścienny Ø 20 x 4 cm,Action,Poland,8.95,PLN,3.96,504,"#1 Fix Price Russia (Сувениры и подарки > Зеркала, часы (mirrors, clocks)); #4 n11 Turkey (n11 search: pil)","Kazakhstan, Poland, Russia, Turkey",https://www.action.com/pl-pl/p/3204371/zegar-scienny/,https://asset.action.com/image/upload/t_digital_product_image/w_1920/3204371_8721037954075-110_01_idjjd5.webp,"Fix Price Russia: #1 in 'Сувениры и подарки > Зеркала, часы (mirrors, clocks)' (sorted by units sold); n11 Turkey: #4 in 'n11 search: pil' (best-selling) | Action PL 8.95 zl (other wall clocks 17.95-29.95 zl) in 'Zegary'; Fix Price RU and KZ both list 'Часы настенные, 30 см'; Fix Price KZ also 'Часы настенные, 25 см' and 'Часы настенные, PREZENT, 230 мм' | Action PL 8.95 zl (20 cm), 10 clock SKUs in 'Zegary' from 8.95 to 89.95 zl; n11: Aa Shop silent wall clock 504 reviews"
135,73.0,Ranked in 2 chains,"LAUNDRY, BATH & WARDROBE",Wardrobe,Shoe care,Insoles,"Shoe insoles, cushioning (cut-to-size)","Стельки, Happy Foot, 1 пара, в ассортименте",Fix Price,Russia,69,RUB,1.39,0,#4 Fix Price Kazakhstan (Для дома > Аксессуары для обуви (Shoe care)); #5 Fix Price Russia (Для дома > Аксессуары для обуви (shoe care accessories)),"Kazakhstan, Poland, Russia",https://fix-price.com/catalog/dlya-doma/p-5054172-stelki-appy-oot-1-para-v-assortimente,https://img.fix-price.com/insecure/rs:fit:800:800/plain/bit/_marketplace/images/origin/4b/4b5929aace6d5b00760c8b7cc94be3f1.jpg,"Fix Price Kazakhstan: #4 in 'Для дома > Аксессуары для обуви (Shoe care)' (popular first); Fix Price Russia: #5 in 'Для дома > Аксессуары для обуви (shoe care accessories)' (sorted by units sold) | Fix Price 69 RUB, two insole SKUs in 'Аксессуары для одежды' listing; Action PL 'Wkładki do butów Shoe like' 3.30 zl"
136,73.0,Ranked in 2 chains,FOOD STORAGE & DRINKWARE-TO-GO,Bag & wrap accessories,Reusable covers,Elastic covers,"Elastic food covers (shower-cap style), multipack",Pokrowce na produkty spożywcze Dumil,Action,Poland,3.98,PLN,1.76,0,#4 Fix Price Russia (Для дома > Для кухни (Kitchen)); #6 Fix Price Kazakhstan (Для дома > Для кухни (Kitchen)),"Kazakhstan, Poland, Russia",https://www.action.com/pl-pl/p/3205806/pokrowce-na-produkty-spozywcze-dumil/,https://asset.action.com/image/upload/t_digital_product_image/w_1920/3205806_8713815207121-111_01_fugacw.webp,Fix Price Russia: #4 in 'Для дома > Для кухни (Kitchen)' (sorted by units sold); Fix Price Kazakhstan: #6 in 'Для дома > Для кухни (Kitchen)' (popular first) | Action PL 3.98 zl (12 pcs)
137,73.0,Ranked in 2 chains,HOUSEHOLD CLEANING,Cleaning Gloves,Disposable gloves,Multipack,"Disposable gloves, multipack","Перчатки одноразовые, BonHome, 25 пар, в ассортименте",Fix Price,Russia,116,RUB,2.33,0,#4 Fix Price Kazakhstan (Для дома > Хозяйственные мелочи (Household sundries)); #6 Fix Price Russia (Для дома > Хозяйственные мелочи (household sundries)),"Kazakhstan, Poland, Russia",https://fix-price.com/catalog/dlya-doma/p-5043176-perchatki-odnorazovye-onome-25-par-v-assortimente,https://img.fix-price.com/insecure/rs:fit:800:800/plain/pim/images/e47844a539f7c4174c493d7634e9020d_6.jpg,"Fix Price Kazakhstan: #4 in 'Для дома > Хозяйственные мелочи (Household sundries)' (popular first); Fix Price Russia: #6 in 'Для дома > Хозяйственные мелочи (household sundries)' (sorted by units sold) | Fix Price RU & KZ (116 RUB/25 pairs); Action PL: nitrile gloves 100 pcs (several SKUs), latex 100 pcs, vinyl gloves"
138,72.9,Ranked in 2 chains,HOUSEHOLD CLEANING,Cleaning Cloths,Specialty cloths,Glass cloth,Microfibre glass & mirror cloth,"Нанотряпка, BonHome, 18х16 см, 2 шт., в ассортименте",Fix Price,Russia,79,RUB,1.59,11,#6 n11 Turkey (n11 search: mikrofiber bez); #24 Carrefour Poland (Wyposażenie domu > Domowe porządki > Rękawiczki i ścierki),"Poland, Russia, Turkey",https://fix-price.com/catalog/dlya-doma/p-5040657-nanotryapka-onome-18h16-sm-2-sht-v-assortimente,https://img.fix-price.com/insecure/rs:fit:800:800/plain/bit/_marketplace/images/origin/09/0903803c958df8090dd527f45da67c60.jpg,"n11 Turkey: #6 in 'n11 search: mikrofiber bez' (best-selling); Carrefour Poland: #24 in 'Wyposażenie domu > Domowe porządki > Rękawiczki i ścierki' (most popular) | Fix Price RU (79 RUB, for mirrors/glass); Action PL: Ściereczka do szkła i luster Spargo; Action PL: Luksusowa ściereczka do polerowania; n11 TR: Royal Sales mikrofiber cam bezi"
139,72.7,Ranked in 2 chains,"COOK, BAKE & GRILL",Cookware,Frying pans,Medium frying pan,Non-stick frying pan (24-28 cm),Patelnia Ambition Ø 24 cm,Action,Poland,34.95,PLN,15.45,135,#1 Carrefour Poland (Wyposażenie domu > Kuchnia i jadalnia > Patelnie); #10 n11 Turkey (n11 search: tava),"Kazakhstan, Poland, Russia, Turkey",https://www.action.com/pl-pl/p/3215461/patelnia-ambition/,https://asset.action.com/image/upload/t_digital_product_image/w_1920/3215461_5907078491066-110_01_zfvrjh.webp,Carrefour Poland: #1 in 'Wyposażenie domu > Kuchnia i jadalnia > Patelnie' (most popular); n11 Turkey: #10 in 'n11 search: tava' (best-selling) | Action PL: 10+ frying pans in range (34.95-79.95 zl); flip.kz Kalitva 'Сатин' pan 135 reviews; Fix Price RU Scovo 'Prosto' 24 cm and O'Kitchen 25 cm pans
140,72.6,Ranked in 2 chains,HOME ESSENTIALS & DIY,Electrical & Power,Lighting,LED bulbs,LED candle bulb E14,Żarówka LED z możliwością przyciemniania światła Philips,Action,Poland,12.99,PLN,5.74,23,"#5 Carrefour Poland (Wyposażenie domu > Oświetlenie (all)); #113 Fix Price Russia (Для дома > Электротовары (electrical: batteries, bulbs, lighting, power, mobile))","Poland, Russia, Turkey",https://www.action.com/pl-pl/p/3224358/zarowka-led-z-mozliwoscia-przyciemniania-swiatla-philips/,https://asset.action.com/image/upload/t_digital_product_image/w_1920/3224358_8721103158840-111_01_xmthys.webp,"Carrefour Poland: #5 in 'Wyposażenie domu > Oświetlenie (all)' (most popular); Fix Price Russia: #113 in 'Для дома > Электротовары (electrical: batteries, bulbs, lighting, power, mobile)' (sorted by units sold) | Action PL Philips E14 dimmable 12.99 zl in 'Zarowki LED'; Fix Price ERA LED E14/E27 10 W listed (out of stock at fetch); n11: Philips LED Candle E14 5 W 23 reviews, 10x 7 W E14 candle bulbs 11 reviews"
141,72.5,Ranked in 2 chains,HOME TEXTILES,Bath textiles,Toilet textiles,Seat covers,Toilet seat lid cover (textile),"Чехол на сиденье унитаза, Bath Republic, в ассортименте",Fix Price,Russia,229,RUB,4.6,6,#2 Fix Price Russia (Для дома > Текстиль (Textiles)); #4 Fix Price Kazakhstan (Для дома > Текстиль (Textiles)),"Belarus, Kazakhstan, Russia, Turkey",https://fix-price.com/catalog/dlya-doma/p-5033164-chehol-na-sidene-unitaza-ath-epublic-v-assortimente,https://img.fix-price.com/insecure/rs:fit:800:800/plain/bit/_marketplace/images/origin/f0/f08f8591858336d2a58ecd6a789270d5.jpg,"Fix Price Russia: #2 in 'Для дома > Текстиль (Textiles)' (sorted by units sold); Fix Price Kazakhstan: #4 in 'Для дома > Текстиль (Textiles)' (popular first) | Fix Price RU 229 RUB, polyurethane/polyester, listed 2nd on 'Текстиль' page; same SKU listed by Fix Price KZ and BY; n11: 'Mucit Home Klozet Kapağı Kılıfı Yıkanabilir' 135 TL, 6 reviews"
142,72.4,Ranked in 2 chains,"LAUNDRY, BATH & WARDROBE",Bath,Bath accessories,Soap & dental,Toothbrush tumbler/cup,"Стакан для ванной, Bath Republic, 9 см",Fix Price,Russia,35,RUB,0.7,0,#12 Fix Price Russia (Для дома > Для ванной (bathroom)); #13 Fix Price Kazakhstan (Для дома > Для ванной (Bathroom)),"Kazakhstan, Poland, Russia, Turkey",https://fix-price.com/catalog/dlya-doma/p-5031116-stakan-dlya-vannoy-ath-epublic-9-sm,https://img.fix-price.com/insecure/rs:fit:800:800/plain/bit/_marketplace/images/origin/10/100591a9cde5f1fdcee01e22f7619859.jpg,"Fix Price Russia: #12 in 'Для дома > Для ванной (bathroom)' (sorted by units sold); Fix Price Kazakhstan: #13 in 'Для дома > Для ванной (Bathroom)' (popular first) | Fix Price 35 RUB stone-look polyresin, plus 'Стакан бамбуковый для ванной' (category 'Для ванной'); Action PL glass toothbrush holder 3.99 zl, 4 toothbrush-holder SKUs in 'Akcesoria łazienkowe'"
143,72.2,Ranked in 2 chains,DECOR & ORGANISATION,Lighting & LED Decor,LED String Lights,Battery Fairy Lights,"LED fairy string lights, battery (non-seasonal)",3 Metre Pilli Peri Led. Dekor Işık Günışığı. Dekoratif Led Lamba Sarı,n11,Turkey,99,TRY,3.45,71,"#17 Fix Price Kazakhstan (Декор для дома > Товары для декора (Decor)); #64 Fix Price Russia (Сувениры и подарки > Подставки, шкатулки, светильники (trays, boxes, decorative lights))","Kazakhstan, Russia, Turkey",https://www.n11.com/urun/3-metre-pilli-peri-led-dekor-isik-gunisigi-dekoratif-led-lamba-sari-6476953,https://n11scdn.akamaized.net/a1/400_570/04/73/01/37/IMG-8527401150298949792.jpg,"Fix Price Kazakhstan: #17 in 'Декор для дома > Товары для декора (Decor)' (popular first); Fix Price Russia: #64 in 'Сувениры и подарки > Подставки, шкатулки, светильники (trays, boxes, decorative lights)' (sorted by units sold) | n11 TR: 71 ratings / 42 comments, 4.0/5 (price 99 TL shown on n11 search listing); several more battery fairy-light SKUs 99-172.50 TL; Fix Price RU 'Гирлянда ""Цветы"", With Love' (110 cm, 10 LED, 2xAA) and 'Гирлянда ""Люблю"", With Love, 2 м' in everyday gifts (non-New-Year)"
144,72.2,Ranked in 2 chains,HOME TEXTILES,Floor mats & rugs,Door mats,Entrance mats,"Entrance door mat (PP pile, rubber back)","Коврик придверный, 50х76 см, в ассортименте",Fix Price,Russia,279,RUB,5.6,0,#6 Fix Price Russia (Для дома > Аксессуары для обуви (shoe care accessories)); #9 Fix Price Kazakhstan (Для дома > Аксессуары для обуви (Shoe care)),"Belarus, Kazakhstan, Russia, Turkey",https://fix-price.com/catalog/dlya-doma/p-5080230-kovrik-pridvernyy-50h76-sm-v-assortimente,https://img.fix-price.com/insecure/rs:fit:800:800/plain/pim/images/_default_upload_bucket/5080230_anons_1080x1350.jpg,"Fix Price Russia: #6 in 'Для дома > Аксессуары для обуви (shoe care accessories)' (sorted by units sold); Fix Price Kazakhstan: #9 in 'Для дома > Аксессуары для обуви (Shoe care)' (popular first) | Fix Price RU 279 RUB, 100% PP pile / TPE base 50x76 cm; 5 door-mat SKUs on Fix Price 'Текстиль' pages; same SKU listed by Fix Price KZ and BY; n11: 'Kapı Önü Paspası Kaymaz ... 45x70' 219 TL; 'Pvc Tabanlı Koko Kıl Kapı Önü Paspası 40x60' 349 TL"
145,71.9,Ranked in 2 chains,KITCHEN TOOLS,Measuring tools,Kitchen scales,Digital,Digital kitchen scale,"Весы электронные кухонные с мерным стаканом, O'Kitchen, 1,2 л, в ассортименте",Fix Price,Russia,399,RUB,8.01,1589,"#64 Fix Price Russia (Для дома > Электротовары (electrical: batteries, bulbs, lighting, power, mobile)); #82 Fix Price Kazakhstan (Для дома > Для кухни (Kitchen))","Kazakhstan, Poland, Russia, Turkey",https://fix-price.com/catalog/dlya-doma/p-5092663-vesy-elektronnye-kuhonnye-s-mernym-stakanom-itchen-12-l-v-assortimente,https://img.fix-price.com/insecure/rs:fit:800:800/plain/bit/_marketplace/images/origin/5b/5bea96a951b0e55b27704e019b0555ea.jpg,"Fix Price Russia: #64 in 'Для дома > Электротовары (electrical: batteries, bulbs, lighting, power, mobile)' (sorted by units sold); Fix Price Kazakhstan: #82 in 'Для дома > Для кухни (Kitchen)' (popular first) | Fix Price 399 RUB; Fix Price kitchen category sorted 'popular first' (dlya-kukhni?sort=sold, 78 pages x 24): this SKU on page 5 (top ~120); n11: SF-400 digital kitchen scale 1,589 reviews (219 TL), Techmaster LCD scale 1,521 reviews (225 TL), Voit SC20 194, Mastek 173; Action PL: 'Waga o wysokiej precyzji' 13.95 zl and Tefal Essential scale 44.95 zl | n11 275 TL, 1,589 ratings / 855 reviews; Techmaster 10 kg 1,521 reviews, Mastek 173 reviews; Fix Price O'Kitchen electronic scales listed"
146,71.8,Ranked in 2 chains,HOME ESSENTIALS & DIY,Electrical & Power,Batteries,Button cells,Button cell batteries (LR44 / watch SR626),"Duracell LR44 1,5 V/B Baterie alkaliczne 2 sztuki",Carrefour,Poland,9.19,PLN,4.06,50,#16 n11 Turkey (n11 search: pil); #17 Carrefour Poland (Elektronika > Telewizory i RTV > Akcesoria > Baterie),"Poland, Turkey",https://www.carrefour.pl/zakupy-niecodzienne/elektronika/telewizory-i-rtv-59/akcesoria-pi/baterie-lm/duracell-lr44-15-v-b-baterie-alkaliczne-2-sztuki,https://www.carrefour.pl/images/product/org/duracell-lr44-15-v-b-baterie-alkaliczne-2-sztuki-ahx2N2.jpg,n11 Turkey: #16 in 'n11 search: pil' (best-selling); Carrefour Poland: #17 in 'Elektronika > Telewizory i RTV > Akcesoria > Baterie' (most popular)
147,71.8,Ranked in 2 chains,DECOR & ORGANISATION,Storage & Organisation,Storage Boxes,Fabric Storage Boxes,Foldable fabric storage box / cube,Składany kosz do przechowywania Home Accents,Action,Poland,8.49,PLN,3.75,2,#12 Fix Price Kazakhstan (Для дома > Текстиль (Textiles)); #35 Fix Price Russia (Для дома > Организация хранения (storage & organisation)),"Kazakhstan, Poland, Russia, Turkey",https://www.action.com/pl-pl/p/3005397/skladany-kosz-do-przechowywania-home-accents/,https://asset.action.com/image/upload/t_digital_product_image/w_1920/3005397_8718964317486-110_01_rwsita.webp,"Fix Price Kazakhstan: #12 in 'Для дома > Текстиль (Textiles)' (popular first); Fix Price Russia: #35 in 'Для дома > Организация хранения (storage & organisation)' (sorted by units sold) | Action PL 8.49 zl; Action also 'Składany kosz 30 x 30 cm' 12.95 zl and 38x26x25 cm 16.95 zl; n11 TR: foldable fabric boxes from Serstil and Adarya Home (Adarya 5-compartment 199.90 TL, 2 reviews)"
148,71.5,Ranked in 2 chains,HOME TEXTILES,Bedding basics,Pillow protection,Pillow protectors,Quilted zip pillow protector,"Чехол стёганый на молнии, 70x70 см",Fix Price,Russia,279,RUB,5.6,144,#6 Fix Price Kazakhstan (Для дома > Текстиль (Textiles)); #22 Fix Price Russia (Для дома > Текстиль (Textiles)),"Kazakhstan, Russia, Turkey",https://fix-price.com/catalog/dlya-doma/p-5072139-chehol-stganyy-na-molnii-7070-sm,https://img.fix-price.com/insecure/rs:fit:800:800/plain/bit/_marketplace/images/origin/8f/8fd82f17a1f9f880490a366bc53c8188.jpg,"Fix Price Kazakhstan: #6 in 'Для дома > Текстиль (Textiles)' (popular first); Fix Price Russia: #22 in 'Для дома > Текстиль (Textiles)' (sorted by units sold) | Fix Price RU 279 RUB, washable quilted 70x70 cm, in 'Текстиль'; same SKU listed by Fix Price KZ (plus 'Чехол на молнии, 50х70'); n11: 'Soley Sıvı Geçirmez Pamuklu Alez Yastık Koruyucu 2 Adet' 144 reviews"
149,71.5,Ranked in 2 chains,HOME TEXTILES,Window textiles,Blinds,Roller blinds,"Day-night (zebra) roller blind, small","Штора рулонная ""День-Ночь"", Home Time, 50х150 см, в ассортименте",Fix Price,Russia,449,RUB,9.01,29,#5 Fix Price Russia (Для дома > Текстиль (Textiles)); #7 Fix Price Kazakhstan (Для дома > Текстиль (Textiles)),"Belarus, Kazakhstan, Russia, Turkey",https://fix-price.com/catalog/dlya-doma/p-5073092-shtora-rulonnaya-den-noch-ome-ime-50h150-sm-v-assortimente,https://img.fix-price.com/insecure/rs:fit:800:800/plain/bit/_marketplace/images/origin/48/48d879d9b959622965ee4ccf7e1f52c4.jpg,"Fix Price Russia: #5 in 'Для дома > Текстиль (Textiles)' (sorted by units sold); Fix Price Kazakhstan: #7 in 'Для дома > Текстиль (Textiles)' (popular first) | Fix Price RU 449 RUB, 50x150 cm, listed on page 1 of 'Текстиль'; same SKU listed by Fix Price KZ and BY; n11: 'Pliseli Beyaz Stor Zebra Perde' 29 reviews, 36.30 TL"
150,71.5,Ranked in 2 chains,DECOR & ORGANISATION,Home Fragrance & Candles,Candles,Pillar Candles,"Pillar candle, unscented / lightly scented","Świeca pieńkowa 7 x 9,5 cm",Action,Poland,5.95,PLN,2.63,0,"#6 Fix Price Russia (Сувениры и подарки > Свечи, диффузоры, подсвечники (candles, diffusers, holders)); #63 Carrefour Poland (Wyposażenie domu > Przyjęcia i świece > Świece i zapachy)","Kazakhstan, Poland, Russia, Turkey",https://www.action.com/pl-pl/p/3205094/swieca-pienkowa/,https://asset.action.com/image/upload/t_digital_product_image/w_1920/3205094_8718964280476-110_01_njmqnh.webp,"Fix Price Russia: #6 in 'Сувениры и подарки > Свечи, диффузоры, подсвечники (candles, diffusers, holders)' (sorted by units sold); Carrefour Poland: #63 in 'Wyposażenie domu > Przyjęcia i świece > Świece i zapachy' (most popular) | Action PL 5.95 zl; Action 'Świece' also lists 'Świece pieńkowe' 4-pack (3.99 zl/pc); n11 TR 'Silindir Kütük Mum Beyaz' 189 TL; Fix Price KZ 'Свеча ароматическая, Аромат огня, 60х80 мм'"
151,71.4,Ranked in 2 chains,DECOR & ORGANISATION,Home Fragrance & Candles,Candles,Dinner Candles,"Dinner / taper candles, multipack",Świece stołowe Candra,Action,Poland,13.95,PLN,6.17,0,"#3 Fix Price Russia (Сувениры и подарки > Свечи, диффузоры, подсвечники (candles, diffusers, holders)); #12 Carrefour Poland (Wyposażenie domu > Przyjęcia i świece > Świece i zapachy)","Kazakhstan, Poland, Russia",https://www.action.com/pl-pl/p/3207521/swiece-stolowe-candra/,https://asset.action.com/image/upload/t_digital_product_image/w_1920/28175836.webp,"Fix Price Russia: #3 in 'Сувениры и подарки > Свечи, диффузоры, подсвечники (candles, diffusers, holders)' (sorted by units sold); Carrefour Poland: #12 in 'Wyposażenie domu > Przyjęcia i świece > Świece i zapachy' (most popular) | Action PL 13.95 zl for 10 (1.40 zl/pc as shown in 'Świece'), plus 'Długie świece' 6-pack and metallic 22 cm 4-pack; Fix Price RU and KZ both list 'Набор свечей, 19,5 см, 4 шт.'"
152,71.2,Ranked in 2 chains,HOME ESSENTIALS & DIY,Household Consumables & Fire,Fire & Candles,Lighters,Disposable pocket gas lighter,Zapalniczka gazowa Flame Classics,Action,Poland,3.99,PLN,1.76,0,#10 Fix Price Russia (Для дома > Хозяйственные мелочи (household sundries)); #12 Fix Price Kazakhstan (Для дома > Хозяйственные мелочи (Household sundries)),"Kazakhstan, Poland, Russia",https://www.action.com/pl-pl/p/2527288/zapalniczka-gazowa-flame-classics/,https://asset.action.com/image/upload/t_digital_product_image/w_1920/2527288_8711292206637-110_01_dswnmo.webp,"Fix Price Russia: #10 in 'Для дома > Хозяйственные мелочи (household sundries)' (sorted by units sold); Fix Price Kazakhstan: #12 in 'Для дома > Хозяйственные мелочи (Household sundries)' (popular first) | Action PL 3.99 zl; Action range also BIC 2-pack 7.49 zl, electronic lighters 5 pcs 4.49 zl, 3-pack 4.98 zl, refillable lighter 7.79 zl; Fix Price Luxlite lighter and Luxlite mechanical lighter listed in 'Хозяйственные мелочи'"
153,71.1,Ranked in 2 chains,HOUSEHOLD CLEANING,Brooms & Dustpans,Dustpan sets,Hand sets,Hand brush and dustpan set,"Комплект щётка-смётка с совком, в ассортименте",Fix Price,Kazakhstan,999,KZT,3.81,0,#20 Carrefour Poland (Wyposażenie domu > Domowe porządki (all)); #86 Fix Price Kazakhstan (Для дома > Для уборки (Cleaning)),"Kazakhstan, Poland, Russia, Turkey",https://fix-price.kz/ru/catalog/dlya-doma/p-5041118-komplekt-schtka-smtka-s-sovkom-v-assortimente,https://img.fix-price.com/insecure/rs:fit:800:800/plain/pim/images/a8022f031eefb6d7b4445898557fd7ab_17.jpg,"Carrefour Poland: #20 in 'Wyposażenie domu > Domowe porządki (all)' (most popular); Fix Price Kazakhstan: #86 in 'Для дома > Для уборки (Cleaning)' (popular first) | Fix Price KZ 999 KZT (also listed on Fix Price RU, currently out of stock); Action PL: Szczotka i szufelka; Action PL: Zmiotka i szufelka Vileda; n11 TR: Büyük Fırçalı Faraş Takım (hand set) listed"
154,70.9,Ranked in 3+ chains,DECOR & ORGANISATION,Decorative Accessories,Trays & Bowls,Decorative Trays,Decorative tray (marble-look / wood),Taca marmuropodobna,Action,Poland,29.95,PLN,13.24,1,"#4 Fix Price Russia (Сувениры и подарки > Подставки, шкатулки, светильники (trays, boxes, decorative lights)); #20 n11 Turkey (n11 search: tepsi); #78 Fix Price Kazakhstan (Декор для дома > Товары для декора (Decor))","Kazakhstan, Poland, Russia, Turkey",https://www.action.com/pl-pl/p/3216037/,https://asset.action.com/image/upload/t_digital_product_image/w_1920/3216037_8718964240159-110_01_ljphzv.webp,"Fix Price Russia: #4 in 'Сувениры и подарки > Подставки, шкатулки, светильники (trays, boxes, decorative lights)' (sorted by units sold); n11 Turkey: #20 in 'n11 search: tepsi' (best-selling); Fix Price Kazakhstan: #78 in 'Декор для дома > Товары для декора (Decor)' (popular first) | Action PL 29.95 zl (also rubberwood tray 9.95 zl on 'Wyposażenie domu'); Fix Price RU & KZ list 'Декоративный поднос ""ГолденБлэк""'; Fix Price KZ also 'Поднос декоративный, PREZENT, 240х195х45 мм'"
155,70.9,Ranked in 2 chains,HOME TEXTILES,Kitchen textiles,Sink & drying,Dish drying mats,Dish drying mat (absorbent),"Коврик под посуду, 38х50 см, в ассортименте",Fix Price,Russia,199,RUB,3.99,8,#21 Fix Price Russia (Для дома > Для кухни (Kitchen)); #43 Fix Price Kazakhstan (Для дома > Для кухни (Kitchen)),"Kazakhstan, Russia, Turkey",https://fix-price.com/catalog/dlya-doma/p-5071094-kovrik-pod-posudu-38h50-sm-v-assortimente,https://img.fix-price.com/insecure/rs:fit:800:800/plain/bit/_marketplace/images/origin/23/234035fe32585c12a8b4f92c04af77f4.jpg,"Fix Price Russia: #21 in 'Для дома > Для кухни (Kitchen)' (sorted by units sold); Fix Price Kazakhstan: #43 in 'Для дома > Для кухни (Kitchen)' (popular first) | Fix Price RU 199 RUB, polyester/foam 38x50 cm; Fix Price RU lists 6+ dish-mat SKUs (30x40, 25x40, 60x45, 'Коврик для сушки посуды, BonHome'); n11: 'Rotanev ... Silikon Bulaşık Kurutma Matı' 8 reviews; 'Mudo Home Bulaşık Kurutma Matı' 4 reviews"
156,70.5,Ranked in 2 chains,"TEA, COFFEE & TABLE",Tea & Coffee Serving,Tea Glassware,Tea Glasses with Handle,"Glass tea cup with handle, single",Szklanka do herbaty,Action,Poland,4.49,PLN,1.98,101,#4 n11 Turkey (n11 search: çay bardağı); #115 Fix Price Russia (Для дома > Для кухни (Kitchen)),"Kazakhstan, Poland, Russia, Turkey",https://www.action.com/pl-pl/p/3217091/szklanka-do-herbaty/,https://asset.action.com/image/upload/t_digital_product_image/w_1080/3217091_883314051841-111_01_qfhnrs.webp,"n11 Turkey: #4 in 'n11 search: çay bardağı' (best-selling); Fix Price Russia: #115 in 'Для дома > Для кухни (Kitchen)' (sorted by units sold) | Action PL 4.49 zl (280 ml, glass with handle); Action also lists 'Szklanka na herbate z kolorowym uchem' and 'Szklanka z uchem'; n11 TR: Reoona 6-pack handled glass cups 101 reviews, Lav Hestia 15 reviews, Pasabahce 55411 Keyif 12-pack 8 reviews"
157,69.8,Ranked in 2 chains,HOME ESSENTIALS & DIY,Home Devices,Clocks & Measuring,Clocks,Alarm clock (digital / analogue),Budzik cyfrowy,Action,Poland,16.9,PLN,7.47,127,"#57 Fix Price Russia (Для дома > Электротовары (electrical: batteries, bulbs, lighting, power, mobile)); #66 Fix Price Kazakhstan (Для дома > Электротовары (Electrical))","Kazakhstan, Poland, Russia, Turkey",https://www.action.com/pl-pl/p/2579600/budzik-cyfrowy/,https://asset.action.com/image/upload/t_digital_product_image/w_1920/2579600_5714988113885-110_02_nomznq.webp,"Fix Price Russia: #57 in 'Для дома > Электротовары (electrical: batteries, bulbs, lighting, power, mobile)' (sorted by units sold); Fix Price Kazakhstan: #66 in 'Для дома > Электротовары (Electrical)' (popular first) | Action PL 16.90 zl, plus square alarm clock 16.95 zl and Re-load wireless-charging alarm clock 34.98 zl; n11: Oddity 7-colour cube alarm clock 127 reviews, Valkyrie table alarm clock 24 reviews; Fix Price FLARX weather-station clock"
158,69.6,Ranked in 2 chains,KITCHEN TOOLS,Cutting & slicing tools,Kitchen knives,Paring / vegetable knives,"Serrated paring knives, multipack",Nożyki kuchenne Löwenthal,Action,Poland,3.99,PLN,1.76,1276,#1 n11 Turkey (n11 search: bıçak seti); #128 Fix Price Russia (Для дома > Для кухни (Kitchen)),"Poland, Russia, Turkey",https://www.action.com/pl-pl/p/3208720/nozyki-kuchenne-lowenthal/,https://asset.action.com/image/upload/t_digital_product_image/w_1920/3208720_8715986200840-110_01_tjjy04.webp,"n11 Turkey: #1 in 'n11 search: bıçak seti' (best-selling); Fix Price Russia: #128 in 'Для дома > Для кухни (Kitchen)' (sorted by units sold) | Action PL 3.99 zl for 5 knives; second Action SKU 'Noże kuchenne Cuisine Elegance' 4 pcs 3.72 zl; Fix Price kitchen category sorted 'popular first' (fix-price.com/catalog/dlya-doma/dlya-kukhni?sort=sold): 'Нож овощной, O'Kitchen, 23 см' on page 6 of 78 (top ~150 of ~1,870 kitchen SKUs); n11: Solingen 6-pc serrated fruit/veg knife set 1,276 reviews (149.90 TL), Solingen 6-pc serrated knives 758 reviews"
159,69.6,Ranked in 2 chains,HOME ESSENTIALS & DIY,Home Devices,Clocks & Measuring,Optics,Handheld magnifying glass,MAS BÜYÜTEÇ 90 MM 1108,n11,Turkey,254.8,TRY,8.87,136,"#34 Fix Price Russia (Для дома > Электротовары (electrical: batteries, bulbs, lighting, power, mobile)); #36 Fix Price Kazakhstan (Для дома > Электротовары (Electrical))","Kazakhstan, Russia, Turkey",https://www.n11.com/urun/mas-buyutec-90-mm-1108-33216925,https://n11scdn.akamaized.net/a1/400_570/04/05/51/37/IMG-5198755138858762020.jpg,"Fix Price Russia: #34 in 'Для дома > Электротовары (electrical: batteries, bulbs, lighting, power, mobile)' (sorted by units sold); Fix Price Kazakhstan: #36 in 'Для дома > Электротовары (Electrical)' (popular first) | n11 254.80 TL (search listing), 7 ratings 5.0; n11 LED desk magnifiers 104-136 reviews; Fix Price FLARX illuminated magnifier in 'Электротовары'"
160,69.6,Ranked in 2 chains,KITCHEN TOOLS,Cooking utensils,Spoons & ladles,Solid spoons,Solid cooking / serving spoon,"Ложка кухонная, O'Kitchen, 35 см, в ассортименте",Fix Price,Russia,79,RUB,1.59,10,#54 Carrefour Poland (Wyposażenie domu > Kuchnia i jadalnia > Akcesoria kuchenne); #151 Fix Price Russia (Для дома > Для кухни (Kitchen)),"Kazakhstan, Poland, Russia, Turkey",https://fix-price.com/catalog/dlya-doma/p-5092465-lojka-kuhonnaya-itchen35-sm-v-assortimente,https://img.fix-price.com/insecure/rs:fit:800:800/plain/bit/_marketplace/images/origin/5b/5b17349c3c608c63227add7297dca497.jpg,"Carrefour Poland: #54 in 'Wyposażenie domu > Kuchnia i jadalnia > Akcesoria kuchenne' (most popular); Fix Price Russia: #151 in 'Для дома > Для кухни (Kitchen)' (sorted by units sold) | Fix Price 79 RUB; Fix Price kitchen category sorted 'popular first' (dlya-kukhni?sort=sold, 78 pages x 24): this SKU on page 17; n11: 4-pc steel set (ladle/skimmer/spatula/spoon) 10 reviews; Kaspi: Tupperware 'Ложка поварская' listing"
161,69.4,Ranked in 2 chains,HOME ESSENTIALS & DIY,Electrical & Power,Batteries,Specialty batteries,12V remote-control batteries (A23 / A27),Energizer A23 12 V Baterie alkaliczne 2 sztuki,Carrefour,Poland,10.99,PLN,4.86,82,#18 n11 Turkey (n11 search: pil); #26 Carrefour Poland (Elektronika > Telewizory i RTV > Akcesoria > Baterie),"Poland, Turkey",https://www.carrefour.pl/zakupy-niecodzienne/elektronika/telewizory-i-rtv-59/akcesoria-pi/baterie-lm/energizer-a23-12-v-baterie-alkaliczne-2-sztuki,https://www.carrefour.pl/images/product/350x350/energizer-a23-12-v-baterie-alkaliczne-2-sztuki-NNbjSF.jpg,n11 Turkey: #18 in 'n11 search: pil' (best-selling); Carrefour Poland: #26 in 'Elektronika > Telewizory i RTV > Akcesoria > Baterie' (most popular)
162,69.4,Ranked in 2 chains,"LAUNDRY, BATH & WARDROBE",Wardrobe,Shoe care,Shoe accessories,Shoelaces,Sznurówki Shoe like,Action,Poland,0.77,PLN,0.34,0,#20 Fix Price Kazakhstan (Для дома > Аксессуары для обуви (Shoe care)); #21 Fix Price Russia (Для дома > Аксессуары для обуви (shoe care accessories)),"Kazakhstan, Poland, Russia",https://www.action.com/pl-pl/p/2545900/sznurowki-shoe-like/,https://asset.action.com/image/upload/t_digital_product_image/w_1920/39199149.webp,Fix Price Kazakhstan: #20 in 'Для дома > Аксессуары для обуви (Shoe care)' (popular first); Fix Price Russia: #21 in 'Для дома > Аксессуары для обуви (shoe care accessories)' (sorted by units sold) | Action PL 0.77 zl in dedicated sub-category 'Wkładki i sznurówki' (Moda > Obuwie)
163,69.4,Ranked in 2 chains,HOUSEHOLD CLEANING,Cleaning Brushes,Scrubbing brushes,Brush sets,"Cleaning brush set, assorted sizes (3 pcs)","Набор щёток, Home Time, 3 шт., в ассортименте",Fix Price,Russia,116,RUB,2.33,0,#20 Fix Price Kazakhstan (Для дома > Для уборки (Cleaning)); #23 Fix Price Russia (Для дома > Для уборки (cleaning tools)),"Kazakhstan, Poland, Russia",https://fix-price.com/catalog/dlya-doma/p-5041056-nabor-schtok-ome-ime-3-sht-v-assortimente,https://img.fix-price.com/insecure/rs:fit:800:800/plain/bit/_marketplace/images/origin/52/522d7bc8e81e91bc93e6daf0d06b0997.jpg,"Fix Price Kazakhstan: #20 in 'Для дома > Для уборки (Cleaning)' (popular first); Fix Price Russia: #23 in 'Для дома > Для уборки (cleaning tools)' (sorted by units sold) | Fix Price RU & KZ (116 RUB, kitchen & bathroom set); Action PL: Zestaw szczotek (3 części)"
164,69.2,Ranked in 2 chains,HOME ESSENTIALS & DIY,Electrical & Power,Lighting,LED bulbs,LED spot bulb GU10 / GU5.3,"Simpl Żarówka Led 4,5W GU10 biały ciepły",Carrefour,Poland,8.19,PLN,3.62,3,#7 n11 Turkey (n11 search: led ampul); #10 Carrefour Poland (Wyposażenie domu > Oświetlenie (all)),"Poland, Turkey",https://www.carrefour.pl/zakupy-niecodzienne/dom-i-ogrod/wyposazenie-domu/oswietlenie-a8/zarowki-74/simpl-zarowka-led-45w-gu10-bialy-cieply,https://www.carrefour.pl/images/product/350x350/simpl-zarowka-led-45w-gu10-bialy-cieply-grup23.jpg,n11 Turkey: #7 in 'n11 search: led ampul' (best-selling); Carrefour Poland: #10 in 'Wyposażenie domu > Oświetlenie (all)' (most popular)
165,69.2,Ranked in 2 chains,"LAUNDRY, BATH & WARDROBE",Wardrobe,Shoe care,Shoe shine sponges,Instant shoe-shine sponge,"Губка для обуви, придающая блеск, Happy Foot, бесцветная",Fix Price,Russia,33.0,RUB,0.66,0,#2 Fix Price Russia (Для дома > Аксессуары для обуви (shoe care accessories)); #3 Fix Price Kazakhstan (Для дома > Аксессуары для обуви (Shoe care)),"Kazakhstan, Russia",https://fix-price.com/catalog/dlya-doma/p-5053049-gubka-dlya-obuvi-pridayuschaya-blesk-appy-oot-bestsvetnaya,https://img.fix-price.com/insecure/rs:fit:800:800/plain/pim/images/f104ab947f379a099a3e2e7d20389601_24.jpg,Fix Price Russia: #2 in 'Для дома > Аксессуары для обуви (shoe care accessories)' (sorted by units sold); Fix Price Kazakhstan: #3 in 'Для дома > Аксессуары для обуви (Shoe care)' (popular first)
166,69.2,Ranked in 2 chains,"TEA, COFFEE & TABLE",Drinkware,Glasses,Tumblers - single,"Glass drinking tumbler, single",Szklanka,Action,Poland,4.49,PLN,1.98,0,#4 Carrefour Poland (Wyposażenie domu > Kuchnia i jadalnia > Zastawa stołowa); #36 Fix Price Russia (Для дома > Для кухни (Kitchen)),"Poland, Russia",https://www.action.com/pl-pl/p/3217491/szklanka/,https://asset.action.com/image/upload/t_digital_product_image/w_1080/3217491_8712628207489-110_01_combbn.webp,"Carrefour Poland: #4 in 'Wyposażenie domu > Kuchnia i jadalnia > Zastawa stołowa' (most popular); Fix Price Russia: #36 in 'Для дома > Для кухни (Kitchen)' (sorted by units sold) | Action PL 4.49 zl (300 ml, 4 colours); Action 'Szklanki' category lists 30+ glass SKUs; Fix Price: 'Стакан низкий, 250 мл, в ассортименте' and 'Стакан, FunCook, 400 мл' in core kitchen range"
167,69.2,Ranked in 2 chains,"LAUNDRY, BATH & WARDROBE",Wardrobe,Shoe care,Shoe trays,Boot / shoe drip tray,"Поддон для обуви, 70х3х37 см",Fix Price,Russia,199.0,RUB,3.99,0,#1 Fix Price Russia (Для дома > Аксессуары для обуви (shoe care accessories)); #2 Fix Price Kazakhstan (Для дома > Аксессуары для обуви (Shoe care)),"Kazakhstan, Russia",https://fix-price.com/catalog/dlya-doma/p-5069284-poddon-dlya-obuvi-70h3h37-sm,https://img.fix-price.com/insecure/rs:fit:800:800/plain/pim/images/_default_upload_bucket/5069284_anons_1080x1350.jpg,Fix Price Russia: #1 in 'Для дома > Аксессуары для обуви (shoe care accessories)' (sorted by units sold); Fix Price Kazakhstan: #2 in 'Для дома > Аксессуары для обуви (Shoe care)' (popular first)
168,69.0,Ranked in 1 chain,HOME ESSENTIALS & DIY,Fixing & Hanging,Adhesives & Tapes,Glues,"Super glue (cyanoacrylate), small tube",Klej błyskawiczny Bison,Action,Poland,3.99,PLN,1.76,141,#2 Carrefour Poland (Dom i ogród > Remont i warsztat (all)),"Poland, Russia, Turkey",https://www.action.com/pl-pl/p/2562356/klej-blyskawiczny-bison/,https://asset.action.com/image/upload/t_digital_product_image/w_1080/22690535.webp,"Carrefour Poland: #2 in 'Dom i ogród > Remont i warsztat (all)' (most popular) | Action PL 3.99 zl (2x2 g gel); Fix Price: Evrogarant 'Секундный' 3 g, Vintanet 3 g, NAVR 3 g, 'Сила притяжения' gel, Master Hand glue set 116 RUB; n11: Pattex Japon 3 g 141 reviews, Scotch 3'lu 33 reviews"
169,68.8,Ranked in 2 chains,KITCHEN TOOLS,Organisers for tools,Spoon rests,Countertop,Spoon rest,Porsima Org-85 Kaşık Ve Kapak Tutucu Kaşık Kepçe Altlığı Antrasit,n11,Turkey,115.56,TRY,4.02,2,#19 Fix Price Kazakhstan (Для дома > Для кухни (Kitchen)); #30 Fix Price Russia (Для дома > Для кухни (Kitchen)),"Kazakhstan, Russia, Turkey",https://www.n11.com/urun/porsima-org-85-kasik-ve-kapak-tutucu-kasik-kepce-altligi-antrasit-55949625,https://n11scdn.akamaized.net/a1/400_570/15/20/53/83/IMG-1884614981554984481.jpg,"Fix Price Kazakhstan: #19 in 'Для дома > Для кухни (Kitchen)' (popular first); Fix Price Russia: #30 in 'Для дома > Для кухни (Kitchen)' (sorted by units sold) | n11 listing 115.56 TL (2 ratings); Fix Price kitchen category sorted 'popular first' (dlya-kukhni?sort=sold, 78 pages x 24): 'Подставка под ложку, O`Kitchen' is #6 on page 2 = rank ~30 of ~1,870 kitchen SKUs (highest-ranked hand-tool type found); n11: 8+ spoon/ladle rest listings (Porsima silicone, melamine, acrylic)"
170,68.6,Ranked in 2 chains,KITCHEN TOOLS,Food preparation gadgets,Salad & herb tools,Spinners,Salad spinner,"Gondol Vega Salata Kurutucu 4,4 Lt G25 Yeşil",n11,Turkey,271,TRY,9.43,54,#23 n11 Turkey (n11 search: saklama kabı); #51 Carrefour Poland (Wyposażenie domu > Kuchnia i jadalnia > Przechowywanie żywności),"Kazakhstan, Poland, Turkey",https://www.n11.com/urun/gondol-vega-salata-kurutucu-44-lt-g25-yesil-34411731,https://n11scdn.akamaized.net/a1/400_570/14/85/44/76/IMG-4683340146394658148.jpg,"n11 Turkey: #23 in 'n11 search: saklama kabı' (best-selling); Carrefour Poland: #51 in 'Wyposażenie domu > Kuchnia i jadalnia > Przechowywanie żywności' (most popular) | n11 listing 271 TL; n11: 54 ratings (4.5*), category Pratik Mutfak Gereçleri > Süzgeç; Tefal foldable salad spinner 37 reviews; Kaspi: 'Сушилка для салатов 2 л, пластик' listing"
171,68.5,Ranked in 2 chains,DECOR & ORGANISATION,Home Fragrance & Candles,Home Fragrance,Wax Melts,Scented wax melts for aroma burner,"Ароматический воск для аромалампы, в ассортименте",Fix Price,Russia,174.5,RUB,3.5,53,"#31 Carrefour Poland (Wyposażenie domu > Przyjęcia i świece > Świece i zapachy); #77 Fix Price Russia (Сувениры и подарки > Свечи, диффузоры, подсвечники (candles, diffusers, holders))","Poland, Russia",https://fix-price.com/catalog/suveniry-i-podarki/p-5246096-aromavosk-d_aromalampy-imp,https://img.fix-price.com/insecure/rs:fit:800:800/plain/bit/_marketplace/images/origin/8e/8e4fbd40f14a9d9d5d2e43febef0ff23.JPG,"Carrefour Poland: #31 in 'Wyposażenie domu > Przyjęcia i świece > Świece i zapachy' (most popular); Fix Price Russia: #77 in 'Сувениры и подарки > Свечи, диффузоры, подсвечники (candles, diffusers, holders)' (sorted by units sold) | Fix Price RU 174.50 RUB (107 g, paraffin, assorted scents); companion burners sold on Kaspi KZ ('Аромалампы' category) and n11 TR (ceramic buhurdanlık, 53 reviews)"
172,68.5,Ranked in 2 chains,"LAUNDRY, BATH & WARDROBE",Bath,Toilet,Toilet accessories,Toilet roll holder,Uchwyt na papier toaletowy,Action,Poland,9.95,PLN,4.4,0,#7 Fix Price Kazakhstan (Для дома > Для ванной (Bathroom)); #42 Fix Price Russia (Для дома > Хозяйственные мелочи (household sundries)),"Kazakhstan, Poland, Russia",https://www.action.com/pl-pl/p/2577322/uchwyt-na-papier-toaletowy/,https://asset.action.com/image/upload/t_digital_product_image/w_1920/2577322_8711292206675-111_01_m16wi0.webp,"Fix Price Kazakhstan: #7 in 'Для дома > Для ванной (Bathroom)' (popular first); Fix Price Russia: #42 in 'Для дома > Хозяйственные мелочи (household sundries)' (sorted by units sold) | Action PL 9.95 zl, plus freestanding acacia-base holder 19.95 zl ('Akcesoria łazienkowe')"
173,68.4,Ranked in 2 chains,HOME TEXTILES,Living & decor textiles,Seat textiles,Chair covers,Stretch chair cover,"Чехол на стул, Home Time, в ассортименте",Fix Price,Russia,299,RUB,6.0,5,#1 Fix Price Kazakhstan (Для дома > Текстиль (Textiles)); #1 Fix Price Russia (Для дома > Текстиль (Textiles)),"Belarus, Kazakhstan, Russia, Turkey",https://fix-price.com/catalog/dlya-doma/p-5062073-chehol-na-stul-ome-ime-v-assortimente,https://img.fix-price.com/insecure/rs:fit:800:800/plain/bit/_marketplace/images/origin/45/45b4f914689b2ee43d846f6b565d5366.jpg,"Fix Price Kazakhstan: #1 in 'Для дома > Текстиль (Textiles)' (popular first); Fix Price Russia: #1 in 'Для дома > Текстиль (Textiles)' (sorted by units sold) | Fix Price RU 299 RUB, polyester/spandex, first item on 'Текстиль' page; same SKU listed by Fix Price KZ and Fix Price BY; n11: 'StarMall Ipek Kadife Sandalye Kılıfı' 99.96 TL, 5 reviews; 'A Kalite Elma Sandalye Kılıfı' 2-pc"
174,68.1,Ranked in 2 chains,HOUSEHOLD CLEANING,Sponges & Scourers,Scourers,Flat scouring pads,Flat abrasive scouring pads,"Салфетки абразивные, 12,5х15 см, 3 шт., в ассортименте",Fix Price,Kazakhstan,299,KZT,1.14,0,#23 Carrefour Poland (Wyposażenie domu > Domowe porządki > Rękawiczki i ścierki); #81 Fix Price Kazakhstan (Для дома > Для уборки (Cleaning)),"Kazakhstan, Poland, Russia",https://fix-price.kz/ru/catalog/dlya-doma/p-5026314-salfetki-abrazivnye-125h15-sm-3-sht-v-assortimente,https://img.fix-price.com/insecure/rs:fit:800:800/plain/pim/images/717e66407111d16877036f74a0bb4cce_32.jpg,Carrefour Poland: #23 in 'Wyposażenie domu > Domowe porządki > Rękawiczki i ścierki' (most popular); Fix Price Kazakhstan: #81 in 'Для дома > Для уборки (Cleaning)' (popular first) | Fix Price KZ 299 KZT (also listed on Fix Price RU); Action PL: Gąbki ścierne bez zarysowań Multy (non-scratch scouring pads)
175,68.1,Ranked in 2 chains,KITCHEN TOOLS,Sieves & colanders,Sieves,Mesh with handle,Mesh sieve with handle,Sito z uchwytem,Action,Poland,7.29,PLN,3.22,0,#13 Carrefour Poland (Wyposażenie domu > Kuchnia i jadalnia > Akcesoria kuchenne); #96 Fix Price Russia (Для дома > Для кухни (Kitchen)),"Kazakhstan, Poland, Russia",https://www.action.com/pl-pl/p/2500062/sito-z-uchwytem/,https://asset.action.com/image/upload/t_digital_product_image/w_1080/38559550.webp,"Carrefour Poland: #13 in 'Wyposażenie domu > Kuchnia i jadalnia > Akcesoria kuchenne' (most popular); Fix Price Russia: #96 in 'Для дома > Для кухни (Kitchen)' (sorted by units sold) | Action PL 7.29 zl (20 cm stainless, long handle); Fix Price kitchen category sorted 'popular first' (fix-price.com/catalog/dlya-doma/dlya-kukhni?sort=sold): 'Сито с ручкой, O`Kitchen, 16 см' on page 4 (top ~96), 6.5 cm on page 5, 13.5 cm page 14, 18 & 38 cm page 18; Kaspi: 10 cm long-handle sieve and flour sieves"
176,68.1,Ranked in 2 chains,HOME ESSENTIALS & DIY,Electrical & Power,Batteries,Household batteries,"Alkaline D (LR20) batteries, 2-pack",Duracell D LR20/MN1300 1.5 V Baterie alkaliczne 2 sztuki,Carrefour,Poland,21.59,PLN,9.54,0,"#9 Carrefour Poland (Elektronika > Telewizory i RTV > Akcesoria > Baterie); #24 Fix Price Russia (Для дома > Электротовары (electrical: batteries, bulbs, lighting, power, mobile))","Poland, Russia",https://www.carrefour.pl/zakupy-niecodzienne/elektronika/telewizory-i-rtv-59/akcesoria-pi/baterie-lm/duracell-d-lr20-mn1300-1-5-v-baterie-alkaliczne-2-sztuki,https://www.carrefour.pl/images/product/350x350/duracell-d-lr20-mn1300-1-5-v-baterie-alkaliczne-2-sztuki-hfDFiV.jpg,"Carrefour Poland: #9 in 'Elektronika > Telewizory i RTV > Akcesoria > Baterie' (most popular); Fix Price Russia: #24 in 'Для дома > Электротовары (electrical: batteries, bulbs, lighting, power, mobile)' (sorted by units sold)"
177,67.9,Ranked in 1 chain,KITCHEN TOOLS,Cooking utensils,Whisks & mashers,Mashers,Potato masher,Tłuczek do ziemniaków MasterChef,Action,Poland,6.49,PLN,2.87,16,#2 Carrefour Poland (Wyposażenie domu > Kuchnia i jadalnia > Akcesoria kuchenne),"Kazakhstan, Poland, Russia, Turkey",https://www.action.com/pl-pl/p/3219764/tluczek-do-ziemniakow-masterchef/,https://asset.action.com/image/upload/t_digital_product_image/w_1920/3219764_8721098348578-110_01_gkcahw.webp,"Carrefour Poland: #2 in 'Wyposażenie domu > Kuchnia i jadalnia > Akcesoria kuchenne' (most popular) | Action PL 6.49 zl; n11: IKEA Idealisk masher 16 reviews, metal masher 13 reviews; Fix Price: O'Kitchen толкушка 31.5 cm at 79 RUB (search title) + 'Толкушка для картофеля'; Kaspi: толкушка listings"
178,67.8,Ranked in 2 chains,HOME ESSENTIALS & DIY,Home Devices,Clocks & Measuring,Scales,Digital luggage scale,Waga do bagażu,Action,Poland,11.99,PLN,5.3,44,"#40 Fix Price Kazakhstan (Для дома > Электротовары (Electrical)); #81 Fix Price Russia (Для дома > Электротовары (electrical: batteries, bulbs, lighting, power, mobile))","Kazakhstan, Poland, Russia, Turkey",https://www.action.com/pl-pl/p/3224180/waga-do-bagazu/,https://asset.action.com/image/upload/t_digital_product_image/w_1920/3224180_5714988102759-110_02_zvgnl6.webp,"Fix Price Kazakhstan: #40 in 'Для дома > Электротовары (Electrical)' (popular first); Fix Price Russia: #81 in 'Для дома > Электротовары (electrical: batteries, bulbs, lighting, power, mobile)' (sorted by units sold) | Action PL 11.99 zl in 'Akcesoria podrozne'; Fix Price electronic luggage steelyard; n11: Aek-Tech 50 kg luggage scale 44 reviews"
179,67.7,Ranked in 2 chains,FOOD STORAGE & DRINKWARE-TO-GO,Ice & frozen treats,Frozen treat moulds,Popsicle moulds,Popsicle / ice-lolly moulds with sticks,İndecor Houseware Silikon Dondurma Kalıbı 4'lü Büyük Boy Beyaz,n11,Turkey,149.9,TRY,5.22,11,#17 Fix Price Kazakhstan (Для дома > Для ванной (Bathroom)); #25 Fix Price Russia (Для дома > Для ванной (bathroom)),"Kazakhstan, Russia, Turkey",https://www.n11.com/urun/indecor-houseware-silikon-dondurma-kalibi-4lu-buyuk-boy-beyaz-123192232,https://n11scdn.akamaized.net/a1/400_570/02/25/92/70/IMG-1168365146500817239.jpg,"Fix Price Kazakhstan: #17 in 'Для дома > Для ванной (Bathroom)' (popular first); Fix Price Russia: #25 in 'Для дома > Для ванной (bathroom)' (sorted by units sold) | n11: 10 reviews, 4.5/5 (price 149.90 TL from listing); '4' Lü Magnum Dondurma Kalıbı' 11 reviews; 'Rotanev 6 lı Meybuz' 3 reviews - 10+ SKUs in n11 listing"
180,67.7,Ranked in 2 chains,"TEA, COFFEE & TABLE",Table Accessories,Condiment Serving,Salt & Pepper Shakers,"Glass salt & pepper shakers, 2-pack",Przyprawniki Excellent Houseware,Action,Poland,3.99,PLN,1.76,0,#17 n11 Turkey (n11 search: baharatlık); #36 Carrefour Poland (Wyposażenie domu > Kuchnia i jadalnia > Akcesoria kuchenne),"Kazakhstan, Poland, Russia, Turkey",https://www.action.com/pl-pl/p/3204056/przyprawniki-excellent-houseware/,https://asset.action.com/image/upload/t_digital_product_image/w_1080/21556942.webp,"n11 Turkey: #17 in 'n11 search: baharatlık' (best-selling); Carrefour Poland: #36 in 'Wyposażenie domu > Kuchnia i jadalnia > Akcesoria kuchenne' (most popular) | Action PL 3.99 zl / 2 pcs (2.00 zl each); Fix Price: 'Набор: солонка и перечница, O'Kitchen', 'Солонка, Barbara, 100 мл', 'Солонка, в ассортименте'; Trendyol: ZERR glass salt-pepper set, Narin set + dedicated 'Porselen tuzluk biberlik seti' page; Kaspi dedicated category Солонки и перечницы | Action PL 2.00 zl (2 pcs, 'Akcesoria kuchenne'); Fix Price RU 'Набор контейнеров, O'Kitchen, 40 мл, 6 шт.' for spices (69 RUB in page title)"
181,67.6,Ranked in 2 chains,KITCHEN TOOLS,Cooking utensils,Whisks & mashers,Whisks,Balloon whisk,Trzepaczka kuchenna MasterChef,Action,Poland,3.99,PLN,1.76,0,#1 Carrefour Poland (Wyposażenie domu > Kuchnia i jadalnia > Akcesoria kuchenne); #176 Fix Price Russia (Для дома > Для кухни (Kitchen)),"Kazakhstan, Poland, Russia",https://www.action.com/pl-pl/p/3219765/trzepaczka-kuchenna-masterchef/,https://asset.action.com/image/upload/t_digital_product_image/w_1920/3219765_8721098348592-110_01_gqr2ei.webp,"Carrefour Poland: #1 in 'Wyposażenie domu > Kuchnia i jadalnia > Akcesoria kuchenne' (most popular); Fix Price Russia: #176 in 'Для дома > Для кухни (Kitchen)' (sorted by units sold) | Action PL 3.99 zl (31 cm); Fix Price: 4+ венчик SKUs (O'Kitchen 25 / 26.5 / 29.5 cm, 'Венчик для взбивания'); Kaspi: венчик нержавеющая сталь listing"
182,67.4,Ranked in 2 chains,HOME ESSENTIALS & DIY,Tools,Painting & Finishing,Paint brushes,Paint brush (single / set),"Набор кистей плоских малярных, Master Hand, 3 шт., в ассортименте",Fix Price,Russia,116.0,RUB,2.33,0,#8 Fix Price Russia (Для дома > Для ремонта (repair / tools / hardware)); #14 Fix Price Kazakhstan (Для дома > Для ремонта (Repair / tools)),"Kazakhstan, Russia",https://fix-price.com/catalog/dlya-doma/dlya-remonta/p-5002009-nabor-kistey-ploskih-malyarnyh-aster-and-3-sht-v-assortimente,https://img.fix-price.com/insecure/rs:fit:800:800/plain/pim/images/b52380f9cf2b555a51118fe91eb41a84_42.jpg,Fix Price Russia: #8 in 'Для дома > Для ремонта (repair / tools / hardware)' (sorted by units sold); Fix Price Kazakhstan: #14 in 'Для дома > Для ремонта (Repair / tools)' (popular first)
183,67.4,Ranked in 2 chains,HOME ESSENTIALS & DIY,Tools,Hand Tools,Abrasives,Sandpaper assortment / sanding sponges,"Набор наждачной бумаги, Master Hand, 15 шт.",Fix Price,Kazakhstan,649.0,KZT,2.48,0,#4 Fix Price Kazakhstan (Для дома > Для ремонта (Repair / tools)); #23 Fix Price Russia (Для дома > Для ремонта (repair / tools / hardware)),"Kazakhstan, Russia",https://fix-price.kz/ru/catalog/dlya-doma/dlya-remonta/p-5006057-nabor-najdachnoy-bumagi-aster-and-15-sht,https://img.fix-price.com/insecure/rs:fit:800:800/plain/pim/images/a8116aa2e4121e21735f84c18801182a_11.jpg,Fix Price Kazakhstan: #4 in 'Для дома > Для ремонта (Repair / tools)' (popular first); Fix Price Russia: #23 in 'Для дома > Для ремонта (repair / tools / hardware)' (sorted by units sold)
184,67.4,Ranked in 2 chains,DECOR & ORGANISATION,Lighting & LED Decor,Decorative Lamps,Cordless Mood Lamps,Cordless LED mood table lamp (mushroom / mini),Lampa stołowa Ø 12 x 11 cm,Action,Poland,12.95,PLN,5.72,0,"#1 Fix Price Russia (Сувениры и подарки > Подставки, шкатулки, светильники (trays, boxes, decorative lights)); #11 Fix Price Kazakhstan (Декор для дома > Товары для декора (Decor))","Kazakhstan, Poland, Russia",https://www.action.com/pl-pl/p/3221029/lampa-stolowa/,https://asset.action.com/image/upload/t_digital_product_image/w_1920/3221029_8718964270439-111_01_oe0f0h.webp,"Fix Price Russia: #1 in 'Сувениры и подарки > Подставки, шкатулки, светильники (trays, boxes, decorative lights)' (sorted by units sold); Fix Price Kazakhstan: #11 in 'Декор для дома > Товары для декора (Decor)' (popular first) | Action PL 12.95 zl; Action 'Lampy' page 1 shows 10+ cordless/rechargeable mood lamps (glass mushroom lamp 22.90 zl, multicolour cordless 21.95 zl); Fix Price RU and KZ both list 'Декоративный LED светильник, в ассортименте' plus heart, chalet and fireplace LED lamps"
185,67.3,Ranked in 2 chains,KITCHEN TOOLS,Openers,Bottle openers,Hand-held,Bottle opener,"Открывалка для бутылок, O'Kitchen, в ассортименте",Fix Price,Russia,59,RUB,1.18,19,#89 Carrefour Poland (Wyposażenie domu > Kuchnia i jadalnia > Akcesoria kuchenne); #232 Fix Price Russia (Для дома > Для кухни (Kitchen)),"Kazakhstan, Poland, Russia, Turkey",https://fix-price.com/catalog/dlya-doma/p-5092676-otkryvalka-dlya-butylok-itchen-v-assortimente,https://img.fix-price.com/insecure/rs:fit:800:800/plain/bit/_marketplace/images/origin/93/93b22f8c3d0549c28e7bd314eb3ff1e2.jpg,"Carrefour Poland: #89 in 'Wyposażenie domu > Kuchnia i jadalnia > Akcesoria kuchenne' (most popular); Fix Price Russia: #232 in 'Для дома > Для кухни (Kitchen)' (sorted by units sold) | Fix Price 59 RUB; Fix Price kitchen category sorted 'popular first' (dlya-kukhni?sort=sold, 78 pages x 24): listed on pages 10 and 11 (top ~260); n11: steel card bottle opener 19 reviews, Kiwi opener 7 reviews; Kaspi: 5-in-1 universal bottle opener listing"
186,67.2,Ranked in 1 chain,KITCHEN TOOLS,Food preparation gadgets,Crushers & presses,Garlic,Garlic press,Praska do czosnku MasterChef,Action,Poland,8.95,PLN,3.96,219,#39 Carrefour Poland (Wyposażenie domu > Kuchnia i jadalnia > Akcesoria kuchenne),"Kazakhstan, Poland, Russia, Turkey",https://www.action.com/pl-pl/p/3219766/praska-do-czosnku-masterchef/,https://asset.action.com/image/upload/t_digital_product_image/w_1920/3219766_8721098348608-110_01_bpqykx.webp,"Carrefour Poland: #39 in 'Wyposażenie domu > Kuchnia i jadalnia > Akcesoria kuchenne' (most popular) | Action PL 8.95 zl; n11: IKEA Koncis garlic press 219 reviews, Pratik garlic chopper 38 reviews; Fix Price: O'Kitchen пресс для чеснока at 149 RUB (search title) + 2 more SKUs; Kaspi: 10+ пресс для чеснока listings (Tefal, Stern, Vivagoods)"
187,67.0,Ranked in 2 chains,"LAUNDRY, BATH & WARDROBE",Bath,Bath accessories,Bathroom bins,Small bathroom bin with lid,Tutma Saplı İç Kovalı Tezgah Üst Mutfak ve Banyo Çöp Kovası 4 Lt - Gri,n11,Turkey,380,TRY,13.22,105,#21 Carrefour Poland (Wyposażenie domu > Łazienka (all)); #95 Fix Price Russia (Для дома > Для уборки (cleaning tools)),"Poland, Russia, Turkey",https://www.n11.com/urun/tutma-sapli-ic-kovali-tezgah-ust-mutfak-ve-banyo-cop-kovasi-4-lt-gri-39712689,https://n11scdn.akamaized.net/a1/400_570/08/81/78/83/IMG-7589400899230673317.jpg,"Carrefour Poland: #21 in 'Wyposażenie domu > Łazienka (all)' (most popular); Fix Price Russia: #95 in 'Для дома > Для уборки (cleaning tools)' (sorted by units sold) | n11: 105 ratings, 4.0/5 (category Çöp Kovası); n11 'Slim Sensörlü Çöp Kovası 9 Litre' 21 ratings, Porsima sensor bin 15 ratings"
188,66.7,Ranked in 2 chains,DECOR & ORGANISATION,Storage & Organisation,Desk Organisers,Desk Tidies,Desk organiser / pen holder with compartments,Organizer na biurko 18 x 10 x 12 cm,Action,Poland,7.95,PLN,3.51,68,"#12 n11 Turkey (n11 search: organizer); #94 Fix Price Russia (Сувениры и подарки > Подставки, шкатулки, светильники (trays, boxes, decorative lights))","Poland, Russia, Turkey",https://www.action.com/pl-pl/p/3220662/organizer-na-biurko/,https://asset.action.com/image/upload/t_digital_product_image/w_1920/3220662_8718964263813-111_01_amqf5w.webp,"n11 Turkey: #12 in 'n11 search: organizer' (best-selling); Fix Price Russia: #94 in 'Сувениры и подарки > Подставки, шкатулки, светильники (trays, boxes, decorative lights)' (sorted by units sold) | Action PL 7.95 zl on category page 1 (shown at 6.39 zl on page 2 - promotion); Fix Price RU 'Настольный органайзер, PREZENT' (35 RUB clearance per page title) and vertical document tray Hupper Dupper 349 RUB"
189,66.6,Ranked in 3+ chains,KITCHEN TOOLS,Cutting boards,Wood & bamboo boards,Large,"Large cutting board (30+ cm, plastic / wood / PE)",Deska FLORINA Okrągła Duża 30 cm 7D7001,Carrefour,Poland,36.89,PLN,16.31,42,#10 n11 Turkey (n11 search: kesme tahtası); #102 Carrefour Poland (Wyposażenie domu > Kuchnia i jadalnia > Akcesoria kuchenne); #178 Fix Price Russia (Для дома > Для кухни (Kitchen)),"Poland, Russia, Turkey",https://www.carrefour.pl/zakupy-niecodzienne/dom-i-ogrod/wyposazenie-domu/kuchnia-i-jadalnia/akcesoria-kuchenne-ul/deska-florina-okragla-duza-30-cm-7d7001,https://www.carrefour.pl/images/product/org/deska-florina-okragla-duza-30-cm-7d7001-uirhkf.jpg,n11 Turkey: #10 in 'n11 search: kesme tahtası' (best-selling); Carrefour Poland: #102 in 'Wyposażenie domu > Kuchnia i jadalnia > Akcesoria kuchenne' (most popular); Fix Price Russia: #178 in 'Для дома > Для кухни (Kitchen)' (sorted by units sold)
190,66.3,Ranked in 2 chains,HOME TEXTILES,Table linen,Tablecloths,Wipe-clean tablecloths,Vinyl wipe-clean tablecloth (fixed size),Obrus na stół z winylu,Action,Poland,22.95,PLN,10.14,103,#26 Carrefour Poland (Wyposażenie domu > Przyjęcia i świece (all)); #39 Fix Price Russia (Для дома > Для кухни (Kitchen)),"Poland, Russia, Turkey",https://www.action.com/pl-pl/p/2570532/obrus-na-stol-z-winylu/,https://asset.action.com/image/upload/t_digital_product_image/w_1080/2570532_8718858315215-111_01_zba6j4.webp,"Carrefour Poland: #26 in 'Wyposażenie domu > Przyjęcia i świece (all)' (most popular); Fix Price Russia: #39 in 'Для дома > Для кухни (Kitchen)' (sorted by units sold) | Action PL 22.95 zl, vinyl 140x200 cm, in 'Tekstylia do kuchni'; n11: 'Moderno Silinebilir Pvc Masa Örtüsü' 103 reviews, 310.99 TL; 'Astarlı Silinebilir Pvc Muşamba Masa Örtüsü' 30 reviews, 199.90 TL; Action PL also 'Obrus na stół' plastic 140x240 cm 17.95 zl"
191,66.2,Ranked in 1 chain,KITCHEN TOOLS,Cooking utensils,Spoons & ladles,Slotted,Slotted spoon / skimmer,Łyżka cedzakowa MasterChef,Action,Poland,6.49,PLN,2.87,6,#8 Carrefour Poland (Wyposażenie domu > Kuchnia i jadalnia > Akcesoria kuchenne),"Kazakhstan, Poland, Russia, Turkey",https://www.action.com/pl-pl/p/3219763/lyzka-cedzakowa-masterchef/,https://asset.action.com/image/upload/t_digital_product_image/w_1920/3219763_8721098348561-110_01_r3hldf.webp,Carrefour Poland: #8 in 'Wyposażenie domu > Kuchnia i jadalnia > Akcesoria kuchenne' (most popular) | Action PL 6.49 zl (33 cm); Fix Price: 3 шумовка SKUs incl. O'Kitchen 35 cm at 39.50 RUB (search title); Kaspi: 10+ шумовка listings; n11: steel frying skimmer 6 reviews
192,65.8,Ranked in 2 chains,"LAUNDRY, BATH & WARDROBE",Wardrobe,Hangers,Clothes hangers,"Velvet non-slip hangers, set","Вешалки бархатные, Home Time, 4 шт., в ассортименте",Fix Price,Russia,149,RUB,2.99,8,#2 Fix Price Russia (Для дома > Аксессуары для одежды (clothes accessories)); #4 Fix Price Kazakhstan (Для дома > Аксессуары для одежды (Clothes care)),"Kazakhstan, Poland, Russia, Turkey",https://fix-price.com/catalog/dlya-doma/aksessuary-dlya-odezhdy/p-5060225-veshalki-barhatnye-ome-ime-4-sht-v-assortimente,https://img.fix-price.com/insecure/rs:fit:800:800/plain/pim/images/7f0d595ca2272a1d0d90b2298179530a_41.jpg,"Fix Price Russia: #2 in 'Для дома > Аксессуары для одежды (clothes accessories)' (sorted by units sold); Fix Price Kazakhstan: #4 in 'Для дома > Аксессуары для одежды (Clothes care)' (popular first) | Fix Price 149 RUB, on 'спец цена по карте' promo (category 'Аксессуары для одежды'); Action PL 'Aksamitne wieszaki – Czarny, 10 szt.'; n11: '10 Adet Premium Kadife ... Askısı' 8 reviews, Naturalove 6'lı 5 reviews; Action PL velvet 10 pcs 9.95 zl"
193,65.8,Ranked in 2 chains,FOOD STORAGE & DRINKWARE-TO-GO,Pantry storage,Dry-goods containers,Single canisters,"Plastic dry-goods canister, single (0.5-2 L)","Pojemnik na Artykuły Sypkie Curver 1,7 l Przezroczysty",Carrefour,Poland,19.99,PLN,8.84,0,#14 Fix Price Kazakhstan (Для дома > Для ванной (Bathroom)); #19 Carrefour Poland (Wyposażenie domu > Kuchnia i jadalnia > Przechowywanie żywności),"Kazakhstan, Poland",https://www.carrefour.pl/zakupy-niecodzienne/dom-i-ogrod/wyposazenie-domu/kuchnia-i-jadalnia/przechowywanie-zywnosci/pojemnik-na-artykuly-sypkie-curver-17-l-przezroczysty,https://www.carrefour.pl/images/product/350x350/pojemnik-na-artykuly-sypkie-curver-17-l-przezroczysty-qn8pva.jpg,Fix Price Kazakhstan: #14 in 'Для дома > Для ванной (Bathroom)' (popular first); Carrefour Poland: #19 in 'Wyposażenie domu > Kuchnia i jadalnia > Przechowywanie żywności' (most popular)
194,65.6,Ranked in 2 chains,HOME ESSENTIALS & DIY,Tools,Protective Wear,Work gloves,Work gloves (knitted / latex-coated),"Перчатки, Оптима, 4 пары",Fix Price,Russia,99.0,RUB,1.99,0,#16 Fix Price Russia (Для дома > Хозяйственные мелочи (household sundries)); #20 Fix Price Kazakhstan (Для дома > Хозяйственные мелочи (Household sundries)),"Kazakhstan, Russia",https://fix-price.com/catalog/sad-i-ogorod/p-5043015-perchatki-optima-4-pary,https://img.fix-price.com/insecure/rs:fit:800:800/plain/pim/images/_default_upload_bucket/498c793c539e3a2d7683abee22b63c3e.jpg,Fix Price Russia: #16 in 'Для дома > Хозяйственные мелочи (household sundries)' (sorted by units sold); Fix Price Kazakhstan: #20 in 'Для дома > Хозяйственные мелочи (Household sundries)' (popular first)
195,65.6,Ranked in 2 chains,HOME ESSENTIALS & DIY,Fixing & Hanging,Decorative Films,Self-adhesive film,"Self-adhesive decorative / window film, roll","Плёнка самоклеящаяся, Home Time, 60х200 см, в ассортименте",Fix Price,Russia,116.0,RUB,2.33,0,#22 Fix Price Russia (Для дома > Для ремонта (repair / tools / hardware)); #24 Fix Price Kazakhstan (Для дома > Хозяйственные мелочи (Household sundries)),"Kazakhstan, Russia",https://fix-price.com/catalog/dlya-doma/p-5079234-plnka-samokleyaschayasya-ome-ime-60h200-sm-v-assortimente,https://img.fix-price.com/insecure/rs:fit:800:800/plain/bit/_marketplace/images/origin/ed/edf07e028f45debfb75b2eac0f40f315.jpg,Fix Price Russia: #22 in 'Для дома > Для ремонта (repair / tools / hardware)' (sorted by units sold); Fix Price Kazakhstan: #24 in 'Для дома > Хозяйственные мелочи (Household sundries)' (popular first)
196,65.6,Ranked in 2 chains,HOME ESSENTIALS & DIY,Home Devices,Security,Locks,Cable lock with keys,"Блокиратор с тросом и ключами, Master Hand, 2 шт., в ассортименте",Fix Price,Russia,133.0,RUB,2.67,0,#16 Fix Price Russia (Для дома > Для ремонта (repair / tools / hardware)); #18 Fix Price Kazakhstan (Для дома > Для ремонта (Repair / tools)),"Kazakhstan, Russia",https://fix-price.com/catalog/dlya-doma/dlya-remonta/p-5006326-blokirator-s-trosom-i-klyuchami-aster-and-2-sht-v-assortimente,https://img.fix-price.com/insecure/rs:fit:800:800/plain/pim/images/a14736b3170b09de78ef5fc7e177804c_33.jpg,Fix Price Russia: #16 in 'Для дома > Для ремонта (repair / tools / hardware)' (sorted by units sold); Fix Price Kazakhstan: #18 in 'Для дома > Для ремонта (Repair / tools)' (popular first)
197,65.6,Ranked in 1 chain,"COOK, BAKE & GRILL",Bakeware,Cake tins,Loaf tin,Metal loaf / bread tin (~25-30 cm),Forma do ciasta Zenker 30 cm,Action,Poland,17.95,PLN,7.93,178,#7 Carrefour Poland (Wyposażenie domu > Kuchnia i jadalnia > Formy do ciast),"Poland, Russia, Turkey",https://www.action.com/pl-pl/p/208004/forma-do-ciasta-zenker/,https://asset.action.com/image/upload/t_digital_product_image/w_1920/20046346.webp,Carrefour Poland: #7 in 'Wyposażenie domu > Kuchnia i jadalnia > Formy do ciast' (most popular) | Action PL core range (Formy do pieczenia ciast); n11 TR: Tefal Easybake 'Alman kek kalıbı' loaf tin 178 ratings; Fix Price RU O'Kitchen 1.7 L 25.5x11 cm loaf form
198,65.4,Ranked in 2 chains,HOME TEXTILES,Living & decor textiles,Throws & blankets,Fleece throws,Fleece / flannel throw blanket,"Плед, 150х200 см, в ассортименте",Fix Price,Russia,499,RUB,10.02,30,#2 Fix Price Kazakhstan (Для дома > Текстиль (Textiles)); #4 Fix Price Russia (Для дома > Текстиль (Textiles)),"Belarus, Kazakhstan, Poland, Russia, Turkey",https://fix-price.com/catalog/dlya-doma/tekstil/p-5078070-pled-150h200-sm-v-assortimente,https://img.fix-price.com/insecure/rs:fit:800:800/plain/pim/images/_default_upload_bucket/5078070_1350_anons.png,"Fix Price Kazakhstan: #2 in 'Для дома > Текстиль (Textiles)' (popular first); Fix Price Russia: #4 in 'Для дома > Текстиль (Textiles)' (sorted by units sold) | Fix Price RU 499 RUB, polyester 150x200 cm; same SKU listed by Fix Price KZ and BY (BY also 'Плед Velsoft' 100x140 and 60x120); TEDi PL 'Koc polarowy' ~125x150 cm in 'Tekstylia domowe'; n11: 'Mulberry Wellsoft ... Polar Tek Kişilik Battaniye' 30 reviews; Action PL 'Pled z polaru Disney' 29.95 zl, 'Pled Lara' 19.95 zl (26 items in 'Koce i pledy')"
199,65.4,Ranked in 2 chains,KITCHEN TOOLS,Cutting & slicing tools,Knife sharpeners,Manual,Manual knife sharpener,Mucit Home Bıçak Bileyici 4 Açılı Elmas Seramik Çelik El Bıçakları Çok Renkli,n11,Turkey,108,TRY,3.76,5,#44 Carrefour Poland (Wyposażenie domu > Kuchnia i jadalnia > Akcesoria kuchenne); #145 Fix Price Russia (Для дома > Для кухни (Kitchen)),"Poland, Russia, Turkey",https://www.n11.com/urun/mucit-home-bicak-bileyici-4-acili-elmas-seramik-celik-el-bicaklari-cok-renkli-93835887,https://n11scdn.akamaized.net/a1/400_570/16/67/52/85/IMG-3541538864509078455.jpg,"Carrefour Poland: #44 in 'Wyposażenie domu > Kuchnia i jadalnia > Akcesoria kuchenne' (most popular); Fix Price Russia: #145 in 'Для дома > Для кухни (Kitchen)' (sorted by units sold) | n11 listing 108 TL; n11: 5 ratings (4.5*); 3-angle tungsten/ceramic pull-through sharpener 2 reviews (140.91 TL), diamond/ceramic sharpener 4 reviews, Jumbo Wilster 13, Fallkniven DC4 8, GGS Solingen 6, Hyundai Lasersharp 4; Fix Price kitchen category sorted 'popular first': 'Точильный камень, Master Hand' whetstone on page 7 (top ~170)"
200,65.4,Ranked in 2 chains,"LAUNDRY, BATH & WARDROBE",Laundry,Washing,Basins,Collapsible foldable basin (TPR),"Таз складной, Home Time, 10 л, в ассортименте",Fix Price,Russia,349,RUB,7.01,0,#2 Fix Price Kazakhstan (Для дома > Для ванной (Bathroom)); #2 Fix Price Russia (Для дома > Для ванной (bathroom)),"Kazakhstan, Russia",https://fix-price.com/catalog/dlya-doma/p-5079076-taz-skladnoy-ome-ime-10-l-v-assortimente,https://img.fix-price.com/insecure/rs:fit:800:800/plain/bit/_marketplace/images/origin/5c/5c1c7a626c301c8a2494f63c06dc80c5.jpg,"Fix Price Kazakhstan: #2 in 'Для дома > Для ванной (Bathroom)' (popular first); Fix Price Russia: #2 in 'Для дома > Для ванной (bathroom)' (sorted by units sold) | Fix Price 349 RUB, second item in 'Для ванной' listing; Fix Price also 'Таз квадратный, 13 л' in 'Хозяйственные мелочи'"
201,65.1,Ranked in 1 chain,"COOK, BAKE & GRILL",Cookware,Frying pans,Small frying pan,Small non-stick frying pan (18-20 cm),Сковорода антипригарная Мастерица 20 см,Flip.kz,Kazakhstan,2461,KZT,9.39,135,#2 Carrefour Poland (Wyposażenie domu > Kuchnia i jadalnia (all)),"Kazakhstan, Poland, Russia",https://www.flip.kz/catalog?prod=2612817,https://s.f.kz/prod/2613/2612817_1000.jpg,"Carrefour Poland: #2 in 'Wyposażenie domu > Kuchnia i jadalnia (all)' (most popular) | flip.kz: 50 reviews, 4.9 stars; flip.kz Kalitva 'Сатин' pan 135 reviews; Fix Price RU VARI 18 cm and VARI 14 cm deep pan; Kaspi KZ 20 cm portion/egg pan listings"
202,64.7,Ranked in 2 chains,HOME ESSENTIALS & DIY,Tools,Tool Storage,Tool bags,Tool bag,"Сумка для инструментов, Master Hand, в ассортименте",Fix Price,Kazakhstan,299.0,KZT,1.14,0,#5 Fix Price Kazakhstan (Для дома > Для ремонта (Repair / tools)); #54 Fix Price Russia (Для дома > Для ремонта (repair / tools / hardware)),"Kazakhstan, Russia",https://fix-price.kz/ru/catalog/dlya-doma/dlya-remonta/p-5006265-sumka-dlya-instrumentov-aster-and-v-assortimente,https://img.fix-price.com/insecure/rs:fit:800:800/plain/pim/images/565b6380cfbc3f0262df91e42c76c819_34.jpg,Fix Price Kazakhstan: #5 in 'Для дома > Для ремонта (Repair / tools)' (popular first); Fix Price Russia: #54 in 'Для дома > Для ремонта (repair / tools / hardware)' (sorted by units sold)
203,64.7,Ranked in 2 chains,DECOR & ORGANISATION,Storage & Organisation,Baskets,Woven Baskets,"Woven basket (bamboo / rattan / seagrass), small","Kosz z drewna bambusowego 23 x 14 x 11,5 cm",Action,Poland,11.95,PLN,5.28,0,"#6 Fix Price Russia (Сувениры и подарки > Подставки, шкатулки, светильники (trays, boxes, decorative lights)); #55 Fix Price Kazakhstan (Декор для дома > Товары для декора (Decor))","Kazakhstan, Poland, Russia",https://www.action.com/pl-pl/p/4000015/,https://asset.action.com/image/upload/t_digital_product_image/w_1920/4000015_8717796086706-111_01_jizs4b.webp,"Fix Price Russia: #6 in 'Сувениры и подарки > Подставки, шкатулки, светильники (trays, boxes, decorative lights)' (sorted by units sold); Fix Price Kazakhstan: #55 in 'Декор для дома > Товары для декора (Decor)' (popular first) | Action PL 11.95 zl (larger 36x26 cm at 24.95 zl; woven baskets 16.90-19.95 zl); Fix Price RU 'Корзина квадратная Кантри' and 'Корзина круглая Кантри' in 'Подставки, шкатулки, светильники'; Fix Price KZ 'Корзина для мелочей Асоль, 20 см' and cotton-rope basket"
204,64.5,Ranked in 3+ chains,"COOK, BAKE & GRILL",Bakeware,Cake tins,Round tin,"Round cake tin, fixed base (20-28 cm)",Forma Tefal Delibake okrągła 27cm J1641474,Carrefour,Poland,39.99,PLN,17.68,0,#11 Fix Price Russia (Для дома > Для кухни (Kitchen)); #16 Fix Price Kazakhstan (Для дома > Для кухни (Kitchen)); #30 Carrefour Poland (Wyposażenie domu > Kuchnia i jadalnia > Formy do ciast),"Kazakhstan, Poland, Russia",https://www.carrefour.pl/zakupy-niecodzienne/dom-i-ogrod/wyposazenie-domu/kuchnia-i-jadalnia/formy-do-ciast-84/forma-tefal-delibake-okragla-27cm-j1641474,https://www.carrefour.pl/images/product/org/forma-tefal-delibake-okragla-27cm-j1641474-opzDRF.jpg,Fix Price Russia: #11 in 'Для дома > Для кухни (Kitchen)' (sorted by units sold); Fix Price Kazakhstan: #16 in 'Для дома > Для кухни (Kitchen)' (popular first); Carrefour Poland: #30 in 'Wyposażenie domu > Kuchnia i jadalnia > Formy do ciast' (most popular)
205,64.3,Ranked in 2 chains,"TEA, COFFEE & TABLE",Bar & Party Glassware,Shot Glasses,Shot Glass Packs,"Shot glasses, 6-pack",Kieliszki Trendglas,Action,Poland,5.69,PLN,2.51,0,#5 Carrefour Poland (Wyposażenie domu > Kuchnia i jadalnia > Kieliszki do wina i wody); #84 Fix Price Russia (Для дома > Для кухни (Kitchen)),"Kazakhstan, Poland, Russia, Turkey",https://www.action.com/pl-pl/p/3205550/kieliszki-trendglas/,https://asset.action.com/image/upload/t_digital_product_image/w_1080/3205550_5901105012385-110_01_mtfd10.webp,"Carrefour Poland: #5 in 'Wyposażenie domu > Kuchnia i jadalnia > Kieliszki do wina i wody' (most popular); Fix Price Russia: #84 in 'Для дома > Для кухни (Kitchen)' (sorted by units sold) | Action PL 5.69 zl / 6 pcs (0.95 zl each, 28 ml); Kaspi: 'Набор рюмок для коктейлей НЕМАН 40 мл, 6 шт' (category Рюмки и стопки); Fix Price: 'Рюмка, 60 мл'; Trendyol: Pasabahce Boston shot glass 6-pack + 'shot bardagi' listing (16+ pages)"
206,64.3,Ranked in 2 chains,FOOD STORAGE & DRINKWARE-TO-GO,Lunch & on-the-go,Lunch boxes,Compartment lunch boxes,Plastic lunch box with compartments (adult),Pojemnik na lunch,Action,Poland,14.95,PLN,6.61,0,#11 Carrefour Poland (Wyposażenie domu > Kuchnia i jadalnia > Przechowywanie żywności); #64 Fix Price Russia (Для дома > Для кухни (Kitchen)),"Poland, Russia, Turkey",https://www.action.com/pl-pl/p/3002315/pojemnik-na-lunch/,https://asset.action.com/image/upload/t_digital_product_image/w_1920/3002315_8712628705244-110_01_ae1wkn.webp,"Carrefour Poland: #11 in 'Wyposażenie domu > Kuchnia i jadalnia > Przechowywanie żywności' (most popular); Fix Price Russia: #64 in 'Для дома > Для кухни (Kitchen)' (sorted by units sold) | Action PL 14.95 zl (4-part); Action also 1.8 l lunch box 24.95 zl; Fix Price RU 'Ланч-бокс 4-секционный' (99 RUB in page title) and 'Ланч-бокс с приборами, O`Kitchen, 1 л' (133 RUB in page title); n11 TR 3-compartment lunch box with cutlery 349.99 TL"
207,64.0,Ranked in 2 chains,KITCHEN TOOLS,Openers,Jar & lid openers,Multi-size grip,Jar & bottle lid opener (multi-size),4 Boy Sıkışmış Şişe Kavanoz Konserve Kapağı Açma Aparatı Açacağı Çok Renkli,n11,Turkey,149.9,TRY,5.22,28,#16 n11 Turkey (n11 search: kavanoz); #112 Carrefour Poland (Wyposażenie domu > Kuchnia i jadalnia > Akcesoria kuchenne),"Kazakhstan, Poland, Turkey",https://www.n11.com/urun/4-boy-sikismis-sise-kavanoz-konserve-kapagi-acma-aparati-acacagi-4474654,https://n11scdn.akamaized.net/a1/400_570/04/06/85/68/IMG-1024815396471257244.jpg,"n11 Turkey: #16 in 'n11 search: kavanoz' (best-selling); Carrefour Poland: #112 in 'Wyposażenie domu > Kuchnia i jadalnia > Akcesoria kuchenne' (most popular) | n11 listing 149.90 TL; n11: 28 ratings / 15 written reviews, category Açacak & Tirbuşon; 4-pc colourful jar opener 7 reviews; Kaspi: twist-off jar opener and automatic twist-off opener listings"
208,64.0,Ranked in 2 chains,HOME TEXTILES,Table linen,Doilies & centrepieces,Decorative doilies,Round lace-look decorative doily,"Салфетка декоративная, 38 см, в ассортименте",Fix Price,Russia,99,RUB,1.99,0,#9 Fix Price Russia (Для дома > Текстиль (Textiles)); #11 Fix Price Kazakhstan (Для дома > Текстиль (Textiles)),"Kazakhstan, Russia, Turkey",https://fix-price.com/catalog/dlya-doma/p-5071185-salfetka-dekorativnaya-38-sm-v-assortimente,https://img.fix-price.com/insecure/rs:fit:800:800/plain/bit/_marketplace/images/origin/2f/2f25eaae4b691c44d950fd3227333661.jpg,"Fix Price Russia: #9 in 'Для дома > Текстиль (Textiles)' (sorted by units sold); Fix Price Kazakhstan: #11 in 'Для дома > Текстиль (Textiles)' (popular first) | Fix Price RU 99 RUB, Ø38 cm PET/polyester, listed in 'Текстиль'; Fix Price KZ lists same SKU; n11 'Lüks Çeyizlik Yuvarlak Pvc Dantel Desenli Orta Sehpa Masa Örtüsü' 199 TL"
209,64.0,Ranked in 2 chains,HOME ESSENTIALS & DIY,Tools,Hand Tools,Measuring,Mini spirit level (magnetic),Mała poziomica magnetyczna,Action,Poland,6.79,PLN,3.0,0,#39 Fix Price Kazakhstan (Для дома > Для ремонта (Repair / tools)); #43 Fix Price Russia (Для дома > Для ремонта (repair / tools / hardware)),"Kazakhstan, Poland, Russia",https://www.action.com/pl-pl/p/3215320/mala-poziomica-magnetyczna/,https://asset.action.com/image/upload/t_digital_product_image/w_1920/39969575.webp,"Fix Price Kazakhstan: #39 in 'Для дома > Для ремонта (Repair / tools)' (popular first); Fix Price Russia: #43 in 'Для дома > Для ремонта (repair / tools / hardware)' (sorted by units sold) | Action PL 6.79 zl (2 pcs, 7 cm); Fix Price Master Hand magnetic level in 'Для ремонта'"
210,63.8,Ranked in 2 chains,FOOD STORAGE & DRINKWARE-TO-GO,Pantry storage,Dry-goods containers,Canister sets,"Dry-goods canister set, square plastic (pulses/rice)","Porsima 432 12 li Kare Erzak Bakliyat Saklama Kabı Takımı 1,70 lt",n11,Turkey,370.64,TRY,12.9,164,#12 n11 Turkey (n11 search: baharatlık); #13 Fix Price Russia (Для дома > Для ванной (bathroom)),"Kazakhstan, Russia, Turkey",https://www.n11.com/urun/porsima-432-12-li-kare-erzak-bakliyat-saklama-kabi-takimi-170-lt-43999308,https://n11scdn.akamaized.net/a1/400_570/06/82/01/92/IMG-7137836283640280371.jpg,"n11 Turkey: #12 in 'n11 search: baharatlık' (best-selling); Fix Price Russia: #13 in 'Для дома > Для ванной (bathroom)' (sorted by units sold) | n11: 164 reviews, 4.5/5 (price 370.64 TL from n11 listing 'erzak saklama kabı'); Fix Price RU single canisters 'Банка для сыпучих продуктов' 0.5 l/1 l/1.5 l (59/79/116 RUB in page titles); Kaspi KZ 'Набор банок для сыпучих продуктов, стекло, бамбук'"
211,63.6,Ranked in 2 chains,HOME TEXTILES,Window textiles,Blinds,Venetian blinds,Horizontal PVC venetian blind (60-80 cm),"Жалюзи, Home Time, 60x160 см, в ассортименте",Fix Price,Kazakhstan,1699.0,KZT,6.48,0,#9 Fix Price Kazakhstan (Для дома > Хозяйственные мелочи (Household sundries)); #15 Fix Price Russia (Для дома > Хозяйственные мелочи (household sundries)),"Kazakhstan, Russia",https://fix-price.kz/ru/catalog/dlya-doma/p-5073071-jalyuzi-ome-ime-60160-sm-v-assortimente,https://img.fix-price.kz/insecure/rs:fit:800:800/plain/bit/_marketplace/images/origin/4a/4abbbc21cbf307279a20cd5437eeb06d.jpg,Fix Price Kazakhstan: #9 in 'Для дома > Хозяйственные мелочи (Household sundries)' (popular first); Fix Price Russia: #15 in 'Для дома > Хозяйственные мелочи (household sundries)' (sorted by units sold)
212,63.0,Ranked in 1 chain,"TEA, COFFEE & TABLE",Tableware,Bowls,Dessert Bowls,"Glass dessert / ice-cream bowls, 2-pack",Lav Destina Cam Dondurma & Tatlı Kasesi 2'li Küçük Boy 285 ml (Reçellik),n11,Turkey,146.54,TRY,5.1,332,#5 Carrefour Poland (Wyposażenie domu > Kuchnia i jadalnia > Zastawa stołowa),"Poland, Turkey",https://www.n11.com/urun/lav-destina-cam-dondurma-tatli-kasesi-2li-kucuk-boy-285-ml-recellik-4538520,https://n11scdn.akamaized.net/a1/400_570/01/12/22/69/IMG-3464607730014835498.jpg,"Carrefour Poland: #5 in 'Wyposażenie domu > Kuchnia i jadalnia > Zastawa stołowa' (most popular) | n11 TR 146.54 TL on search listing, 5.0 stars / 332 reviews (284 comments) - top-reviewed item in 'recellik' search; n11 also Porsima Flower 6'li glass bowl set 279.94 TL; Action PL: 'Miska Luminarc' Ø13 cm 3.49 zl glass bowl"
213,62.9,Ranked in 2 chains,"LAUNDRY, BATH & WARDROBE",Wardrobe,Shoe care,Shoe cleaning tools,Suede / sneaker cleaning eraser,"Ластик для чистки обуви, Happy Foot, 7 см",Fix Price,Russia,59.0,RUB,1.18,0,#19 Fix Price Russia (Для дома > Аксессуары для обуви (shoe care accessories)); #36 Fix Price Kazakhstan (Для дома > Аксессуары для обуви (Shoe care)),"Kazakhstan, Russia",https://fix-price.com/catalog/dlya-doma/p-5079367-lastik-dlya-chistki-obuvi-appy-oot-7-sm,https://img.fix-price.com/insecure/rs:fit:800:800/plain/bit/_marketplace/images/origin/82/82f4e2d09de3ddda21ace38e9ceac5b2.jpg,Fix Price Russia: #19 in 'Для дома > Аксессуары для обуви (shoe care accessories)' (sorted by units sold); Fix Price Kazakhstan: #36 in 'Для дома > Аксессуары для обуви (Shoe care)' (popular first)
214,62.9,Ranked in 2 chains,DECOR & ORGANISATION,Storage & Organisation,Cupboard Organisers,Shelf liners,Shelf / drawer liner mat,"Набор многофункциональных кухонных ковриков, O'Kitchen, 45х29 см, 2 шт., в ассортименте",Fix Price,Russia,62.0,RUB,1.24,0,#23 Fix Price Russia (Для дома > Для кухни (Kitchen)); #60 Fix Price Kazakhstan (Для дома > Хозяйственные мелочи (Household sundries)),"Kazakhstan, Russia",https://fix-price.com/catalog/dlya-doma/dlya-kukhni/p-5024266-nabor-mnogofunktsionalnyh-kuhonnyh-kovrikov-itchen-45h29-sm-2-sht-v-assortimente,https://img.fix-price.com/insecure/rs:fit:300:300/plain/pim/images/3b8f95c8dcba75a19076ab7416142095.jpg,Fix Price Russia: #23 in 'Для дома > Для кухни (Kitchen)' (sorted by units sold); Fix Price Kazakhstan: #60 in 'Для дома > Хозяйственные мелочи (Household sundries)' (popular first)
215,62.9,Ranked in 2 chains,HOUSEHOLD CLEANING,Cleaning Cloths,Dishcloths,Bamboo,Bamboo fibre cleaning cloths,"Салфетка из бамбукового волокна, BonHome, 5 шт., в ассортименте",Fix Price,Russia,99,RUB,1.99,0,#18 Fix Price Kazakhstan (Для дома > Для уборки (Cleaning)); #39 Fix Price Russia (Для дома > Для уборки (cleaning tools)),"Kazakhstan, Russia",https://fix-price.com/catalog/dlya-doma/tovary-dlya-uborki/p-5040184-salfetka-iz-bambukovogo-volokna-onome-5-sht-v-assortimente,https://img.fix-price.com/insecure/rs:fit:800:800/plain/pim/images/_default_upload_bucket/salfetka_anons.jpg,Fix Price Kazakhstan: #18 in 'Для дома > Для уборки (Cleaning)' (popular first); Fix Price Russia: #39 in 'Для дома > Для уборки (cleaning tools)' (sorted by units sold) | Fix Price RU & KZ 'Для уборки' (99 RUB); Fix Price also sells 'Тряпки для уборки Бамбук' 50-pack roll (RU & KZ)
216,62.9,Ranked in 2 chains,DECOR & ORGANISATION,Decorative Accessories,Wall Decor,Wall art,Wall art print / canvas picture,"Настенный декор-репродукция, в ассортименте",Fix Price,Russia,99.0,RUB,1.99,0,"#11 Fix Price Russia (Сувениры и подарки > Фоторамки, фотоальбомы, постеры (frames, wall decor)); #47 Fix Price Kazakhstan (Декор для дома > Товары для декора (Decor))","Kazakhstan, Russia",https://fix-price.com/catalog/suveniry-i-podarki/p-5213047-nastennyy-dekor-reproduktsiya-v-assortimente,https://img.fix-price.com/insecure/rs:fit:800:800/plain/bit/_marketplace/images/origin/4a/4a47f55db58a4364aa3b3901ec8e7e9b.jpg,"Fix Price Russia: #11 in 'Сувениры и подарки > Фоторамки, фотоальбомы, постеры (frames, wall decor)' (sorted by units sold); Fix Price Kazakhstan: #47 in 'Декор для дома > Товары для декора (Decor)' (popular first)"
217,62.9,Ranked in 2 chains,HOME ESSENTIALS & DIY,Fixing & Hanging,Furniture & Door Accessories,Furniture repair,Furniture touch-up markers & wax crayons set,"Маркеры и карандаши для мебели корректирующие, Master Hand, 6 шт., в ассортименте",Fix Price,Kazakhstan,649.0,KZT,2.48,0,#22 Fix Price Kazakhstan (Для дома > Для ремонта (Repair / tools)); #30 Fix Price Russia (Для дома > Для ремонта (repair / tools / hardware)),"Kazakhstan, Russia",https://fix-price.kz/ru/catalog/dlya-doma/p-5006234-markery-i-karandashi-dlya-mebeli-korrektiruyuschie-aster-and-6-sht-v-assortimente,https://img.fix-price.com/insecure/rs:fit:800:800/plain/pim/images/fc9a1cf9929b5f422f169d5472cc6f6b_34.jpg,Fix Price Kazakhstan: #22 in 'Для дома > Для ремонта (Repair / tools)' (popular first); Fix Price Russia: #30 in 'Для дома > Для ремонта (repair / tools / hardware)' (sorted by units sold)
218,62.9,Ranked in 2 chains,KITCHEN TOOLS,Cutting & slicing tools,Kitchen knives,Ceramic,Ceramic kitchen knife,"Нож керамический, O'Kitchen, 19 см, в ассортименте",Fix Price,Russia,124,RUB,2.49,0,#20 Fix Price Russia (Для дома > Для кухни (Kitchen)); #25 Fix Price Kazakhstan (Для дома > Для кухни (Kitchen)),"Kazakhstan, Russia",https://fix-price.com/catalog/dlya-doma/p-5021355-noj-keramicheskiy-itchen-19-sm-v-assortimente,https://img.fix-price.com/insecure/rs:fit:800:800/plain/pim/images/_default_upload_bucket/noz_anons.jpg,"Fix Price Russia: #20 in 'Для дома > Для кухни (Kitchen)' (sorted by units sold); Fix Price Kazakhstan: #25 in 'Для дома > Для кухни (Kitchen)' (popular first) | Fix Price 124 RUB; Fix Price kitchen category sorted 'popular first' (dlya-kukhni?sort=sold, 78 pages x 24): this SKU is #20 on page 1 = top 20 of ~1,870 kitchen SKUs (the highest-ranked knife); 20.5 cm ceramic knife on page 13; also folding ceramic knife SKU"
219,62.9,Ranked in 2 chains,HOME ESSENTIALS & DIY,Electrical & Power,Lighting,Night & utility lights,LED dust-revealing light for vacuum cleaner,"Подсветка для пылесоса светодиодная, FLARX",Fix Price,Kazakhstan,999.0,KZT,3.81,0,"#18 Fix Price Kazakhstan (Для дома > Электротовары (Electrical)); #26 Fix Price Russia (Для дома > Электротовары (electrical: batteries, bulbs, lighting, power, mobile))","Kazakhstan, Russia",https://fix-price.kz/ru/catalog/dlya-doma/elektrotovary/p-5013547-podsvetka-dlya-pylesosa-svetodiodnaya-,https://img.fix-price.com/insecure/rs:fit:800:800/plain/pim/images/5f466af21d406d9d652def5e5b224c6a_33.jpg,"Fix Price Kazakhstan: #18 in 'Для дома > Электротовары (Electrical)' (popular first); Fix Price Russia: #26 in 'Для дома > Электротовары (electrical: batteries, bulbs, lighting, power, mobile)' (sorted by units sold)"
220,62.9,Ranked in 2 chains,DECOR & ORGANISATION,Decorative Accessories,Wall Decor,Wall panels,"Self-adhesive 3D wall panels 30x30, multipack","Панель настенная, Home Time, 30х30 см, 4 шт., в ассортименте",Fix Price,Russia,199.0,RUB,3.99,0,#19 Fix Price Russia (Для дома > Для ремонта (repair / tools / hardware)); #37 Fix Price Kazakhstan (Для дома > Для ремонта (Repair / tools)),"Kazakhstan, Russia",https://fix-price.com/catalog/dlya-doma/dlya-remonta/p-5079208-panel-nastennaya-ome-ime-30h30-sm-4-sht-v-assortimente,https://img.fix-price.com/insecure/rs:fit:800:800/plain/pim/images/_default_upload_bucket/5079208.jpg,Fix Price Russia: #19 in 'Для дома > Для ремонта (repair / tools / hardware)' (sorted by units sold); Fix Price Kazakhstan: #37 in 'Для дома > Для ремонта (Repair / tools)' (popular first)
221,62.9,Ranked in 2 chains,DECOR & ORGANISATION,Decorative Accessories,Mirrors,Small Mirrors,Small decorative wall / table mirror,Lustro 21 x 29 cm,Action,Poland,12.95,PLN,5.72,0,#23 Fix Price Kazakhstan (Для дома > Для ванной (Bathroom)); #36 Fix Price Russia (Для дома > Для ванной (bathroom)),"Kazakhstan, Poland, Russia",https://www.action.com/pl-pl/p/3016697/lustro/,https://asset.action.com/image/upload/t_digital_product_image/w_1920/3016697_8718964298631-111_01_ehifbw.webp,"Fix Price Kazakhstan: #23 in 'Для дома > Для ванной (Bathroom)' (popular first); Fix Price Russia: #36 in 'Для дома > Для ванной (bathroom)' (sorted by units sold) | Action PL 12.95 zl; Action 'Lustra' lists 11 mirrors, 7 under 20 zl; Fix Price RU and KZ list 'Зеркало настольное, Lovely'; Fix Price KZ also 'Зеркало ""Цветок"" 25x25', 'Зеркало ""Капля""', decorative mirror 24x35"
222,62.5,Ranked in 1 chain,"TEA, COFFEE & TABLE",Table Accessories,Condiment Serving,Sugar Bowls,Glass sugar bowl with spoon,"Сахарница сахарница с ложкой 1 шт, стекло",Kaspi,Kazakhstan,998,KZT,3.81,0,#10 Carrefour Poland (Wyposażenie domu > Kuchnia i jadalnia > Zastawa stołowa),"Kazakhstan, Poland, Russia, Turkey",https://kaspi.kz/shop/p/saharnitsa-saharnitsa-s-lozhkoi-1-sht-steklo-123448488/,https://resources.cdn-kaspi.kz/img/m/p/h53/h64/87093071314974.jpg?format=gallery-large,"Carrefour Poland: #10 in 'Wyposażenie domu > Kuchnia i jadalnia > Zastawa stołowa' (most popular) | Kaspi 998 KZT (category Сервировка стола > Сахарницы и молочники); Fix Price carries 6+ sugar-bowl SKUs incl. 'Сахарница, Pasabahce, 450 мл', 'Сахарница, O'Kitchen, 420 мл', 'Стеклянная сахарница с крышкой'; Trendyol dedicated 'Kapakli Sekerlik' and 'Toz Sekerlik' listing pages"
223,62.5,Ranked in 1 chain,"TEA, COFFEE & TABLE",Tea & Coffee Serving,Tea Accessories,Tea Infusers,Tea infuser basket with lid (mug-size),Sitko do herbaty,Action,Poland,8.95,PLN,3.96,0,#9 Carrefour Poland (Wyposażenie domu > Kuchnia i jadalnia > Filtry do wody),"Kazakhstan, Poland, Russia, Turkey",https://www.action.com/pl-pl/p/3212897/sitko-do-herbaty/,https://asset.action.com/image/upload/t_digital_product_image/w_1080/3212897_3560231099459-110_01_dq5deu.webp,"Carrefour Poland: #9 in 'Wyposażenie domu > Kuchnia i jadalnia > Filtry do wody' (most popular) | Action PL 8.95 zl (135 ml stainless basket with handles and lid); Fix Price: 'Ёмкость для заваривания чая, O'Kitchen, 50 мл' and 'Ситечко для чая, O`Kitchen'; Kaspi: 'IKEA ситечко для чая 40378241, сталь'; Trendyol: 'Tohana Celik Top Cay Suzgeci 5 cm'"
224,62.3,Ranked in 1 chain,HOUSEHOLD CLEANING,Window & Surface Tools,Squeegees,Hand squeegees,Handheld window & shower squeegee,"Водосгон, BonHome, 30 см, в ассортименте",Fix Price,Kazakhstan,733,KZT,2.8,2,#17 Carrefour Poland (Wyposażenie domu > Domowe porządki > Mopy i szczotki),"Kazakhstan, Poland, Russia, Turkey",https://fix-price.kz/ru/catalog/dlya-doma/p-5040615-vodosgon-onome-30-sm-v-assortimente,https://img.fix-price.kz/insecure/rs:fit:800:800/plain/bit/_marketplace/images/origin/44/446a759d8370062278e18b810e63c757.jpg,Carrefour Poland: #17 in 'Wyposażenie domu > Domowe porządki > Mopy i szczotki' (most popular) | Fix Price KZ 733 KZT (also on Fix Price RU); Action PL: 2 SKUs 'Ściągaczka do mycia okien i prysznica'; n11 TR: Titiz TP-182 camsil 2 reviews
225,62.0,Ranked in 1 chain,"COOK, BAKE & GRILL",Bakeware,Cake tins,Springform,Springform cake tin (18-26 cm),Tortownica Zenker Ø 18 cm,Action,Poland,24.95,PLN,11.03,138,#3 Carrefour Poland (Wyposażenie domu > Kuchnia i jadalnia > Formy do ciast),"Kazakhstan, Poland, Russia, Turkey",https://www.action.com/pl-pl/p/3002419/tortownica-zenker/,https://asset.action.com/image/upload/t_digital_product_image/w_1920/3002419_4044935090602-110_01_oigqyu.webp,"Carrefour Poland: #3 in 'Wyposażenie domu > Kuchnia i jadalnia > Formy do ciast' (most popular) | Action PL core range (Formy do pieczenia ciast; also Ø26 cm at 24.95 zl); n11 TR: Emsan 2-piece springform set 138 ratings, Tefal DeliBake 24 cm 79 ratings, Tefal 20 cm 67 ratings; flip.kz: Fissman springform 14 reviews, Appetite' 20 cm at 1,369 KZT; Fix Price RU O'Kitchen expandable sponge-cake tin"
226,61.9,Ranked in 2 chains,HOME ESSENTIALS & DIY,Fixing & Hanging,Furniture & Door Accessories,Draught proofing,Self-adhesive door/window draught seal strip,Contacall Pimapen Pvc Kapı Pencere Fitili Contası 25 Metre Gri Uzunluk,n11,Turkey,549,TRY,19.11,183,#20 Fix Price Kazakhstan (Для дома > Для ремонта (Repair / tools)); #20 Fix Price Russia (Для дома > Для ремонта (repair / tools / hardware)),"Kazakhstan, Russia, Turkey",https://www.n11.com/urun/contacall-pimapen-pvc-kapi-pencere-fitili-contasi-25-metre-gri-uzunluk-34276045,https://n11scdn.akamaized.net/a1/400_570/13/70/62/38/IMG-8847153638345328584.jpg,"Fix Price Kazakhstan: #20 in 'Для дома > Для ремонта (Repair / tools)' (popular first); Fix Price Russia: #20 in 'Для дома > Для ремонта (repair / tools / hardware)' (sorted by units sold) | n11 549 TL (search listing), 54 ratings / 42 reviews; n11 glass-balcony seals 183 reviews; Fix Price Master Hand window & door seal 2 pcs; Action PL draught stopper 21.95 zl"
227,61.8,Ranked in 2 chains,DECOR & ORGANISATION,Storage & Organisation,Cupboard Organisers,Tiered shelves,Countertop organiser shelf / riser (1-3 tier),"Двухъярусная полка ""Лакдеморон"", 28х12х25 см, в ассортименте",Fix Price,Russia,399.0,RUB,8.01,0,"#13 Fix Price Russia (Сувениры и подарки > Подставки, шкатулки, светильники (trays, boxes, decorative lights)); #21 Fix Price Kazakhstan (Для дома > Аксессуары для обуви (Shoe care))","Kazakhstan, Russia",https://fix-price.com/catalog/suveniry-i-podarki/p-5246098-dvuhyarusnaya-polka-lakdemoron-28h12h25-sm-v-assortimente,https://img.fix-price.com/insecure/rs:fit:800:800/plain/bit/_marketplace/images/origin/09/090a521d931afaac33403f47800d9812.jpg,"Fix Price Russia: #13 in 'Сувениры и подарки > Подставки, шкатулки, светильники (trays, boxes, decorative lights)' (sorted by units sold); Fix Price Kazakhstan: #21 in 'Для дома > Аксессуары для обуви (Shoe care)' (popular first)"
228,61.8,Ranked in 2 chains,DECOR & ORGANISATION,Storage & Organisation,Shoe Storage,Shoe racks,"Shoe rack, 3-4 tier","Полка для обуви, Home Time, 4 яруса, 65х19х58 см, в ассортименте",Fix Price,Russia,399.0,RUB,8.01,0,#16 Fix Price Russia (Для дома > Аксессуары для обуви (shoe care accessories)); #17 Fix Price Kazakhstan (Для дома > Аксессуары для обуви (Shoe care)),"Kazakhstan, Russia",https://fix-price.com/catalog/dlya-doma/p-5079068-polka-dlya-obuvi-ome-ime-4-yarusa-65h19h58-sm-v-assortimente,https://img.fix-price.com/insecure/rs:fit:800:800/plain/bit/_marketplace/images/origin/8b/8b1f54fdc457e198d38f3da987280633.jpg,Fix Price Russia: #16 in 'Для дома > Аксессуары для обуви (shoe care accessories)' (sorted by units sold); Fix Price Kazakhstan: #17 in 'Для дома > Аксессуары для обуви (Shoe care)' (popular first)
229,61.8,Ranked in 2 chains,HOME TEXTILES,Window textiles,Blinds,Roller blinds,Fabric roller blind (60-80 cm),"Штора рулонная, Home Time, 60х170 см, в ассортименте",Fix Price,Kazakhstan,2199.0,KZT,8.39,0,#15 Fix Price Kazakhstan (Для дома > Хозяйственные мелочи (Household sundries)); #17 Fix Price Russia (Для дома > Хозяйственные мелочи (household sundries)),"Kazakhstan, Russia",https://fix-price.kz/ru/catalog/dlya-doma/p-5073091-shtora-rulonnaya-ome-ime-60h170-sm-v-assortimente,https://img.fix-price.kz/insecure/rs:fit:800:800/plain/bit/_marketplace/images/origin/f9/f90c9cfe0cab8697ec7c9e3ab69db47d.jpg,Fix Price Kazakhstan: #15 in 'Для дома > Хозяйственные мелочи (Household sundries)' (popular first); Fix Price Russia: #17 in 'Для дома > Хозяйственные мелочи (household sundries)' (sorted by units sold)
230,61.6,Ranked in 2 chains,KITCHEN TOOLS,Cooking utensils,Baking utensils,Brushes,Silicone pastry brush,Silikonowy pędzelek kuchenny,Action,Poland,3.49,PLN,1.54,0,#72 Carrefour Poland (Wyposażenie domu > Kuchnia i jadalnia > Akcesoria kuchenne); #231 Fix Price Russia (Для дома > Для кухни (Kitchen)),"Kazakhstan, Poland, Russia, Turkey",https://www.action.com/pl-pl/p/3222070/silikonowy-pedzelek-kuchenny/,https://asset.action.com/image/upload/t_digital_product_image/w_1920/3222070_3560231324469-111_01_nm6cak.webp,"Carrefour Poland: #72 in 'Wyposażenie domu > Kuchnia i jadalnia > Akcesoria kuchenne' (most popular); Fix Price Russia: #231 in 'Для дома > Для кухни (Kitchen)' (sorted by units sold) | Action PL 3.49 zl (listed in Kuchnia > Akcesoria kuchenne); Fix Price core range: several O'Kitchen кисточка кулинарная SKUs incl. 27 cm at 79 RUB (search title); Kaspi: multiple silicone кисть кулинарная listings (In House, Top Choice); n11: many silicone yağ fırçası listings"
231,61.6,Ranked in 2 chains,"TEA, COFFEE & TABLE",Tableware,Plates,Opal Glass Plates,"Opal glass side plate, 22 cm",Talerz śniadaniowy Luminarc Lexa,Action,Poland,3.49,PLN,1.54,0,#15 Carrefour Poland (Wyposażenie domu > Kuchnia i jadalnia > Zastawa stołowa); #155 Fix Price Russia (Для дома > Для кухни (Kitchen)),"Poland, Russia",https://www.action.com/pl-pl/p/3218045/talerz-sniadaniowy-luminarc-lexa/,https://asset.action.com/image/upload/t_digital_product_image/w_1080/3218045_883314055153-110_01_l508ui.webp,"Carrefour Poland: #15 in 'Wyposażenie domu > Kuchnia i jadalnia > Zastawa stołowa' (most popular); Fix Price Russia: #155 in 'Для дома > Для кухни (Kitchen)' (sorted by units sold) | Action PL 3.49 zl (opal glass, microwave-safe); Action also Bormioli opal plate 8.95 zl; Fix Price: 'Тарелка ""Золотой Опал"", O'Kitchen, 25 см' and 'Блюдце чайное ""Золотой Опал""' - opal glass line in core range"
232,61.6,Ranked in 2 chains,"TEA, COFFEE & TABLE",Serving,Cake & Sweets,Candy Dishes,Glass candy dish on pedestal,Szklana bombonierka na podstawce,Action,Poland,3.99,PLN,1.76,0,#76 Fix Price Russia (Для дома > Для кухни (Kitchen)); #90 Fix Price Kazakhstan (Для дома > Для кухни (Kitchen)),"Kazakhstan, Poland, Russia, Turkey",https://www.action.com/pl-pl/p/3219772/szklana-bombonierka-na-podstawce/,https://asset.action.com/image/upload/t_digital_product_image/w_1080/3219772_8718885337792-111_01_bcmolc.webp,"Fix Price Russia: #76 in 'Для дома > Для кухни (Kitchen)' (sorted by units sold); Fix Price Kazakhstan: #90 in 'Для дома > Для кухни (Kitchen)' (popular first) | Action PL 3.99 zl (10x10x7 cm); Action also 'Szklana bomboniera' 800 ml 11.95 zl, 'Bomboniera' 2-level 12.95 zl; Fix Price: 'Конфетница с крышкой, O'Kitchen, 490 мл'; Trendyol dedicated 'Sekerlik & Lokumluk' category"
233,61.6,Ranked in 2 chains,"LAUNDRY, BATH & WARDROBE",Wardrobe,Hangers,Clothes hangers,Trouser/skirt hangers with clips,"Вешалки для брюк, Home Time, 2 шт., в ассортименте",Fix Price,Russia,99,RUB,1.99,0,#7 Fix Price Russia (Для дома > Аксессуары для одежды (clothes accessories)); #8 Fix Price Kazakhstan (Для дома > Аксессуары для одежды (Clothes care)),"Kazakhstan, Poland, Russia, Turkey",https://fix-price.com/catalog/dlya-doma/p-5060451-veshalki-dlya-bryuk-ome-ime-2-sht-v-assortimente,https://img.fix-price.com/insecure/rs:fit:800:800/plain/bit/_marketplace/images/origin/ad/ad18433310e5b62035d929f696e5f6ce.jpg,"Fix Price Russia: #7 in 'Для дома > Аксессуары для одежды (clothes accessories)' (sorted by units sold); Fix Price Kazakhstan: #8 in 'Для дома > Аксессуары для одежды (Clothes care)' (popular first) | Fix Price 99 RUB on card promo; Action PL 'Wieszaki na spodnie – 28 cm, 3 szt.'; Kaspi: 'Набор вешалок Вешалки для брюк 10 шт', 'Вешалка для брюк 771286'; Trendyol: many 'mandallı pantolon etek askısı' listings (10/20/50 pcs)"
234,61.6,Ranked in 2 chains,KITCHEN TOOLS,Measuring tools,Measuring jugs,Plastic,Plastic measuring jug,Zestaw dzbanów do wymiarkowywania,Action,Poland,7.95,PLN,3.51,0,#73 Carrefour Poland (Wyposażenie domu > Kuchnia i jadalnia > Akcesoria kuchenne); #158 Fix Price Russia (Для дома > Для кухни (Kitchen)),"Kazakhstan, Poland, Russia, Turkey",https://www.action.com/pl-pl/p/2525351/zestaw-dzbanow-do-wymiarkowywania/,https://asset.action.com/image/upload/t_digital_product_image/w_1920/2525351_5710255203006-110_01_fqjcc7.webp,"Carrefour Poland: #73 in 'Wyposażenie domu > Kuchnia i jadalnia > Akcesoria kuchenne' (most popular); Fix Price Russia: #158 in 'Для дома > Для кухни (Kitchen)' (sorted by units sold) | Action PL 7.95 zl (jug set); Fix Price kitchen category sorted 'popular first' (fix-price.com/catalog/dlya-doma/dlya-kukhni?sort=sold): 'Мерный стакан, Ханпласт, 0,5 л' on page 7, 'Мерный стакан, O'Kitchen, 1 л' page 14, O'Kitchen кувшин мерный 900 ml at 79 RUB (search title); Kaspi: мерный стакан 500 ml silicone; n11: Porsima 3-pc measuring beaker set"
235,61.4,Ranked in 1 chain,"LAUNDRY, BATH & WARDROBE",Bath,Shower,Shower fittings,Shower hose,Wąż prysznicowy Cascata,Action,Poland,6.95,PLN,3.07,301,#38 Fix Price Russia (Для дома > Для ванной (bathroom)),"Poland, Russia, Turkey",https://www.action.com/pl-pl/p/2562482/waz-prysznicowy-cascata/,https://asset.action.com/image/upload/t_digital_product_image/w_1920/2562482_8718964180066-110_01_ivd89w.webp,"Fix Price Russia: #38 in 'Для дома > Для ванной (bathroom)' (sorted by units sold) | Action PL 6.95 zl ('Akcesoria łazienkowe'); n11: Ahlez spiral hose 99 ratings, Kustar PVC 1.5 m 55 ratings, Berev steel 61 ratings, ECA 150 cm 301 ratings; Fix Price sells head+hose set 299 RUB"
236,61.4,Ranked in 1 chain,KITCHEN TOOLS,Measuring tools,Funnels,Plastic,Kitchen funnel,"Воронка для варенья, Полимербыт, 14,5 см, в ассортименте",Fix Price,Russia,20.7,RUB,0.42,48,#40 Carrefour Poland (Wyposażenie domu > Kuchnia i jadalnia > Akcesoria kuchenne),"Poland, Russia, Turkey",https://fix-price.com/catalog/dlya-doma/p-5022809-voronka-dlya-varenya-polimerbyt-145-sm-v-assortimente,https://img.fix-price.com/insecure/rs:fit:800:800/plain/bit/_marketplace/images/origin/53/53baafb5dfef24acd04c769be4cea468.jpg,"Carrefour Poland: #40 in 'Wyposażenie domu > Kuchnia i jadalnia > Akcesoria kuchenne' (most popular) | Fix Price 20.70 RUB; Fix Price kitchen category sorted 'popular first' (dlya-kukhni?sort=sold, 78 pages x 24): this SKU on page 11; collapsible O'Kitchen funnel on page 15; n11: water-jug filling funnel 48 reviews, steel wide-mouth jar funnel 4 reviews"
237,61.3,Ranked in 2 chains,FOOD STORAGE & DRINKWARE-TO-GO,Drinkware to go,Water bottles,Plastic bottles,Plastic sports water bottle (500-750 ml),Bidon Kaytan,Action,Poland,4.29,PLN,1.9,0,#58 Fix Price Kazakhstan (Для дома > Для кухни (Kitchen)); #62 Fix Price Russia (Для дома > Для кухни (Kitchen)),"Kazakhstan, Poland, Russia",https://www.action.com/pl-pl/p/3217750/bidon-kaytan/,https://asset.action.com/image/upload/t_digital_product_image/w_1920/3217750_5701390675100-111_01_hi2imx.webp,"Fix Price Kazakhstan: #58 in 'Для дома > Для кухни (Kitchen)' (popular first); Fix Price Russia: #62 in 'Для дома > Для кухни (Kitchen)' (sorted by units sold) | Action PL 4.29 zl (700 ml); Action also 'Bidon' 750 ml 8.79 zl, 'Butelka na napoje' 1 l 13.35 zl; Fix Price RU 'Бутылка для воды, O'Kitchen, 500 мл' (83 RUB in page title) and 480 ml (69 RUB); Kaspi KZ 'Бутылка 30315376 500 мл'"
238,61.3,Ranked in 2 chains,"TEA, COFFEE & TABLE",Serving,Boards & Trays,Serving Boards,Small wooden serving board (acacia),Drewniana deska do serwowania,Action,Poland,7.49,PLN,3.31,0,#54 Fix Price Kazakhstan (Для дома > Для кухни (Kitchen)); #114 Fix Price Russia (Для дома > Для кухни (Kitchen)),"Kazakhstan, Poland, Russia",https://www.action.com/pl-pl/p/3220266/drewniana-deska-do-serwowania/,https://asset.action.com/image/upload/t_digital_product_image/w_1080/3220266_8718964258512-110_02_yzf8fa.webp,"Fix Price Kazakhstan: #54 in 'Для дома > Для кухни (Kitchen)' (popular first); Fix Price Russia: #114 in 'Для дома > Для кухни (Kitchen)' (sorted by units sold) | Action PL 7.49 zl (30x13 cm, FSC acacia); Action carries 4 serving-board SKUs (7.49-39.95 zl); Kaspi: 'Doskikz подставка сервировочная 15см для кружки, для десерта, дерево'"
239,60.9,Ranked in 2 chains,HOME ESSENTIALS & DIY,Electrical & Power,Mobile & Charging,Phone holders & stands,Phone screen magnifier stand,"Увеличительный экран для телефона, FLARX, в ассортименте",Fix Price,Kazakhstan,1599.0,KZT,6.1,0,"#10 Fix Price Kazakhstan (Для дома > Электротовары (Electrical)); #45 Fix Price Russia (Для дома > Электротовары (electrical: batteries, bulbs, lighting, power, mobile))","Kazakhstan, Russia",https://fix-price.kz/ru/catalog/dlya-doma/elektrotovary/p-5013352-uvelichitelnyy-ekran-dlya-telefona--v-assortimente,https://img.fix-price.com/insecure/rs:fit:800:800/plain/pim/images/470108dae1b54255afc600fb6525031e_32.jpg,"Fix Price Kazakhstan: #10 in 'Для дома > Электротовары (Electrical)' (popular first); Fix Price Russia: #45 in 'Для дома > Электротовары (electrical: batteries, bulbs, lighting, power, mobile)' (sorted by units sold)"
240,60.8,Ranked in 2 chains,HOME TEXTILES,Bedding basics,Sheets,Fitted sheets,Cotton fitted sheet,"Простыня на резинке, 140x200x20 см, в ассортименте",Fix Price,Russia,599,RUB,12.02,138,#25 Fix Price Russia (Для дома > Текстиль (Textiles)); #37 Fix Price Kazakhstan (Для дома > Текстиль (Textiles)),"Kazakhstan, Russia, Turkey",https://fix-price.com/catalog/dlya-doma/p-5075024-prostynya-na-rezinke-14020020-sm-v-assortimente,https://img.fix-price.com/insecure/rs:fit:800:800/plain/bit/_marketplace/images/origin/34/3423428f3ac5fe9e54cd9b8772fbe6b8.jpg,"Fix Price Russia: #25 in 'Для дома > Текстиль (Textiles)' (sorted by units sold); Fix Price Kazakhstan: #37 in 'Для дома > Текстиль (Textiles)' (popular first) | Fix Price RU 599 RUB, 100% cotton 140x200x20 cm, listed in 'Текстиль'; n11: 'Madame Coco Manon ... Lastikli Çarşaf' 138 reviews, 479.99 TL"
241,60.7,Ranked in 3+ chains,FOOD STORAGE & DRINKWARE-TO-GO,Lunch & on-the-go,Soup containers,Soup mugs,Microwave soup mug / bowl with lid,Pojemnik MAKAMAKA Large soup mug 900 ml (mix) 21141,Carrefour,Poland,38.99,PLN,17.23,0,#46 Fix Price Russia (Для дома > Для кухни (Kitchen)); #54 Carrefour Poland (Wyposażenie domu > Kuchnia i jadalnia > Przechowywanie żywności); #70 Fix Price Kazakhstan (Для дома > Для кухни (Kitchen)),"Kazakhstan, Poland, Russia",https://www.carrefour.pl/zakupy-niecodzienne/dom-i-ogrod/wyposazenie-domu/kuchnia-i-jadalnia/przechowywanie-zywnosci/pojemnik-makamaka-large-soup-mug-900-ml-mix-21141,https://www.carrefour.pl/images/product/org/pojemnik-makamaka-large-soup-mug-900-ml-mix-21141-ao7u4m.jpg,Fix Price Russia: #46 in 'Для дома > Для кухни (Kitchen)' (sorted by units sold); Carrefour Poland: #54 in 'Wyposażenie domu > Kuchnia i jadalnia > Przechowywanie żywności' (most popular); Fix Price Kazakhstan: #70 in 'Для дома > Для кухни (Kitchen)' (popular first)
242,60.6,Ranked in 2 chains,FOOD STORAGE & DRINKWARE-TO-GO,Pantry storage,Dry-goods containers,Bulk containers,Large bulk food container 4-6 L (flour/rice),"Vienev 4'lü 5,5 Litre Strip Mega Boy Erzak Saklama Kabı Antrasit Çok Renkli",n11,Turkey,369.9,TRY,12.87,124,#3 n11 Turkey (n11 search: kavanoz); #42 Fix Price Russia (Для дома > Для ванной (bathroom)),"Poland, Russia, Turkey",https://www.n11.com/urun/vienev-4lu-55-litre-strip-mega-boy-erzak-saklama-kabi-antrasit-cok-renkli-47956084,https://n11scdn.akamaized.net/a1/400_570/08/39/72/35/IMG-8229046318933342476.jpg,"n11 Turkey: #3 in 'n11 search: kavanoz' (best-selling); Fix Price Russia: #42 in 'Для дома > Для ванной (bathroom)' (sorted by units sold) | n11: 124 reviews, 4.5/5 (price 369.90 TL for 4 pcs from listing); Fix Price RU 'Контейнер с ручкой для продуктов, HITT, 4,5 л'; Action PL 'Pojemnik na żywność' 2.7 l 9.95 zl and Curver 2.3 l 19.95 zl"
243,60.5,Ranked in 2 chains,HOME ESSENTIALS & DIY,Electrical & Power,Lighting,Torches,LED headlamp,Latarka czołowa do wielokrotnego ładowania Werckmann,Action,Poland,18.99,PLN,8.39,0,#59 Fix Price Russia (Для дома > Хозяйственные мелочи (household sundries)); #61 Fix Price Kazakhstan (Для дома > Хозяйственные мелочи (Household sundries)),"Kazakhstan, Poland, Russia, Turkey",https://www.action.com/pl-pl/p/3221528/latarka-czolowa-do-wielokrotnego-ladowania-werckmann/,https://asset.action.com/image/upload/t_digital_product_image/w_1920/3221528_8718964269730-110_01_kv3udn.webp,"Fix Price Russia: #59 in 'Для дома > Хозяйственные мелочи (household sundries)' (sorted by units sold); Fix Price Kazakhstan: #61 in 'Для дома > Хозяйственные мелочи (Household sundries)' (popular first) | Action PL 18.99 zl (also Grundig headlamp 180 lm); Fix Price 6+ headlamp SKUs (FLARX 199 RUB, rechargeable 249-299 RUB); n11: rechargeable headlamps listed"
244,60.4,Ranked in 1 chain,KITCHEN TOOLS,Openers,Can openers,Manual,Manual can opener,Otwieracz do konserw Excellent Houseware,Action,Poland,8.95,PLN,3.96,28,#51 Carrefour Poland (Wyposażenie domu > Kuchnia i jadalnia > Akcesoria kuchenne),"Kazakhstan, Poland, Turkey",https://www.action.com/pl-pl/p/2507900/otwieracz-do-konserw-excellent-houseware/,https://asset.action.com/image/upload/t_digital_product_image/w_1920/2507900_8720573266635-110_01_krdmoo.webp,"Carrefour Poland: #51 in 'Wyposażenie domu > Kuchnia i jadalnia > Akcesoria kuchenne' (most popular) | Action PL 8.95 zl; n11: Victorinox can opener 17 reviews (black) + 14 (red), multi-size opener 28 reviews; Kaspi: 'Консервный нож сталь, черный' listing"
245,60.2,Ranked in 2 chains,HOME ESSENTIALS & DIY,Tools,Painting,Putty knives,Putty knife / filling spatula,"Шпательная лопатка, 100 мм",Fix Price,Kazakhstan,199.0,KZT,0.76,0,#32 Fix Price Kazakhstan (Для дома > Для ремонта (Repair / tools)); #41 Fix Price Russia (Для дома > Для ремонта (repair / tools / hardware)),"Kazakhstan, Russia",https://fix-price.kz/ru/catalog/dlya-doma/p-5006270-shpatelnaya-lopatka-100-mm,https://img.fix-price.kz/insecure/rs:fit:800:800/plain/bit/_marketplace/images/origin/41/41d0d9136ceb66fc080d05d0178483b1.jpg,Fix Price Kazakhstan: #32 in 'Для дома > Для ремонта (Repair / tools)' (popular first); Fix Price Russia: #41 in 'Для дома > Для ремонта (repair / tools / hardware)' (sorted by units sold)
246,60.2,Ranked in 2 chains,HOME ESSENTIALS & DIY,Tools,Hand Tools,Pliers & cutters,Wire stripper / crimping tool,"Нож для зачистки проводов, Master Hand, 2 шт.",Fix Price,Kazakhstan,274.0,KZT,1.05,0,#26 Fix Price Kazakhstan (Для дома > Для ремонта (Repair / tools)); #46 Fix Price Russia (Для дома > Для ремонта (repair / tools / hardware)),"Kazakhstan, Russia",https://fix-price.kz/ru/catalog/dlya-doma/p-5001201-noj-dlya-zachistki-provodov-aster-and-2-sht,https://img.fix-price.kz/insecure/rs:fit:800:800/plain/bit/_marketplace/images/origin/42/4212ec4a8c96c2f58bb89f57251b8ad8.jpg,Fix Price Kazakhstan: #26 in 'Для дома > Для ремонта (Repair / tools)' (popular first); Fix Price Russia: #46 in 'Для дома > Для ремонта (repair / tools / hardware)' (sorted by units sold)
247,60.2,Ranked in 2 chains,HOME ESSENTIALS & DIY,Electrical & Power,Lighting,Torches,Portable LED lantern (battery / USB),"Фонарь кемпинговый, FLARX, 3 варианта освещения, в ассортименте",Fix Price,Kazakhstan,299.0,KZT,1.14,0,"#22 Fix Price Kazakhstan (Для дома > Электротовары (Electrical)); #89 Fix Price Russia (Для дома > Электротовары (electrical: batteries, bulbs, lighting, power, mobile))","Kazakhstan, Russia",https://fix-price.kz/ru/catalog/dlya-doma/elektrotovary/p-5012630-fonar-kempingovyy--3-varianta-osvescheniya-v-assortimente,https://img.fix-price.com/insecure/rs:fit:800:800/plain/pim/images/e92a0b88a55792768e4f63a2e78ca8c0_34.jpg,"Fix Price Kazakhstan: #22 in 'Для дома > Электротовары (Electrical)' (popular first); Fix Price Russia: #89 in 'Для дома > Электротовары (electrical: batteries, bulbs, lighting, power, mobile)' (sorted by units sold)"
248,60.2,Ranked in 2 chains,"LAUNDRY, BATH & WARDROBE",Wardrobe,Shoe care,Shoe accessories,Self-adhesive heel grips / shoe pads,"Накладки для обуви самоклеящиеся, Happy Foot, 1 пара, в ассортименте",Fix Price,Russia,69.0,RUB,1.39,0,#27 Fix Price Russia (Для дома > Аксессуары для обуви (shoe care accessories)); #35 Fix Price Kazakhstan (Для дома > Аксессуары для обуви (Shoe care)),"Kazakhstan, Russia",https://fix-price.com/catalog/dlya-doma/p-5054185-nakladki-dlya-obuvi-samokleyaschiesya-appy-oot-1-para-v-assortimente,https://img.fix-price.com/insecure/rs:fit:800:800/plain/bit/_marketplace/images/origin/a3/a308d81985a517321f3dbde851f53558.jpg,Fix Price Russia: #27 in 'Для дома > Аксессуары для обуви (shoe care accessories)' (sorted by units sold); Fix Price Kazakhstan: #35 in 'Для дома > Аксессуары для обуви (Shoe care)' (popular first)
249,60.2,Ranked in 2 chains,HOME ESSENTIALS & DIY,Tools,Protective Wear,Eye protection,Safety goggles,"Очки защитные, в ассортименте",Fix Price,Russia,79.0,RUB,1.59,0,#29 Fix Price Russia (Для дома > Хозяйственные мелочи (household sundries)); #40 Fix Price Kazakhstan (Для дома > Хозяйственные мелочи (Household sundries)),"Kazakhstan, Russia",https://fix-price.com/catalog/dlya-doma/p-5005005-ochki-zaschitnye-v-assortimente,https://img.fix-price.com/insecure/rs:fit:800:800/plain/pim/images/700d78f3cca9423eaf0c395da231db60_27.jpg,Fix Price Russia: #29 in 'Для дома > Хозяйственные мелочи (household sundries)' (sorted by units sold); Fix Price Kazakhstan: #40 in 'Для дома > Хозяйственные мелочи (Household sundries)' (popular first)
250,60.2,Ranked in 2 chains,"LAUNDRY, BATH & WARDROBE",Laundry,Garment care,Clothes brushes,Clothes / shoe brush,"Щётка для одежды и обуви, Yozhik, 100х36 мм",Fix Price,Russia,79.0,RUB,1.59,0,#36 Fix Price Russia (Для дома > Хозяйственные мелочи (household sundries)); #47 Fix Price Kazakhstan (Для дома > Хозяйственные мелочи (Household sundries)),"Kazakhstan, Russia",https://fix-price.com/catalog/dlya-doma/p-5051050-schtka-dlya-odejdy-i-obuvi-ozhik-100h36-mm,https://img.fix-price.com/insecure/rs:fit:800:800/plain/pim/images/06276c4921da73d883e1e101dccb16bf_32.jpg,Fix Price Russia: #36 in 'Для дома > Хозяйственные мелочи (household sundries)' (sorted by units sold); Fix Price Kazakhstan: #47 in 'Для дома > Хозяйственные мелочи (Household sundries)' (popular first)
251,60.2,Ranked in 2 chains,HOME ESSENTIALS & DIY,Tools,Hand Tools,Measuring,Carpenter's square (angle ruler),"Угольная линейка, Master Hand, 300х200 мм",Fix Price,Russia,79.0,RUB,1.59,0,#37 Fix Price Russia (Для дома > Для ремонта (repair / tools / hardware)); #51 Fix Price Kazakhstan (Для дома > Для ремонта (Repair / tools)),"Kazakhstan, Russia",https://fix-price.com/catalog/dlya-doma/dlya-remonta/p-5003008-ugolnaya-lineyka-aster-and-300h200-mm,https://img.fix-price.com/insecure/rs:fit:800:800/plain/bit/_marketplace/images/origin/b1/b1d461de07bb16f7739fea8f048380be.jpg,Fix Price Russia: #37 in 'Для дома > Для ремонта (repair / tools / hardware)' (sorted by units sold); Fix Price Kazakhstan: #51 in 'Для дома > Для ремонта (Repair / tools)' (popular first)
252,60.2,Ranked in 2 chains,HOME ESSENTIALS & DIY,Fixing & Hanging,Furniture & Door Accessories,Furniture repair,Self-adhesive faux-leather repair patch,"Искусственная самоклеящаяся кожа, Home Time, 40х100 см, в ассортименте",Fix Price,Kazakhstan,449.0,KZT,1.71,0,#37 Fix Price Kazakhstan (Для дома > Хозяйственные мелочи (Household sundries)); #40 Fix Price Russia (Для дома > Хозяйственные мелочи (household sundries)),"Kazakhstan, Russia",https://fix-price.kz/ru/catalog/dlya-doma/p-5069995-iskusstvennaya-samokleyaschayasya-koja-ome-ime-40h100-sm-v-assortimente,https://img.fix-price.kz/insecure/rs:fit:800:800/plain/bit/_marketplace/images/origin/d3/d34cc97527a19f84b7f86ae31b02dd4f.jpg,Fix Price Kazakhstan: #37 in 'Для дома > Хозяйственные мелочи (Household sundries)' (popular first); Fix Price Russia: #40 in 'Для дома > Хозяйственные мелочи (household sundries)' (sorted by units sold)
253,60.2,Ranked in 2 chains,HOME TEXTILES,Kitchen textiles,Kitchen towels,"Tea towels, single",Jacquard cotton kitchen towel,"Полотенце кухонное жаккардовое, 35x60 см",Fix Price,Russia,99,RUB,1.99,0,#8 Fix Price Russia (Для дома > Текстиль (Textiles)); #15 Fix Price Kazakhstan (Для дома > Текстиль (Textiles)),"Kazakhstan, Russia",https://fix-price.com/catalog/dlya-doma/p-5070757-polotentse-kuhonnoe-jakkardovoe-3560-sm,https://img.fix-price.com/insecure/rs:fit:800:800/plain/bit/_marketplace/images/origin/ee/eec96b40bfc7fb70bb54c32275a1590f.jpg,"Fix Price Russia: #8 in 'Для дома > Текстиль (Textiles)' (sorted by units sold); Fix Price Kazakhstan: #15 in 'Для дома > Текстиль (Textiles)' (popular first) | Fix Price RU 99 RUB, 100% cotton 35x60 cm, listed on page 1 of 'Текстиль'; Fix Price KZ lists same SKU in 'Текстиль'"
254,60.2,Ranked in 2 chains,HOME ESSENTIALS & DIY,Fixing & Hanging,Decorative Films,Self-adhesive film,"Self-adhesive anti-grease protective film, roll","Плёнка универсальная защитная, Home Time, 60х500 см",Fix Price,Russia,99.0,RUB,1.99,0,#32 Fix Price Russia (Для дома > Хозяйственные мелочи (household sundries)); #51 Fix Price Kazakhstan (Для дома > Хозяйственные мелочи (Household sundries)),"Kazakhstan, Russia",https://fix-price.com/catalog/dlya-doma/p-5079347-plnka-universalnaya-zaschitnaya-ome-ime-60h500-sm,https://img.fix-price.com/insecure/rs:fit:800:800/plain/bit/_marketplace/images/origin/cc/cc3aa733e317f101d7cc185f3d161028.jpg,Fix Price Russia: #32 in 'Для дома > Хозяйственные мелочи (household sundries)' (sorted by units sold); Fix Price Kazakhstan: #51 in 'Для дома > Хозяйственные мелочи (Household sundries)' (popular first)
255,60.2,Ranked in 2 chains,HOME ESSENTIALS & DIY,Tools,Hand Tools,Precision tools,Precision tweezers set,"Набор пинцетов, Master Hand, 4 шт.",Fix Price,Russia,99.0,RUB,1.99,0,#33 Fix Price Russia (Для дома > Для ремонта (repair / tools / hardware)); #46 Fix Price Kazakhstan (Для дома > Для ремонта (Repair / tools)),"Kazakhstan, Russia",https://fix-price.com/catalog/dlya-doma/dlya-remonta/p-5001092-nabor-pintsetov-aster-and-4-sht,https://img.fix-price.com/insecure/rs:fit:800:800/plain/bit/_marketplace/images/origin/34/34e3d83b80642f8ee27d611ad8a60a3d.jpg,Fix Price Russia: #33 in 'Для дома > Для ремонта (repair / tools / hardware)' (sorted by units sold); Fix Price Kazakhstan: #46 in 'Для дома > Для ремонта (Repair / tools)' (popular first)
256,60.2,Ranked in 2 chains,HOME ESSENTIALS & DIY,Home Devices,Security,Locks,Mailbox / cabinet cam lock with keys,"Замок для почтового ящика, Master Hand, с 3 ключами, 38 мм, в ассортименте",Fix Price,Russia,99.0,RUB,1.99,0,#24 Fix Price Russia (Для дома > Для ремонта (repair / tools / hardware)); #61 Fix Price Kazakhstan (Для дома > Для ремонта (Repair / tools)),"Kazakhstan, Russia",https://fix-price.com/catalog/dlya-doma/p-5004010-zamok-dlya-pochtovogo-yaschika-aster-and-s-3-klyuchami-38-mm-v-assortimente,https://img.fix-price.com/insecure/rs:fit:800:800/plain/pim/images/8abbbad36d6a82fbb5335e5ff1dc7bc1_42.jpg,Fix Price Russia: #24 in 'Для дома > Для ремонта (repair / tools / hardware)' (sorted by units sold); Fix Price Kazakhstan: #61 in 'Для дома > Для ремонта (Repair / tools)' (popular first)
257,60.2,Ranked in 2 chains,HOME ESSENTIALS & DIY,Tools,Measuring & Testing,Voltage testers,Voltage tester screwdriver,"Цифровой тестер электрического тока, Master Hand, в ассортименте",Fix Price,Kazakhstan,533.0,KZT,2.03,0,#47 Fix Price Kazakhstan (Для дома > Для ремонта (Repair / tools)); #52 Fix Price Russia (Для дома > Для ремонта (repair / tools / hardware)),"Kazakhstan, Russia",https://fix-price.kz/ru/catalog/dlya-doma/p-5000014-tsifrovoy-tester-elektricheskogo-toka-aster-and-v-assortimente,https://img.fix-price.kz/insecure/rs:fit:800:800/plain/bit/_marketplace/images/origin/01/016e1ac043748239f35d2e0fef172d74.jpg,Fix Price Kazakhstan: #47 in 'Для дома > Для ремонта (Repair / tools)' (popular first); Fix Price Russia: #52 in 'Для дома > Для ремонта (repair / tools / hardware)' (sorted by units sold)
258,60.2,Ranked in 2 chains,HOME ESSENTIALS & DIY,Tools,Hand Tools,Wire brushes,Hand wire brush,"Щётка металлическая с пластмассовой ручкой, Master Hand",Fix Price,Russia,116.0,RUB,2.33,0,#31 Fix Price Russia (Для дома > Хозяйственные мелочи (household sundries)); #48 Fix Price Kazakhstan (Для дома > Хозяйственные мелочи (Household sundries)),"Kazakhstan, Russia",https://fix-price.com/catalog/dlya-doma/p-5001379-schtka-metallicheskaya-s-plastmassovoy-ruchkoy-aster-and,https://img.fix-price.com/insecure/rs:fit:800:800/plain/bit/_marketplace/images/origin/c7/c7130e6d4316e13ea2810ac8af9225fd.jpg,Fix Price Russia: #31 in 'Для дома > Хозяйственные мелочи (household sundries)' (sorted by units sold); Fix Price Kazakhstan: #48 in 'Для дома > Хозяйственные мелочи (Household sundries)' (popular first)
259,60.2,Ranked in 2 chains,HOME ESSENTIALS & DIY,Tools,Hand Tools,Knives,Precision craft knife with spare blades,"Нож для резьбы со сменными лезвиями, Master Hand, 6 шт.",Fix Price,Kazakhstan,649.0,KZT,2.48,0,#33 Fix Price Kazakhstan (Для дома > Для ремонта (Repair / tools)); #42 Fix Price Russia (Для дома > Для ремонта (repair / tools / hardware)),"Kazakhstan, Russia",https://fix-price.kz/ru/catalog/dlya-doma/dlya-remonta/p-5001200-noj-dlya-rezby-so-smennymi-lezviyami-aster-and-6-sht,https://img.fix-price.com/insecure/rs:fit:800:800/plain/pim/images/f86b19f828a365ffda1f956204d86e94_41.jpg,Fix Price Kazakhstan: #33 in 'Для дома > Для ремонта (Repair / tools)' (popular first); Fix Price Russia: #42 in 'Для дома > Для ремонта (repair / tools / hardware)' (sorted by units sold)
260,60.2,Ranked in 2 chains,HOME ESSENTIALS & DIY,Electrical & Power,Lighting,Desk & reading lights,Clip-on rechargeable LED reading lamp,"Лампа аккумуляторная на прищепке, FLARX, с кабелем USB",Fix Price,Kazakhstan,733.0,KZT,2.8,0,"#35 Fix Price Kazakhstan (Для дома > Электротовары (Electrical)); #40 Fix Price Russia (Для дома > Электротовары (electrical: batteries, bulbs, lighting, power, mobile))","Kazakhstan, Russia",https://fix-price.kz/ru/catalog/dlya-doma/p-5012702-lampa-akkumulyatornaya-na-prischepke--s-kabelem-,https://img.fix-price.com/insecure/rs:fit:800:800/plain/pim/images/48e62adc5336de23a98e890550e06d72_33.jpg,"Fix Price Kazakhstan: #35 in 'Для дома > Электротовары (Electrical)' (popular first); Fix Price Russia: #40 in 'Для дома > Электротовары (electrical: batteries, bulbs, lighting, power, mobile)' (sorted by units sold)"
261,60.2,Ranked in 2 chains,HOME ESSENTIALS & DIY,Tools,Painting & Finishing,Paint rollers,Paint roller set with tray,"Набор валиков, Master Hand, 2 шт., с рукояткой и ванночкой, в ассортименте",Fix Price,Russia,174.5,RUB,3.5,0,#26 Fix Price Russia (Для дома > Для ремонта (repair / tools / hardware)); #41 Fix Price Kazakhstan (Для дома > Для ремонта (Repair / tools)),"Kazakhstan, Russia",https://fix-price.com/catalog/dlya-doma/p-5002042-nabor-valikov-aster-and-2-sht-s-rukoyatkoy-i-vannochkoy-v-assortimente,https://img.fix-price.com/insecure/rs:fit:800:800/plain/bit/_marketplace/images/origin/85/857ccba7479b1f3487a7850feafa42ff.jpg,Fix Price Russia: #26 in 'Для дома > Для ремонта (repair / tools / hardware)' (sorted by units sold); Fix Price Kazakhstan: #41 in 'Для дома > Для ремонта (Repair / tools)' (popular first)
262,60.2,Ranked in 2 chains,DECOR & ORGANISATION,Storage & Organisation,Hooks & Hanging,Over-door baskets,"Over-door / hanging storage basket, small","Корзинка на дверь, 26х28х12 см",Fix Price,Russia,229.0,RUB,4.6,0,#45 Fix Price Russia (Для дома > Организация хранения (storage & organisation)); #49 Fix Price Kazakhstan (Для дома > Организация хранения (Storage)),"Kazakhstan, Russia",https://fix-price.com/catalog/dlya-doma/p-5079281-korzinka-na-dver-26h28h12-sm,https://img.fix-price.com/insecure/rs:fit:800:800/plain/bit/_marketplace/images/origin/97/9799f033c73bd2557586a978e9ceabbe.jpg,Fix Price Russia: #45 in 'Для дома > Организация хранения (storage & organisation)' (sorted by units sold); Fix Price Kazakhstan: #49 in 'Для дома > Организация хранения (Storage)' (popular first)
263,60.2,Ranked in 2 chains,HOUSEHOLD CLEANING,Brooms & Dustpans,Brooms,Hand brooms,"Short hand broom (venik), synthetic","Веник, 23х5х76 см",Fix Price,Russia,249,RUB,5.0,0,#52 Fix Price Russia (Для дома > Для уборки (cleaning tools)); #60 Fix Price Kazakhstan (Для дома > Для уборки (Cleaning)),"Kazakhstan, Russia",https://fix-price.com/catalog/dlya-doma/tovary-dlya-uborki/p-5041101-venik-23h5h76-sm,https://img.fix-price.com/insecure/rs:fit:800:800/plain/pim/images/_default_upload_bucket/f58a61325dd04ff5874a2c4c98e540ea.jpg,Fix Price Russia: #52 in 'Для дома > Для уборки (cleaning tools)' (sorted by units sold); Fix Price Kazakhstan: #60 in 'Для дома > Для уборки (Cleaning)' (popular first) | Fix Price RU 'Для уборки' (249 RUB); Fix Price KZ: broom range in same category (Щётка для пола 120 см)
264,60.2,Ranked in 2 chains,DECOR & ORGANISATION,Lighting & LED Decor,Utility LED Lights,Stick-on Lights,Stick-on LED cabinet / wardrobe light (touch or motion sensor),Akumulatorowa lampa z czujnikiem,Action,Poland,14.99,PLN,6.63,0,"#37 Fix Price Russia (Для дома > Электротовары (electrical: batteries, bulbs, lighting, power, mobile)); #52 Fix Price Kazakhstan (Для дома > Электротовары (Electrical))","Kazakhstan, Poland, Russia",https://www.action.com/pl-pl/p/3016653/akumulatorowa-lampa-z-czujnikiem/,https://asset.action.com/image/upload/t_digital_product_image/w_1920/3016653_8718964243044-111_01_floz96.webp,"Fix Price Russia: #37 in 'Для дома > Электротовары (electrical: batteries, bulbs, lighting, power, mobile)' (sorted by units sold); Fix Price Kazakhstan: #52 in 'Для дома > Электротовары (Electrical)' (popular first) | Action PL 14.99 zl (rechargeable, motion sensor) in 'Lampy'; Fix Price RU 'Светильник светодиодный Touch на батарейках 3хААА' (stick-on, double-sided tape) and 'Светодиодный светильник, FLARX, с двухсторонним скотчем' (149 RUB per page title), plus 3-pc LED light set"
265,60.2,Ranked in 2 chains,HOME ESSENTIALS & DIY,Tools,Hand Tools,Hammers,Claw hammer,Młotek ciesielski Werckmann,Action,Poland,16.99,PLN,7.51,0,#28 Fix Price Kazakhstan (Для дома > Для ремонта (Repair / tools)); #28 Fix Price Russia (Для дома > Для ремонта (repair / tools / hardware)),"Kazakhstan, Poland, Russia",https://www.action.com/pl-pl/p/3215286/mlotek-ciesielski-werckmann/,https://asset.action.com/image/upload/t_digital_product_image/w_1920/3215286_8718964225071-110_01_kzdkwe.webp,"Fix Price Kazakhstan: #28 in 'Для дома > Для ремонта (Repair / tools)' (popular first); Fix Price Russia: #28 in 'Для дома > Для ремонта (repair / tools / hardware)' (sorted by units sold) | Action PL 16.99 zl (455 g), plus rubber mallet 16.99 zl; Fix Price Master Hand hammer 27.5 cm in 'Для ремонта'"
266,60.2,Ranked in 2 chains,HOUSEHOLD CLEANING,Buckets & Accessories,Buckets,Collapsible buckets,Collapsible silicone bucket,"Ведро складное, Home Time, 10 л, в ассортименте",Fix Price,Russia,399,RUB,8.01,0,#45 Fix Price Kazakhstan (Для дома > Для уборки (Cleaning)); #47 Fix Price Russia (Для дома > Для уборки (cleaning tools)),"Kazakhstan, Poland, Russia",https://fix-price.com/catalog/dlya-doma/p-5079077-vedro-skladnoe-ome-ime-10-l-v-assortimente,https://img.fix-price.com/insecure/rs:fit:800:800/plain/bit/_marketplace/images/origin/73/73aff0c167a62de47cd8f6ece81e482e.jpg,Fix Price Kazakhstan: #45 in 'Для дома > Для уборки (Cleaning)' (popular first); Fix Price Russia: #47 in 'Для дома > Для уборки (cleaning tools)' (sorted by units sold) | Fix Price RU & KZ (399 RUB); Fix Price also sells matching 'Таз складной 10 л'; Action PL: mop set with collapsible bucket (Zestaw z mopem i składanym wiadrem)
267,60.2,Ranked in 2 chains,DECOR & ORGANISATION,Storage & Organisation,Drawer Organisers,Drawer Dividers,Drawer organiser tray / divider set,Organizer bambusowy z przegródkami,Action,Poland,21.95,PLN,9.7,0,#29 Fix Price Kazakhstan (Для дома > Хозяйственные мелочи (Household sundries)); #34 Fix Price Russia (Для дома > Организация хранения (storage & organisation)),"Kazakhstan, Poland, Russia",https://www.action.com/pl-pl/p/3220336/organizer-bambusowy-z-przegrodkami/,https://asset.action.com/image/upload/t_digital_product_image/w_1920/3220336_8718964259410-110_01_lbhoqm.webp,"Fix Price Kazakhstan: #29 in 'Для дома > Хозяйственные мелочи (Household sundries)' (popular first); Fix Price Russia: #34 in 'Для дома > Организация хранения (storage & organisation)' (sorted by units sold) | Action PL 21.95 zl (6-piece bamboo set) in 'Kosze i organizery'; Pepco PL 'Organizer do szuflady mały materiałowy' 6 zl (page title) and a dedicated 'Organizacja szuflad' collection; Fix Price RU 'Органайзер с 16-ю делениями, 32х32х12 см' (drawer organiser)"
268,60.0,Ranked in 2 chains,"TEA, COFFEE & TABLE",Serving,Platters,Serving platters,Serving platter (round / oval / rectangular),Altom Regular Półmisek prostokątny 26 cm,Carrefour,Poland,19.99,PLN,8.84,0,#2 Carrefour Poland (Wyposażenie domu > Kuchnia i jadalnia > Zastawa stołowa); #235 Fix Price Russia (Для дома > Для кухни (Kitchen)),"Poland, Russia",https://www.carrefour.pl/zakupy-niecodzienne/dom-i-ogrod/wyposazenie-domu/kuchnia-i-jadalnia/zastawa-stolowa/altom-regular-polmisek-prostokatny-26-cm,https://www.carrefour.pl/images/product/org/altom-regular-polmisek-prostokatny-26-cm-mh2rin.jpg,Carrefour Poland: #2 in 'Wyposażenie domu > Kuchnia i jadalnia > Zastawa stołowa' (most popular); Fix Price Russia: #235 in 'Для дома > Для кухни (Kitchen)' (sorted by units sold)
269,60.0,Ranked in 1 chain,DECOR & ORGANISATION,Home Fragrance & Candles,Home Fragrance,Incense,Incense sticks with holder,"Ароматические палочки с подставкой, LiveFresh, 25 шт., в ассортименте",Fix Price,Russia,149,RUB,2.99,144,"#26 Fix Price Russia (Сувениры и подарки > Свечи, диффузоры, подсвечники (candles, diffusers, holders))","Kazakhstan, Russia, Turkey",https://fix-price.com/catalog/suveniry-i-podarki/p-5244428-aromaticheskie-palochki-s-podstavkoy-iveresh-25-sht-v-assortimente,https://img.fix-price.com/insecure/rs:fit:800:800/plain/bit/_marketplace/images/origin/fb/fbbbbb6b6e463ff805d29532192be5d1.jpg,"Fix Price Russia: #26 in 'Сувениры и подарки > Свечи, диффузоры, подсвечники (candles, diffusers, holders)' (sorted by units sold) | Fix Price RU 149 RUB (25 sticks + holder); same SKU listed on Fix Price KZ in 'Свечи, диффузоры, подсвечники'; n11 TR: 'Flute Tütsü Çubuk 10 x 20'li + Ahşap Tütsü Kayığı' 550 TL with 144 reviews, 'Hem 60 Adet Karışık Çubuk Tütsü + Tütsü Kayığı' 199.90 TL with 27 reviews"
270,59.8,Ranked in 2 chains,KITCHEN TOOLS,Cutting & slicing tools,Kitchen knives,Knife sets,Budget kitchen knife set,Zestaw noży Richardson Sheffield Glacio,Action,Poland,34.95,PLN,15.45,500,#4 n11 Turkey (n11 search: bıçak seti); #170 Carrefour Poland (Wyposażenie domu > Kuchnia i jadalnia > Akcesoria kuchenne),"Kazakhstan, Poland, Turkey",https://www.action.com/pl-pl/p/3223036/zestaw-nozy-richardson-sheffield-glacio/,https://asset.action.com/image/upload/t_digital_product_image/w_1920/3223036_8711155519713-111_01_ul1bat.webp,"n11 Turkey: #4 in 'n11 search: bıçak seti' (best-selling); Carrefour Poland: #170 in 'Wyposażenie domu > Kuchnia i jadalnia > Akcesoria kuchenne' (most popular) | Action PL 34.95 zl (5 pcs); Action also Redstone 2-pc set 8.95 zl; n11: Emsan Sharp Master 6-pc knife set 500 reviews, Tefal Fresh Kitchen 2-pc 152 reviews, Karaca Black Stone 6-pc with scissors & peeler 127 reviews; Kaspi: SATOSHI 5-pc and Chelay 3-pc knife sets"
271,59.8,Ranked in 1 chain,KITCHEN TOOLS,Openers,Corkscrews,Waiter's friend,Waiter's corkscrew,Mucit Home Profesyonel Tirbüşon Pratik Sağlam Garson Tip Açacak Kesici Tirbuşon Renkli,n11,Turkey,105,TRY,3.65,21,#32 Carrefour Poland (Wyposażenie domu > Kuchnia i jadalnia > Akcesoria kuchenne),"Poland, Russia, Turkey",https://www.n11.com/urun/mucit-home-profesyonel-tirbuson-pratik-saglam-garson-tip-acacak-kesici-tirbuson-renkli-120821385,https://n11scdn.akamaized.net/a1/400_570/02/33/14/62/IMG-369310520372758042.jpg,"Carrefour Poland: #32 in 'Wyposażenie domu > Kuchnia i jadalnia > Akcesoria kuchenne' (most popular) | n11 listing 105 TL (3 ratings, 5.0*), category Açacak & Tirbuşon; Victorinox corkscrew with foil cutter 21 reviews; Jasper chrome corkscrew listed; Fix Price: O'Kitchen electric corkscrew on kitchen popularity page 17"
272,59.7,Ranked in 2 chains,HOUSEHOLD CLEANING,Window & Surface Tools,Squeegees,Floor squeegees,Floor squeegee / water pusher,Ściągaczka do podłóg ze szczotką,Action,Poland,12.95,PLN,5.72,12,#3 n11 Turkey (n11 search: banyo paspası); #95 Fix Price Kazakhstan (Для дома > Для уборки (Cleaning)),"Kazakhstan, Poland, Turkey",https://www.action.com/pl-pl/p/3224246/sciagaczka-do-podlog-ze-szczotka/,https://asset.action.com/image/upload/t_digital_product_image/w_1080/3224246_8712448444286-110_01_nl5gou.webp,"n11 Turkey: #3 in 'n11 search: banyo paspası' (best-selling); Fix Price Kazakhstan: #95 in 'Для дома > Для уборки (Cleaning)' (popular first) | Action PL 12.95 zł (40 cm with brush); n11 TR (çekpas is a staple in Turkish homes): Smarter 50 cm floor wiper 12 reviews, Mulpex 40 cm 2-pack 4 reviews, Çekpas 55 cm 3 reviews"
273,59.5,Ranked in 1 chain,"COOK, BAKE & GRILL",Grill & BBQ,Skewers,Bamboo skewers,"Bamboo skewers, 100-pack",Bambusowe patyczki do szaszłyków (100 szt.),Action,Poland,2.98,PLN,1.32,0,#10 Carrefour Poland (Wyposażenie domu > Przyjęcia i świece (all)),"Kazakhstan, Poland, Russia",https://www.action.com/pl-pl/p/2508441/bambusowe-patyczki-do-szaszlykow/,https://asset.action.com/image/upload/t_digital_product_image/w_1080/2508441_8721037739290-110_01_xoyhmp.webp,"Carrefour Poland: #10 in 'Wyposażenie domu > Przyjęcia i świece (all)' (most popular) | Action PL 2.98 zl / 100 pcs; Fix Price RU: bamboo skewers 30 cm 100 pcs and Grifon wooden skewers 100 pcs; flip.kz: Boyscout bamboo skewers 5.0 stars (782 KZT), Белый аист set 484 KZT"
274,59.4,Ranked in 2 chains,HOME ESSENTIALS & DIY,Electrical & Power,Batteries,Rechargeable batteries,AA/AAA battery charger,Ładowarka do baterii GP,Action,Poland,22.95,PLN,10.14,0,"#14 Fix Price Kazakhstan (Для дома > Электротовары (Electrical)); #14 Fix Price Russia (Для дома > Электротовары (electrical: batteries, bulbs, lighting, power, mobile))","Kazakhstan, Poland, Russia",https://www.action.com/pl-pl/p/3222745/ladowarka-do-baterii-gp/,https://asset.action.com/image/upload/t_digital_product_image/w_1920/3222745_4891199239045-111_01_v0e9y1.webp,"Fix Price Kazakhstan: #14 in 'Для дома > Электротовары (Electrical)' (popular first); Fix Price Russia: #14 in 'Для дома > Электротовары (electrical: batteries, bulbs, lighting, power, mobile)' (sorted by units sold) | Action PL 22.95 zl in 'Powerbanki i ladowarki'; Fix Price sells FLARX charger with rechargeable batteries (card special price)"
275,59.3,Ranked in 2 chains,"COOK, BAKE & GRILL",Coffee & tea stovetop,Coffee makers,Cezve / turka,"Turkish coffee pot (cezve), stainless steel","Турка 9 см, 650 мл, сталь нержавеющая",Flip.kz,Kazakhstan,1925,KZT,7.34,42,#9 n11 Turkey (n11 search: cezve); #226 Fix Price Russia (Для дома > Для кухни (Kitchen)),"Kazakhstan, Russia, Turkey",https://www.flip.kz/catalog?prod=2648183,https://s.f.kz/prod/2649/2648183_1000.jpg,"n11 Turkey: #9 in 'n11 search: cezve' (best-selling); Fix Price Russia: #226 in 'Для дома > Для кухни (Kitchen)' (sorted by units sold) | flip.kz: 42 reviews, 4.7 stars (category Кофейники, турки); Fix Price RU own-brand O'Kitchen turka 450 ml at 229 RUB; Kaspi.kz 'Турки для кофе' category (see copper cezve row); n11 TR lists cezve sets (OMS 4-piece steel cezve set)"
276,59.1,Ranked in 2 chains,HOUSEHOLD CLEANING,Cleaning Devices,Handheld vacuums,Mini vacuums,Mini cordless handheld vacuum (USB),"Пылесос аккумуляторный с кабелем USB, FLARX",Fix Price,Kazakhstan,2199.0,KZT,8.39,0,"#24 Fix Price Kazakhstan (Для дома > Электротовары (Electrical)); #25 Fix Price Russia (Для дома > Электротовары (electrical: batteries, bulbs, lighting, power, mobile))","Kazakhstan, Russia",https://fix-price.kz/ru/catalog/dlya-doma/elektrotovary/p-5013463-pylesos-akkumulyatornyy-s-kabelem--,https://img.fix-price.com/insecure/rs:fit:800:800/plain/pim/images/ba1403233da550eb85bca33bbb3040f9_34.jpg,"Fix Price Kazakhstan: #24 in 'Для дома > Электротовары (Electrical)' (popular first); Fix Price Russia: #25 in 'Для дома > Электротовары (electrical: batteries, bulbs, lighting, power, mobile)' (sorted by units sold)"
277,58.8,Ranked in 1 chain,KITCHEN TOOLS,Timers & thermometers,Kitchen timers,Mechanical/digital,Kitchen timer,Minutnik kuchenny,Action,Poland,8.95,PLN,3.96,94,#123 Carrefour Poland (Wyposażenie domu > Kuchnia i jadalnia > Akcesoria kuchenne),"Kazakhstan, Poland, Russia, Turkey",https://www.action.com/pl-pl/p/3207470/minutnik-kuchenny/,https://asset.action.com/image/upload/t_digital_product_image/w_1920/3207470_5714988034180-111_01_odssub.webp,"Carrefour Poland: #123 in 'Wyposażenie domu > Kuchnia i jadalnia > Akcesoria kuchenne' (most popular) | Action PL 8.95 zl; n11: magnetic digital kitchen timer 94 ratings/56 reviews (4.5*), category Mutfak Zamanlayıcıları; Fix Price: 'Таймер кухонный' SKU 5022833; Kaspi: kitchen timer 474391 and mechanical timers"
278,58.6,Ranked in 2 chains,"TEA, COFFEE & TABLE",Table Accessories,Table Protection,Trivets,"Round trivet / hot pad (cork, bamboo)",Kirmit Mantar Nihale,n11,Turkey,129.9,TRY,4.52,5,#131 Carrefour Poland (Wyposażenie domu > Kuchnia i jadalnia > Akcesoria kuchenne); #156 Fix Price Russia (Для дома > Для кухни (Kitchen)),"Poland, Russia, Turkey",https://www.n11.com/urun/kirmit-mantar-nihale-4584323,https://n11scdn.akamaized.net/a1/400_570/01/81/24/54/IMG-4699796386593247505.jpg,"Carrefour Poland: #131 in 'Wyposażenie domu > Kuchnia i jadalnia > Akcesoria kuchenne' (most popular); Fix Price Russia: #156 in 'Для дома > Для кухни (Kitchen)' (sorted by units sold) | n11 TR 129.90 TL on search listing, 5.0 stars / 3 reviews; IKEA Heat cork trivet 299 TL with 5 reviews; n11 'nihale mantar' search returns 20 listings; Fix Price core range: 7+ 'Подставка под горячее, O'Kitchen' SKUs (cork, rubber; 15-23 cm)"
279,58.6,Ranked in 2 chains,KITCHEN TOOLS,Cooking utensils,Tongs,Stainless steel,Kitchen tongs,"Щипцы кухонные, O'Kitchen, 39,5 см",Fix Price,Russia,69,RUB,1.39,0,#71 Carrefour Poland (Wyposażenie domu > Kuchnia i jadalnia > Akcesoria kuchenne); #161 Fix Price Russia (Для дома > Для кухни (Kitchen)),"Poland, Russia, Turkey",https://fix-price.com/catalog/dlya-doma/p-5092487-schiptsy-kuhonnye-itchen-395-sm,https://img.fix-price.com/insecure/rs:fit:800:800/plain/bit/_marketplace/images/origin/9f/9f82d5d28e78e859893bae3b8091e73e.jpg,"Carrefour Poland: #71 in 'Wyposażenie domu > Kuchnia i jadalnia > Akcesoria kuchenne' (most popular); Fix Price Russia: #161 in 'Для дома > Для кухни (Kitchen)' (sorted by units sold) | Fix Price 69 RUB; Fix Price kitchen category sorted 'popular first' (dlya-kukhni?sort=sold, 78 pages x 24): this SKU on page 7 (top ~170); 27 cm on page 10; 30 cm and 25 cm on page 16; n11: kitchen tong sets listed (kevgir/maşa sets)"
280,58.6,Ranked in 2 chains,DECOR & ORGANISATION,Storage & Organisation,Hooks & Hanging,Decorative Wall Hooks,Decorative metal wall hooks,Metalowe haki ścienne Home Accents,Action,Poland,3.48,PLN,1.54,0,#7 Fix Price Kazakhstan (Для дома > Аксессуары для одежды (Clothes care)); #9 Fix Price Russia (Для дома > Аксессуары для одежды (clothes accessories)),"Kazakhstan, Poland, Russia",https://www.action.com/pl-pl/p/3209857/metalowe-haki-scienne-home-accents/,https://asset.action.com/image/upload/t_digital_product_image/w_1920/3209857_8720987549706-110_01_dgp5x9.webp,"Fix Price Kazakhstan: #7 in 'Для дома > Аксессуары для одежды (Clothes care)' (popular first); Fix Price Russia: #9 in 'Для дома > Аксессуары для одежды (clothes accessories)' (sorted by units sold) | Action PL 3.48 zl; Action also 'Zestaw haków ściennych' 12.90 zl and magnetic hooks 10.90 zl; Fix Price RU 'Крючки, Home Time, 2 шт.' and furniture hook Master Hand 99 RUB"
281,58.6,Ranked in 2 chains,"LAUNDRY, BATH & WARDROBE",Wardrobe,Hangers,Clothes hangers,"Metal wire hangers, multipack","Вешалки металлические, Home Time, 10 шт., в ассортименте",Fix Price,Russia,229,RUB,4.6,0,#10 Fix Price Kazakhstan (Для дома > Аксессуары для одежды (Clothes care)); #11 Fix Price Russia (Для дома > Аксессуары для одежды (clothes accessories)),"Kazakhstan, Poland, Russia",https://fix-price.com/catalog/dlya-doma/p-5060476-veshalki-metallicheskie-ome-ime-10-sht-v-assortimente,https://img.fix-price.com/insecure/rs:fit:800:800/plain/bit/_marketplace/images/origin/5f/5f7f92946329d9fbe6350d0ad23df6db.jpg,Fix Price Kazakhstan: #10 in 'Для дома > Аксессуары для одежды (Clothes care)' (popular first); Fix Price Russia: #11 in 'Для дома > Аксессуары для одежды (clothes accessories)' (sorted by units sold) | Fix Price 229 RUB / 10 pcs (category 'Аксессуары для одежды'); Pepco PL 'Wieszaki metalowe'; Kaspi category 'Вешалки-плечики для одежды'; Action PL 'Metalowe wieszaki na ubrania' 10 pcs 12.49 zl
282,58.5,Ranked in 2 chains,"COOK, BAKE & GRILL",Cookware,Frying pans,Crepe pan,Crepe / pancake pan (22-26 cm),Kukmara Сковорода блинная со съемной ручкой 24 см,Flip.kz,Kazakhstan,4991,KZT,19.04,75,#15 n11 Turkey (n11 search: tava); #28 Carrefour Poland (Wyposażenie domu > Kuchnia i jadalnia > Patelnie),"Kazakhstan, Poland, Russia, Turkey",https://www.flip.kz/catalog?prod=2603440,https://s.f.kz/prod/2604/2603440_1000.jpg,"n11 Turkey: #15 in 'n11 search: tava' (best-selling); Carrefour Poland: #28 in 'Wyposażenie domu > Kuchnia i jadalnia > Patelnie' (most popular) | flip.kz: 15 reviews, 4.4 stars; n11 TR: Karaca Mutfaksever Biogranit crepe pan 75 ratings, black version 47 ratings; Fix Price RU KALITVA 25 cm and 22 cm crepe pans; Kaspi KZ Мечта Granit crepe pan"
283,58.5,Ranked in 1 chain,KITCHEN TOOLS,Cooking utensils,Spoons & ladles,Soup ladles,Soup ladle,"Половник, O`Kitchen, 31 см, в ассортименте",Fix Price,Russia,133,RUB,2.67,10,#60 Carrefour Poland (Wyposażenie domu > Kuchnia i jadalnia > Akcesoria kuchenne),"Poland, Russia, Turkey",https://fix-price.com/catalog/dlya-doma/dlya-kukhni/p-5092659-polovnik-itchen-31-sm-v-assortimente,https://img.fix-price.com/insecure/rs:fit:800:800/plain/pim/images/0b99f8e1edb0d3aecb49bff4f0cc48c3_34.jpg,"Carrefour Poland: #60 in 'Wyposażenie domu > Kuchnia i jadalnia > Akcesoria kuchenne' (most popular) | Fix Price 133 RUB (nylon/silicone/wood); Fix Price kitchen category sorted 'popular first' (dlya-kukhni?sort=sold, 78 pages x 24): ladle SKUs on pages 11, 12, 17, 19, 20 (5 separate SKUs in top ~480); n11: 4-pc steel ladle/skimmer set 10 reviews, Staub silicone ladle 5 reviews"
284,58.4,Ranked in 2 chains,HOME TEXTILES,Bath textiles,Towels,Bath towels,Budget terry bath towel (70x140),Ręcznik kąpielowy Hotel Royal niebieski,Action,Poland,25.95,PLN,11.47,34,#2 Fix Price Kazakhstan (Для дома > Полотенца (Towels)); #2 Fix Price Russia (Для дома > Полотенца (Towels)),"Kazakhstan, Poland, Russia, Turkey",https://www.action.com/pl-pl/p/3001105/recznik-kapielowy-hotel-royal-niebieski/,https://asset.action.com/image/upload/t_digital_product_image/w_1080/3001105_8718964090778-110_01_fpovti.webp,"Fix Price Kazakhstan: #2 in 'Для дома > Полотенца (Towels)' (popular first); Fix Price Russia: #2 in 'Для дома > Полотенца (Towels)' (sorted by units sold) | Action PL 25.95 zl, 70x140 cm 550 g/m2 100% cotton, featured on Action PL homepage; Fix Price RU 'Полотенце махровое, 70х120 см' 499 RUB; n11: 'Elvin 4 Lü Banyo Havlusu Seti 70x140' 34 reviews; 'Eponj %100 Pamuk 70x140' 199 TL"
285,58.3,Ranked in 2 chains,"COOK, BAKE & GRILL",Bakeware,Baking liners,Silicone baking mat,Silicone baking / pastry mat,"Mata do pieczenia silikonowa La Cucina 39,5 x 29,5 cm",Action,Poland,11.95,PLN,5.28,8,#89 Fix Price Kazakhstan (Для дома > Для кухни (Kitchen)); #174 Carrefour Poland (Wyposażenie domu > Kuchnia i jadalnia > Akcesoria kuchenne),"Kazakhstan, Poland, Turkey",https://www.action.com/pl-pl/p/2511058/mata-do-pieczenia-silikonowa-la-cucina/,https://asset.action.com/image/upload/t_digital_product_image/w_1920/2511058_8721461175329-110_01_qeebit.webp,"Fix Price Kazakhstan: #89 in 'Для дома > Для кухни (Kitchen)' (popular first); Carrefour Poland: #174 in 'Wyposażenie domu > Kuchnia i jadalnia > Akcesoria kuchenne' (most popular) | Action PL core range; flip.kz: AxWild silicone rolling/baking mat 8 reviews, Regent silicone mat 6 reviews; n11 TR silicone 'silpat' mat 139.99 TL"
286,58.0,Ranked in 1 chain,DECOR & ORGANISATION,Decorative Accessories,Photo Frames,Single Photo Frames,"Photo frame 10x15 cm, tabletop","Фоторамка, 10х15 см, в ассортименте",Fix Price,Russia,69,RUB,1.39,0,"#4 Fix Price Russia (Сувениры и подарки > Фоторамки, фотоальбомы, постеры (frames, wall decor))","Kazakhstan, Poland, Russia, Turkey",https://fix-price.com/catalog/suveniry-i-podarki/p-5211090-fotoramka-10h15-sm-v-assortimente,https://img.fix-price.com/insecure/rs:fit:800:800/plain/pim/images/7d4d2618c7cd74a1d63916b0ce9effec_42.jpg,"Fix Price Russia: #4 in 'Сувениры и подарки > Фоторамки, фотоальбомы, постеры (frames, wall decor)' (sorted by units sold) | Fix Price has a dedicated 'Фоторамки, фотоальбомы, постеры' subcategory with 10+ 10x15 frames; Fix Price RU 69 RUB; Action PL: several 10x15 frames (Milano, Love, basic); Trendyol: '10x15 çerçeve' landing page with 20+ result pages; Kaspi KZ: many 10x15 frames"
287,57.9,Ranked in 2 chains,FOOD STORAGE & DRINKWARE-TO-GO,Lunch & on-the-go,Food flasks,Food jars,Insulated food flask / food jar,Термос для еды E-tech V-10 0.5 л серебристый,Kaspi,Kazakhstan,4990,KZT,19.04,13,#1 n11 Turkey (n11 search: termos); #5 Carrefour Poland (Wyposażenie domu > Kuchnia i jadalnia > Przechowywanie żywności),"Kazakhstan, Poland, Turkey",https://kaspi.kz/shop/p/termos-dlja-edy-e-tech-v-10-0-5-l-serebristyi-114050554/,https://resources.cdn-kaspi.kz/img/m/p/h7d/he4/84349772759070.jpg?format=gallery-large,"n11 Turkey: #1 in 'n11 search: termos' (best-selling); Carrefour Poland: #5 in 'Wyposażenie domu > Kuchnia i jadalnia > Przechowywanie żywności' (most popular) | Kaspi: category Термосы и термокружки, many food-jar SKUs (E-tech V-10/V-16/V-22, Thermos IS300, Edelveis T-1, Amet); n11 TR 'Stanley Classic Yemek Termosu 0,40 L' 13 reviews, Porsima 1559 2-tier food thermos 4 reviews"
288,57.9,Ranked in 2 chains,FOOD STORAGE & DRINKWARE-TO-GO,Ice & frozen treats,Ice moulds,Ice cube trays,Ice cube tray with lid (12 cubes),"Форма для льда, O'Kitchen, 12 ячеек, в ассортименте",Fix Price,Russia,87,RUB,1.75,3,#131 Fix Price Russia (Для дома > Для кухни (Kitchen)); #132 Carrefour Poland (Wyposażenie domu > Kuchnia i jadalnia > Akcesoria kuchenne),"Poland, Russia, Turkey",https://fix-price.com/catalog/dlya-doma/p-5036642-forma-dlya-lda-itchen-12-yacheek-v-assortimente,https://img.fix-price.com/insecure/rs:fit:800:800/plain/bit/_marketplace/images/origin/00/003cafe550e694005bd7a324fee7148a.jpg,"Fix Price Russia: #131 in 'Для дома > Для кухни (Kitchen)' (sorted by units sold); Carrefour Poland: #132 in 'Wyposażenie domu > Kuchnia i jadalnia > Akcesoria kuchenne' (most popular) | Fix Price core range - several SKUs (single tray, 'Набор формочек для льда, 2 шт, 12 ячеек', plus ice bags and ice bucket 149 RUB); n11 TR 'silikon buz kalıbı' listing 10+ SKUs (e.g. 'Yapışmaz Silikon Buz Kalıbı' 3 reviews)"
289,57.9,Ranked in 1 chain,"COOK, BAKE & GRILL",Bakeware,Pastry tools,Rolling pin,Wooden rolling pin,Drewniany wałek do ciasta 21 cm,Action,Poland,11.95,PLN,5.28,11,#49 Carrefour Poland (Wyposażenie domu > Kuchnia i jadalnia > Akcesoria kuchenne),"Kazakhstan, Poland, Russia, Turkey",https://www.action.com/pl-pl/p/2527807/drewniany-walek-do-ciasta/,https://asset.action.com/image/upload/t_digital_product_image/w_1920/29398436.webp,"Carrefour Poland: #49 in 'Wyposażenie domu > Kuchnia i jadalnia > Akcesoria kuchenne' (most popular) | Action PL core range; n11 TR: Porsima wooden-handle roller 'oklava' 11 ratings, Narkalıp steel oklava 5 ratings; flip.kz Доляна birch rolling pin 1,381 KZT (5.0 stars); Fix Price RU O'Kitchen 43 cm rolling pin"
290,57.6,Ranked in 1 chain,HOME TEXTILES,Bedding basics,Bedspreads,Summer coverlets,Lightweight quilted summer coverlet,"Летнее покрывало, 150х200 см, в ассортименте",Fix Price,Kazakhstan,3099,KZT,11.82,147,#10 Fix Price Kazakhstan (Для дома > Текстиль (Textiles)),"Belarus, Kazakhstan, Russia, Turkey",https://fix-price.kz/ru/catalog/dlya-doma/p-5078073-letnee-pokryvalo-150h200-sm-v-assortimente,https://img.fix-price.kz/insecure/rs:fit:800:800/plain/bit/_marketplace/images/origin/01/0173e4d0ee23d854d1fc59b769242034.jpg,"Fix Price Kazakhstan: #10 in 'Для дома > Текстиль (Textiles)' (popular first) | Fix Price KZ 3099 KZT, 150x200 cm quilted, listed in KZ 'Текстиль'; Fix Price RU and BY list same SKU; n11: 'Karaca Home Multi Çift Kişilik Peştemal Pike' 147 reviews"
291,57.5,Ranked in 2 chains,HOME ESSENTIALS & DIY,Fixing & Hanging,Adhesives & Tapes,Tapes,PTFE plumber's thread-seal tape,"Уплотнительная лента ФУМ, Master Hand, 20 м",Fix Price,Russia,55.0,RUB,1.1,0,#59 Fix Price Russia (Для дома > Для ремонта (repair / tools / hardware)); #69 Fix Price Kazakhstan (Для дома > Для ремонта (Repair / tools)),"Kazakhstan, Russia",https://fix-price.com/catalog/dlya-doma/p-5006281-uplotnitelnaya-lenta-fum-aster-and-20-m,https://img.fix-price.com/insecure/rs:fit:800:800/plain/bit/_marketplace/images/origin/5d/5d138cdc74120d5921cac1ef5aea5728.jpg,Fix Price Russia: #59 in 'Для дома > Для ремонта (repair / tools / hardware)' (sorted by units sold); Fix Price Kazakhstan: #69 in 'Для дома > Для ремонта (Repair / tools)' (popular first)
292,57.5,Ranked in 2 chains,DECOR & ORGANISATION,Storage & Organisation,Storage Boxes,Compartment boxes,Compartment organiser box for small parts,"Контейнер с делениями, в ассортименте",Fix Price,Russia,59.0,RUB,1.18,0,#29 Fix Price Russia (Для дома > Организация хранения (storage & organisation)); #62 Fix Price Kazakhstan (Для дома > Организация хранения (Storage)),"Kazakhstan, Russia",https://fix-price.com/catalog/dlya-doma/p-5069925-konteyner-s-deleniyami-v-assortimente,https://img.fix-price.com/insecure/rs:fit:800:800/plain/bit/_marketplace/images/origin/a0/a000ddcee921d4f36227e88a1336cd0e.jpg,Fix Price Russia: #29 in 'Для дома > Организация хранения (storage & organisation)' (sorted by units sold); Fix Price Kazakhstan: #62 in 'Для дома > Организация хранения (Storage)' (popular first)
293,57.5,Ranked in 2 chains,HOME ESSENTIALS & DIY,Tools,Hand Tools,Marking,Construction marker / carpenter pencil set,"Набор строительных маркеров, Master Hand, 4 шт.",Fix Price,Russia,79.0,RUB,1.59,0,#58 Fix Price Russia (Для дома > Для ремонта (repair / tools / hardware)); #62 Fix Price Kazakhstan (Для дома > Для ремонта (Repair / tools)),"Kazakhstan, Russia",https://fix-price.com/catalog/dlya-doma/p-5006340-nabor-stroitelnyh-markerov-aster-and-4-sht,https://img.fix-price.com/insecure/rs:fit:800:800/plain/pim/images/_default_upload_bucket/5006340_1080_anons.jpg,Fix Price Russia: #58 in 'Для дома > Для ремонта (repair / tools / hardware)' (sorted by units sold); Fix Price Kazakhstan: #62 in 'Для дома > Для ремонта (Repair / tools)' (popular first)
294,57.5,Ranked in 2 chains,HOME ESSENTIALS & DIY,Fixing & Hanging,Hooks & Hanging,Fixings,Hose clamp assortment,"Набор хомутов, MASTER HAND, 12 шт.",Fix Price,Russia,83.0,RUB,1.67,0,#47 Fix Price Russia (Для дома > Для ремонта (repair / tools / hardware)); #75 Fix Price Kazakhstan (Для дома > Для ремонта (Repair / tools)),"Kazakhstan, Russia",https://fix-price.com/catalog/dlya-doma/dlya-remonta/p-5006079-nabor-homutov---12-sht,https://img.fix-price.com/insecure/rs:fit:800:800/plain/bit/_marketplace/images/origin/22/22c94cccd8e48487fc41a011e6031474.jpg,Fix Price Russia: #47 in 'Для дома > Для ремонта (repair / tools / hardware)' (sorted by units sold); Fix Price Kazakhstan: #75 in 'Для дома > Для ремонта (Repair / tools)' (popular first)
295,57.5,Ranked in 2 chains,HOME ESSENTIALS & DIY,Fixing & Hanging,Adhesives & Tapes,Tapes,Self-adhesive bath / sink sealing tape,"Лента-герметик самоклеящаяся, Home Time, 6 см х 3,2 м",Fix Price,Russia,124.0,RUB,2.49,0,#57 Fix Price Russia (Для дома > Для ремонта (repair / tools / hardware)); #64 Fix Price Kazakhstan (Для дома > Для ремонта (Repair / tools)),"Kazakhstan, Russia",https://fix-price.com/catalog/dlya-doma/p-5079361-lenta-germetik-samokleyaschayasya-ome-ime-6-sm-h-32-m,https://img.fix-price.com/insecure/rs:fit:800:800/plain/bit/_marketplace/images/origin/86/86ecfe60637c8ed4f0b6463c8691c707.jpg,Fix Price Russia: #57 in 'Для дома > Для ремонта (repair / tools / hardware)' (sorted by units sold); Fix Price Kazakhstan: #64 in 'Для дома > Для ремонта (Repair / tools)' (popular first)
296,57.5,Ranked in 2 chains,FOOD STORAGE & DRINKWARE-TO-GO,Pantry storage,Storage jars,Glass jars with lid,"Glass storage jar with lid, single (0.5-1 L)","Банка, O'Kitchen, 800 мл, в ассортименте",Fix Price,Kazakhstan,733.0,KZT,2.8,0,#41 Fix Price Kazakhstan (Для дома > Для кухни (Kitchen)); #75 Fix Price Russia (Для дома > Для кухни (Kitchen)),"Kazakhstan, Russia",https://fix-price.kz/ru/catalog/dlya-doma/p-5036732-banka-itchen-800-ml-v-assortimente,https://img.fix-price.kz/insecure/rs:fit:800:800/plain/bit/_marketplace/images/origin/ab/abe76d8a8ba429a38f1dc1584d12c7ea.jpg,Fix Price Kazakhstan: #41 in 'Для дома > Для кухни (Kitchen)' (popular first); Fix Price Russia: #75 in 'Для дома > Для кухни (Kitchen)' (sorted by units sold)
297,57.5,Ranked in 2 chains,HOME ESSENTIALS & DIY,Tools,Tool Storage,Wall tool holders,Magnetic tool holder strip,"Держатель магнитный для инструментов, Master Hand, в ассортименте",Fix Price,Kazakhstan,733.0,KZT,2.8,0,#44 Fix Price Kazakhstan (Для дома > Для ремонта (Repair / tools)); #76 Fix Price Russia (Для дома > Для ремонта (repair / tools / hardware)),"Kazakhstan, Russia",https://fix-price.kz/ru/catalog/dlya-doma/p-5006175-derjatel-magnitnyy-dlya-instrumentov-aster-and-v-assortimente,https://img.fix-price.com/insecure/rs:fit:800:800/plain/pim/images/3a38c7655e921bcb292674913716f826_35.jpg,Fix Price Kazakhstan: #44 in 'Для дома > Для ремонта (Repair / tools)' (popular first); Fix Price Russia: #76 in 'Для дома > Для ремонта (repair / tools / hardware)' (sorted by units sold)
298,57.5,Ranked in 2 chains,HOME ESSENTIALS & DIY,Tools,Hand Tools,Screwdrivers,Screwdriver bit & socket set with handle,"Отвёртка с насадками, Master Hand, 30 шт., в ассортименте",Fix Price,Kazakhstan,999.0,KZT,3.81,0,#53 Fix Price Kazakhstan (Для дома > Для ремонта (Repair / tools)); #75 Fix Price Russia (Для дома > Для ремонта (repair / tools / hardware)),"Kazakhstan, Russia",https://fix-price.kz/ru/catalog/dlya-doma/p-5001175-otvrtka-s-nasadkami-aster-and-30-sht-v-assortimente,https://img.fix-price.kz/insecure/rs:fit:800:800/plain/bit/_marketplace/images/origin/b4/b4eebf903de3538d4e5d85a770242452.jpg,Fix Price Kazakhstan: #53 in 'Для дома > Для ремонта (Repair / tools)' (popular first); Fix Price Russia: #75 in 'Для дома > Для ремонта (repair / tools / hardware)' (sorted by units sold)
299,57.5,Ranked in 2 chains,HOME ESSENTIALS & DIY,Tools,Hand Tools,Pliers & cutters,Tin snips / metal shears,"Ножницы по металлу, Master Hand, в ассортименте",Fix Price,Kazakhstan,1099.0,KZT,4.19,0,#31 Fix Price Kazakhstan (Для дома > Для ремонта (Repair / tools)); #63 Fix Price Russia (Для дома > Для ремонта (repair / tools / hardware)),"Kazakhstan, Russia",https://fix-price.kz/ru/catalog/dlya-doma/p-5001386-nojnitsy-po-metallu-aster-and-v-assortimente,https://img.fix-price.kz/insecure/rs:fit:800:800/plain/bit/_marketplace/images/origin/10/1060d722c0f0b77fd24ca57adb9b23e6.jpg,Fix Price Kazakhstan: #31 in 'Для дома > Для ремонта (Repair / tools)' (popular first); Fix Price Russia: #63 in 'Для дома > Для ремонта (repair / tools / hardware)' (sorted by units sold)
300,57.5,Ranked in 2 chains,HOME ESSENTIALS & DIY,Fixing & Hanging,Fixings,Plumbing washers,Rubber washer / O-ring assortment,"Набор резиновых прокладок, Master Hand, 100 шт.",Fix Price,Kazakhstan,1099.0,KZT,4.19,0,#35 Fix Price Kazakhstan (Для дома > Для ремонта (Repair / tools)); #95 Fix Price Russia (Для дома > Для ремонта (repair / tools / hardware)),"Kazakhstan, Russia",https://fix-price.kz/ru/catalog/dlya-doma/p-5006233-nabor-rezinovyh-prokladok-aster-and-100-sht,https://img.fix-price.kz/insecure/rs:fit:800:800/plain/bit/_marketplace/images/origin/cf/cfe9a36b8f3496d183d5e888b6f492cb.jpg,Fix Price Kazakhstan: #35 in 'Для дома > Для ремонта (Repair / tools)' (popular first); Fix Price Russia: #95 in 'Для дома > Для ремонта (repair / tools / hardware)' (sorted by units sold)
301,57.3,Ranked in 3+ chains,HOME ESSENTIALS & DIY,Tools,Hand Tools,Pliers & cutters,Long-nose pliers,TOPEX Szczypce proste wydłużone 16 cm,Carrefour,Poland,39.0,PLN,17.24,0,#2 Carrefour Poland (Dom i ogród > Narzędzia); #51 Fix Price Russia (Для дома > Для ремонта (repair / tools / hardware)); #80 Fix Price Kazakhstan (Для дома > Для ремонта (Repair / tools)),"Kazakhstan, Poland, Russia",https://www.carrefour.pl/zakupy-niecodzienne/dom-i-ogrod/narzedzia-va/narzedzia-reczne/topex-szczypce-proste-wydluzone-16-cm,https://www.carrefour.pl/images/product/350x350/szczypce-proste-wydluzone-topex-32d113-dmjn0p.jpg,Carrefour Poland: #2 in 'Dom i ogród > Narzędzia' (most popular); Fix Price Russia: #51 in 'Для дома > Для ремонта (repair / tools / hardware)' (sorted by units sold); Fix Price Kazakhstan: #80 in 'Для дома > Для ремонта (Repair / tools)' (popular first)
302,57.2,Ranked in 1 chain,KITCHEN TOOLS,Food preparation gadgets,Juicers & squeezers,Manual reamers,Citrus reamer juicer (manual),Wielofunkcyjna wyciskarka do cytrusów z tarką MasterChef,Action,Poland,9.95,PLN,4.4,0,#12 Carrefour Poland (Wyposażenie domu > Kuchnia i jadalnia > Akcesoria kuchenne),"Kazakhstan, Poland, Turkey",https://www.action.com/pl-pl/p/3219578/wielofunkcyjna-wyciskarka-do-cytrusow-z-tarka-masterchef/,https://asset.action.com/image/upload/t_digital_product_image/w_1920/3219578_8721098348479-110_02_bxehxv.webp,Carrefour Poland: #12 in 'Wyposażenie domu > Kuchnia i jadalnia > Akcesoria kuchenne' (most popular) | Action PL 9.95 zl (4-in-1 reamer with grater); n11: Porsima glass citrus reamer and acrylic reamers listed in Limon Sıkacağı; Kaspi: dedicated 'Ручные соковыжималки' category
303,57.0,Ranked in 2 chains,HOME TEXTILES,Table linen,Tablecloths,Fabric tablecloths,"Cotton tablecloth, small (140x140/150 cm)","Скатерь на стол, 140х150 см, в ассортименте",Fix Price,Russia,499,RUB,10.02,0,#27 Fix Price Kazakhstan (Для дома > Текстиль (Textiles)); #48 Fix Price Russia (Для дома > Для кухни (Kitchen)),"Belarus, Kazakhstan, Poland, Russia",https://fix-price.com/catalog/dlya-doma/dlya-kukhni/p-5071186-skatert-na-stol-140h150-sm-v-assortimente,https://img.fix-price.com/insecure/rs:fit:800:800/plain/pim/images/28535c9dce7fd34699ef639e0675bbb8_9.jpg,"Fix Price Kazakhstan: #27 in 'Для дома > Текстиль (Textiles)' (popular first); Fix Price Russia: #48 in 'Для дома > Для кухни (Kitchen)' (sorted by units sold) | Fix Price RU 499 RUB, 100% cotton check 140x150 cm, in 'Текстиль'; Fix Price BY lists 'Скатерть, 140х140 см'; Action PL 'Bawełniany obrus na stół' 34.95 zl in 'Tekstylia do kuchni'"
304,57.0,Ranked in 2 chains,FOOD STORAGE & DRINKWARE-TO-GO,Canning & preserving,Canning jars,Small jars,"Small twist-off glass jars 200 ml, multipack","Банка стеклянная с крышками твист-офф 299683, стекло, 200 мл 10 шт",Kaspi,Kazakhstan,3788,KZT,14.45,0,#20 Carrefour Poland (Wyposażenie domu > Kuchnia i jadalnia > Przechowywanie żywności); #55 Fix Price Kazakhstan (Для дома > Для кухни (Kitchen)),"Kazakhstan, Poland",https://kaspi.kz/shop/p/banka-stekljannaja-s-kryshkami-tvist-off-299683-steklo-200-ml-10-sht-110856736/,https://resources.cdn-kaspi.kz/img/m/p/p87/p31/91088755.bin?format=gallery-large,Carrefour Poland: #20 in 'Wyposażenie domu > Kuchnia i jadalnia > Przechowywanie żywności' (most popular); Fix Price Kazakhstan: #55 in 'Для дома > Для кухни (Kitchen)' (popular first) | Kaspi: category Посуда для хранения продуктов > Емкости для хранения продуктов; Action PL 'Szklany minisłoik' 2.29 zl and 'Słoik na zapasy 245 ml' 3.99 zl
305,57.0,Ranked in 1 chain,HOME ESSENTIALS & DIY,Electrical & Power,Mobile & Charging,Car accessories,USB car charger (12 V socket),Ładowarka samochodowa z 2 portami Sologic,Action,Poland,8.39,PLN,3.71,123,"#78 Fix Price Russia (Для дома > Электротовары (electrical: batteries, bulbs, lighting, power, mobile))","Poland, Russia, Turkey",https://www.action.com/pl-pl/p/3222317/ladowarka-samochodowa-z-2-portami-sologic/,https://asset.action.com/image/upload/t_digital_product_image/w_1920/3222317_8715342061160-110_01_yygxak.webp,"Fix Price Russia: #78 in 'Для дома > Электротовары (electrical: batteries, bulbs, lighting, power, mobile)' (sorted by units sold) | Action PL 8.39 zl (also Sitecom 30 W 16.95 zl); n11: 100 W mini USB/Type-C car charger 8 reviews, plus 12 V socket item 123 reviews"
306,56.7,Ranked in 1 chain,HOME TEXTILES,Kitchen textiles,Kitchen towels,"Tea towels, single",Waffle cotton kitchen towel,"Полотенце кухонное, в ассортименте",Fix Price,Russia,79,RUB,1.59,21,#2 n11 Turkey (n11 search: mutfak havlusu),"Belarus, Kazakhstan, Russia, Turkey",https://fix-price.com/catalog/dlya-doma/dlya-kukhni/p-5070741-polotentse-kuhonnoe-v-assortimente,https://img.fix-price.com/insecure/rs:fit:800:800/plain/pim/images/d8f1ec9d7922326a279af52d4bda7bbd_12.jpg,"n11 Turkey: #2 in 'n11 search: mutfak havlusu' (best-selling) | Fix Price RU 79 RUB, 100% cotton waffle 35x60 cm, listed in 'Текстиль' and 'Полотенца'; Fix Price KZ same SKU 549 KZT; Fix Price BY lists same SKU; n11: '6'Lı Waffle 45X70 Cm Mutfak Havlusu' 21 reviews"
307,56.5,Ranked in 2 chains,"LAUNDRY, BATH & WARDROBE",Laundry,Laundry storage,Laundry hampers,"Laundry hamper (fabric / plastic, 30-60 L)",MC FILCOWY KOSZ NA BIELIZNĘ,Carrefour,Poland,27.99,PLN,12.37,0,#1 Carrefour Poland (Wyposażenie domu > Łazienka (all)); #15 Fix Price Kazakhstan (Для дома > Аксессуары для одежды (Clothes care)),"Kazakhstan, Poland",https://www.carrefour.pl/zakupy-niecodzienne/dom-i-ogrod/wyposazenie-domu/lazienka-b7/akcesoria-lazienkowe/mc-filcowy-kosz-na-bielizne,https://www.carrefour.pl/images/product/350x350/mc-filcowy-kosz-na-bielizne-7qt275.jpg,Carrefour Poland: #1 in 'Wyposażenie domu > Łazienka (all)' (most popular); Fix Price Kazakhstan: #15 in 'Для дома > Аксессуары для одежды (Clothes care)' (popular first)
308,56.4,Ranked in 2 chains,HOME ESSENTIALS & DIY,Tools,Hand Tools,Staple guns,Staple gun with staples,"Степлер строительный со скобами, Master Hand, в ассортименте",Fix Price,Kazakhstan,1500.0,KZT,5.72,0,#25 Fix Price Kazakhstan (Для дома > Для ремонта (Repair / tools)); #34 Fix Price Russia (Для дома > Для ремонта (repair / tools / hardware)),"Kazakhstan, Russia",https://fix-price.kz/ru/catalog/dlya-doma/p-5001224-stepler-stroitelnyy-so-skobami-aster-and-v-assortimente,https://img.fix-price.kz/insecure/rs:fit:800:800/plain/bit/_marketplace/images/origin/b7/b7bd87c734e8bda5c3a5f79484b1dca2.jpg,Fix Price Kazakhstan: #25 in 'Для дома > Для ремонта (Repair / tools)' (popular first); Fix Price Russia: #34 in 'Для дома > Для ремонта (repair / tools / hardware)' (sorted by units sold)
309,56.4,Ranked in 2 chains,HOME ESSENTIALS & DIY,Home Devices,Security,Locks,Keyed padlock,"Замок влагозащищённый, Master Hand, 70 мм, с 4 ключами, в ассортименте",Fix Price,Russia,349.0,RUB,7.01,0,#52 Fix Price Russia (Для дома > Хозяйственные мелочи (household sundries)); #58 Fix Price Kazakhstan (Для дома > Хозяйственные мелочи (Household sundries)),"Kazakhstan, Russia",https://fix-price.com/catalog/dlya-doma/p-5004052-zamok-vlagozaschischnnyy-aster-and-70-mm-s-4-klyuchami-v-assortimente,https://img.fix-price.com/insecure/rs:fit:800:800/plain/bit/_marketplace/images/origin/f5/f594dad5922d7ad0b3efa86eb1b214d0.jpg,Fix Price Russia: #52 in 'Для дома > Хозяйственные мелочи (household sundries)' (sorted by units sold); Fix Price Kazakhstan: #58 in 'Для дома > Хозяйственные мелочи (Household sundries)' (popular first)
310,56.4,Ranked in 2 chains,DECOR & ORGANISATION,Home Fragrance & Candles,Home Fragrance,Electric diffusers,USB mini humidifier / aroma diffuser,"Увлажнитель воздуха с функцией аромадиффузора, FLARX, с кабелем USB, в ассортименте",Fix Price,Russia,349.0,RUB,7.01,0,"#38 Fix Price Russia (Для дома > Электротовары (electrical: batteries, bulbs, lighting, power, mobile)); #43 Fix Price Kazakhstan (Для дома > Электротовары (Electrical))","Kazakhstan, Russia",https://fix-price.com/catalog/dlya-doma/p-5013473-uvlajnitel-vozduha-s-funktsiey-aromadiffuzora--s-kabelem--v-assortimente,https://img.fix-price.com/insecure/rs:fit:800:800/plain/pim/images/cbf1b449417bcb1ea0fc0c9c8f068ff2_34.jpg,"Fix Price Russia: #38 in 'Для дома > Электротовары (electrical: batteries, bulbs, lighting, power, mobile)' (sorted by units sold); Fix Price Kazakhstan: #43 in 'Для дома > Электротовары (Electrical)' (popular first)"
311,56.4,Ranked in 2 chains,HOME ESSENTIALS & DIY,Home Devices,Pumps,Electric air pumps,"Electric air pump, rechargeable (vacuum bags / inflatables)","Насос воздушный электрический, FLARX",Fix Price,Kazakhstan,1899.0,KZT,7.24,0,"#49 Fix Price Kazakhstan (Для дома > Электротовары (Electrical)); #58 Fix Price Russia (Для дома > Электротовары (electrical: batteries, bulbs, lighting, power, mobile))","Kazakhstan, Russia",https://fix-price.kz/ru/catalog/dlya-doma/elektrotovary/p-5013561-nasos-vozdushnyy-elektricheskiy-,https://img.fix-price.com/insecure/rs:fit:800:800/plain/pim/images/65f51147ae6d0650c89ed5c683ec4033_33.jpg,"Fix Price Kazakhstan: #49 in 'Для дома > Электротовары (Electrical)' (popular first); Fix Price Russia: #58 in 'Для дома > Электротовары (electrical: batteries, bulbs, lighting, power, mobile)' (sorted by units sold)"
312,56.4,Ranked in 2 chains,HOME TEXTILES,Bath textiles,Towels,Waffle towels,Waffle cotton bath towel (~60x140),"Полотенце вафельное, 64х140 см",Fix Price,Kazakhstan,2199.0,KZT,8.39,0,#30 Fix Price Kazakhstan (Для дома > Для ванной (Bathroom)); #39 Fix Price Russia (Для дома > Для ванной (bathroom)),"Kazakhstan, Russia",https://fix-price.kz/ru/catalog/dlya-doma/p-5070745-polotentse-vafelnoe-64h140-sm,https://img.fix-price.kz/insecure/rs:fit:800:800/plain/bit/_marketplace/images/origin/41/414935886edfa93bf448e5844e7ad1cf.png,Fix Price Kazakhstan: #30 in 'Для дома > Для ванной (Bathroom)' (popular first); Fix Price Russia: #39 in 'Для дома > Для ванной (bathroom)' (sorted by units sold)
313,56.4,Ranked in 2 chains,"LAUNDRY, BATH & WARDROBE",Wardrobe,Shoe care,Shoe dryers,Electric shoe dryer,"Сушилка для обуви электрическая, Mr. Sushkin, в ассортименте",Fix Price,Kazakhstan,2199.0,KZT,8.39,0,#33 Fix Price Kazakhstan (Для дома > Аксессуары для обуви (Shoe care)); #33 Fix Price Russia (Для дома > Аксессуары для обуви (shoe care accessories)),"Kazakhstan, Russia",https://fix-price.kz/ru/catalog/dlya-doma/p-5055029-sushilka-dlya-obuvi-elektricheskaya-r-ushkin-v-assortimente,https://img.fix-price.kz/insecure/rs:fit:800:800/plain/bit/_marketplace/images/origin/0a/0aed23c4576dbe613d497676c22f8e15.jpg,Fix Price Kazakhstan: #33 in 'Для дома > Аксессуары для обуви (Shoe care)' (popular first); Fix Price Russia: #33 in 'Для дома > Аксессуары для обуви (shoe care accessories)' (sorted by units sold)
314,56.4,Ranked in 2 chains,"TEA, COFFEE & TABLE",Table Accessories,Condiment Serving,Cheese Dishes,Cheese dish with dome lid,"Сырница, 20х20х11,3 см",Fix Price,Kazakhstan,2499.0,KZT,9.53,0,#13 Fix Price Kazakhstan (Для дома > Для кухни (Kitchen)); #71 Fix Price Russia (Для дома > Для кухни (Kitchen)),"Kazakhstan, Russia",https://fix-price.kz/ru/catalog/dlya-doma/p-5036444-syrnitsa-20h20h113-sm,https://img.fix-price.kz/insecure/rs:fit:800:800/plain/bit/_marketplace/images/origin/75/75cf2cbe9c0fb37a51f52d79dc89d28c.jpg,Fix Price Kazakhstan: #13 in 'Для дома > Для кухни (Kitchen)' (popular first); Fix Price Russia: #71 in 'Для дома > Для кухни (Kitchen)' (sorted by units sold)
315,56.4,Ranked in 1 chain,HOME TEXTILES,Bath textiles,Towels,Guest / face towels,Guest towel (30x50),Ręcznik dla gości,Action,Poland,6.95,PLN,3.07,87,#19 n11 Turkey (n11 search: mutfak havlusu),"Belarus, Poland, Turkey",https://www.action.com/pl-pl/p/3216958/recznik-dla-gosci/,https://asset.action.com/image/upload/t_digital_product_image/w_1080/3216958_8718964245154-110_01_cf9a27.webp,"n11 Turkey: #19 in 'n11 search: mutfak havlusu' (best-selling) | Action PL 6.95 zl, 30x50 cm 100% cotton 500 gsm, in 'Tekstylia łazienkowe' (also ribbed guest towel 9.95 zl); Fix Price BY lists 'Полотенце махровое, 35х60 см'; n11 'Sandy 3'lü 50x90 El&Yüz Havlu Seti' 87 reviews"
316,56.1,Ranked in 2 chains,"TEA, COFFEE & TABLE",Serving,Small Serving Dishes,Jam & Sauce Dishes,"Mini glass jam / sauce dishes, 6-pack",Rayan 6 Lı Cam Mini Sosluk Reçellik Kahve Yanı İkram Tabağı Şeffaf,n11,Turkey,189,TRY,6.58,1,#43 Fix Price Kazakhstan (Декор для дома > Товары для декора (Decor)); #170 Fix Price Russia (Для дома > Для кухни (Kitchen)),"Kazakhstan, Russia, Turkey",https://www.n11.com/urun/rayan-6-li-cam-mini-sosluk-recellik-kahve-yani-ikram-tabagi-seffaf-120015490,https://n11scdn.akamaized.net/a1/400_570/16/34/07/08/IMG-4254919689611163364.jpg,"Fix Price Kazakhstan: #43 in 'Декор для дома > Товары для декора (Decor)' (popular first); Fix Price Russia: #170 in 'Для дома > Для кухни (Kitchen)' (sorted by units sold) | n11 TR 189 TL on search listing, 5.0 stars / 1 review; Rayan Sadaf Heart 6 mini glass dishes 191 TL; Trendyol: 'Pasabahce Kapakli Cam Recellik 96966', 'Pasabahce Cam Kapakli Sekerlik Recellik' + dedicated 'Recellik' category (66+ pages)"
317,56.1,Ranked in 1 chain,KITCHEN TOOLS,Cutting & slicing tools,Specialty cutters,Pizza,Pizza cutter wheel,Nóż do pizzy MasterChef,Action,Poland,3.99,PLN,1.76,15,#93 Fix Price Russia (Для дома > Для кухни (Kitchen)),"Kazakhstan, Poland, Russia, Turkey",https://www.action.com/pl-pl/p/3219761/noz-do-pizzy-masterchef/,https://asset.action.com/image/upload/t_digital_product_image/w_1920/3219761_8721098348615-110_01_d4rajd.webp,Fix Price Russia: #93 in 'Для дома > Для кухни (Kitchen)' (sorted by units sold) | Action PL 3.99 zl; n11: steel pizza wheel 15 reviews; Fix Price: O'Kitchen нож для пиццы SKU 5021194; Kaspi: Chelay pizza cutter listing
318,55.8,Ranked in 2 chains,HOUSEHOLD CLEANING,Buckets & Accessories,Buckets,Wringer buckets,Mop bucket with wringer,Wiadro z wyżymaczką Spargo,Action,Poland,11.95,PLN,5.28,2,#11 n11 Turkey (n11 search: mop); #15 Carrefour Poland (Wyposażenie domu > Domowe porządki > Wiadra i miski),"Poland, Turkey",https://www.action.com/pl-pl/p/3212859/wiadro-z-wyzymaczka-spargo/,https://asset.action.com/image/upload/t_digital_product_image/w_1080/3212859_8720726984553-110_01_htgmu3.webp,"n11 Turkey: #11 in 'n11 search: mop' (best-selling); Carrefour Poland: #15 in 'Wyposażenie domu > Domowe porządki > Wiadra i miski' (most popular) | Action PL 11.95 zł (recycled plastic, sold alongside Spargo cotton mop)"
319,55.6,Ranked in 2 chains,DECOR & ORGANISATION,Storage & Organisation,Storage Boxes,Plastic Storage Boxes,Large open plastic utility crate (40-50 L),"Хозяйственный ящик (без крышки), Fimako, 46 л",Fix Price,Kazakhstan,3099.0,KZT,11.82,0,#19 Fix Price Russia (Для дома > Организация хранения (storage & organisation)); #20 Fix Price Kazakhstan (Для дома > Организация хранения (Storage)),"Kazakhstan, Russia",https://fix-price.kz/ru/catalog/dlya-doma/p-5069814-hozyaystvennyy-yaschik-bez-kryshki-imako-46-l,https://img.fix-price.com/insecure/rs:fit:800:800/plain/pim/images/_default_upload_bucket/2c1662c2280f90568ec36586a50cb3e6.jpg,Fix Price Russia: #19 in 'Для дома > Организация хранения (storage & organisation)' (sorted by units sold); Fix Price Kazakhstan: #20 in 'Для дома > Организация хранения (Storage)' (popular first)
320,55.2,Ranked in 1 chain,"TEA, COFFEE & TABLE",Tea & Coffee Serving,Coffee Brewing,French Presses,"French press, 350 ml",Penguen PNG 2300 French Press Süzgeçli Çay Kahve Kupası 350 ML,n11,Turkey,350,TRY,12.18,3,#4 Carrefour Poland (Wyposażenie domu > Kuchnia i jadalnia (all)),"Kazakhstan, Poland, Russia, Turkey",https://www.n11.com/urun/penguen-png-2300-french-press-suzgecli-cay-kahve-kupasi-350-ml-4656402,https://n11scdn.akamaized.net/a1/400_570/07/28/53/40/IMG-8311005028216732593.jpg,"Carrefour Poland: #4 in 'Wyposażenie domu > Kuchnia i jadalnia (all)' (most popular) | n11 TR 350 TL on search listing, 4.5 stars / 2 reviews (Penguen 600 ml sibling: 3 reviews); Fix Price: 'Френч-пресс, O`Kitchen, 600 мл' and 'Френч-пресс, 750 мл'; Kaspi dedicated category Френч-прессы и кофейники (Wellberg, TAC, Maestro, IKEA); Trendyol dedicated 'French Press 350 ml' listing (Emsan, Bambum, Karaca)"
321,55.0,Ranked in 1 chain,DECOR & ORGANISATION,Storage & Organisation,Jewellery & Cosmetics Organisers,Jewellery Organisers,Jewellery organiser box with compartments,"Органайзер для косметики и аксессуаров, Lovely, 17х12х6 см, в ассортименте",Fix Price,Russia,199,RUB,3.99,0,"#9 Fix Price Russia (Сувениры и подарки > Подставки, шкатулки, светильники (trays, boxes, decorative lights))","Kazakhstan, Poland, Russia",https://fix-price.com/catalog/aksessuary/p-5933044-organayzer-dlya-kosmetiki-i-aksessuarov-ovely-17h12h6-sm-v-assortimente,https://img.fix-price.com/insecure/rs:fit:800:800/plain/bit/_marketplace/images/origin/ad/ada18c0c23f9adf60c4e0e965053ff27.jpg,"Fix Price Russia: #9 in 'Сувениры и подарки > Подставки, шкатулки, светильники (trays, boxes, decorative lights)' (sorted by units sold) | Fix Price RU 199 RUB (lidded box, cells for rings/necklaces/bracelets); Fix Price also carries 10+ 'Шкатулка' SKUs (149-399 RUB); Fix Price KZ 'Подставки, шкатулки' lists jewellery boxes and velvet jewellery stand; Action PL 'Szkatułka na biżuterię' 13.95 zl"
322,55.0,Ranked in 1 chain,DECOR & ORGANISATION,Decorative Accessories,Artificial Flowers & Plants,Dried Flowers,Dried flower bouquet / arrangement,"Декоративная композиция из сухоцветов, в ассортименте",Fix Price,Russia,249,RUB,5.0,0,"#3 Fix Price Russia (Сувениры и подарки > Вазы, цветы, флористика (vases, artificial flowers))","Kazakhstan, Poland, Russia",https://fix-price.com/catalog/suveniry-i-podarki/p-5246004-dekorativnaya-kompozitsiya-iz-suhotsvetov-v-assortimente,https://img.fix-price.com/insecure/rs:fit:800:800/plain/bit/_marketplace/images/origin/bf/bf6f872b455fb70368d9ed612a42ff87.png,"Fix Price Russia: #3 in 'Сувениры и подарки > Вазы, цветы, флористика (vases, artificial flowers)' (sorted by units sold) | Fix Price RU 249 RUB; Fix Price KZ lists same SKU plus 2 more dried-flower SKUs ('Сухоцветы для декора', 'Микс трав'); Action PL 'Suszony bukiet w szklanym wazonie' 11.95 zl in 'Sztuczne rośliny i kwiaty'"
323,54.8,Ranked in 2 chains,"COOK, BAKE & GRILL",Cookware,Frying pans,Frying pan sets,"Frying pan set, 2-3 pcs",MG Home Zestaw patelni aluminiowych 24/28 cm,Carrefour,Poland,79.99,PLN,35.36,277,#2 n11 Turkey (n11 search: tava); #8 Carrefour Poland (Wyposażenie domu > Kuchnia i jadalnia > Patelnie),"Poland, Turkey",https://www.carrefour.pl/zakupy-niecodzienne/dom-i-ogrod/wyposazenie-domu/kuchnia-i-jadalnia/patelnie-5t/mg-home-zestaw-patelni-aluminiowych-24-28-cm,https://www.carrefour.pl/images/product/org/mg-home-zestaw-patelni-aluminiowych-24-28-cm-c7chd9.jpg,n11 Turkey: #2 in 'n11 search: tava' (best-selling); Carrefour Poland: #8 in 'Wyposażenie domu > Kuchnia i jadalnia > Patelnie' (most popular)
324,54.8,Ranked in 2 chains,HOUSEHOLD CLEANING,Brooms & Dustpans,Dustpans,Plastic dustpans,Plastic dustpan (standalone),"Совок пластиковый, Lidex, в ассортименте",Fix Price,Russia,69,RUB,1.39,0,#77 Fix Price Russia (Для дома > Для уборки (cleaning tools)); #90 Fix Price Kazakhstan (Для дома > Для уборки (Cleaning)),"Kazakhstan, Russia",https://fix-price.com/catalog/dlya-doma/p-5042024-sovok-plastikovyy-ide-v-assortimente,https://img.fix-price.com/insecure/rs:fit:800:800/plain/pim/images/af32d1da4a16e0010480f84482a7c71b_17.jpg,Fix Price Russia: #77 in 'Для дома > Для уборки (cleaning tools)' (sorted by units sold); Fix Price Kazakhstan: #90 in 'Для дома > Для уборки (Cleaning)' (popular first) | Fix Price RU & KZ (2 dustpan SKUs incl. 'Совок большой'); 69 RUB
325,54.8,Ranked in 2 chains,FOOD STORAGE & DRINKWARE-TO-GO,Food containers,Plastic containers,Bowls with lids,Plastic bowl with lid (1.5-4 L),"Миска с крышкой, Уника Пласт, 2,5 л, в ассортименте",Fix Price,Kazakhstan,649.0,KZT,2.48,0,#87 Fix Price Kazakhstan (Для дома > Для кухни (Kitchen)); #99 Fix Price Russia (Для дома > Для кухни (Kitchen)),"Kazakhstan, Russia",https://fix-price.kz/ru/catalog/dlya-doma/dlya-kukhni/p-5036575-miska-s-kryshkoy-unika-plast-25-l-v-assortimente,https://img.fix-price.com/insecure/rs:fit:800:800/plain/pim/images/979f67f09b586896989f09f23ae2c3fe_31.jpg,Fix Price Kazakhstan: #87 in 'Для дома > Для кухни (Kitchen)' (popular first); Fix Price Russia: #99 in 'Для дома > Для кухни (Kitchen)' (sorted by units sold)
326,54.8,Ranked in 2 chains,HOME ESSENTIALS & DIY,Tools,Hand Tools,Files,Hand file set,"Набор напильников, Master Hand, 4 шт., в ассортименте",Fix Price,Russia,133.0,RUB,2.67,0,#74 Fix Price Russia (Для дома > Для ремонта (repair / tools / hardware)); #87 Fix Price Kazakhstan (Для дома > Для ремонта (Repair / tools)),"Kazakhstan, Russia",https://fix-price.com/catalog/dlya-doma/p-5001219-nabor-napilnikov-aster-and-4-sht-v-assortimente,https://img.fix-price.com/insecure/rs:fit:800:800/plain/bit/_marketplace/images/origin/1a/1a2fac2845303ecfcec6062be9d3487f.jpg,Fix Price Russia: #74 in 'Для дома > Для ремонта (repair / tools / hardware)' (sorted by units sold); Fix Price Kazakhstan: #87 in 'Для дома > Для ремонта (Repair / tools)' (popular first)
327,54.8,Ranked in 2 chains,"TEA, COFFEE & TABLE",Tableware,Bowls,Piala / Poke Bowls,"Ceramic bowl / piala, single (0.3-0.7 L)","Салатник ""Осенний листопад"", 380 мл, в ассортименте",Fix Price,Kazakhstan,999.0,KZT,3.81,0,#38 Fix Price Kazakhstan (Декор для дома > Товары для декора (Decor)); #126 Fix Price Russia (Для дома > Для кухни (Kitchen)),"Kazakhstan, Russia",https://fix-price.kz/ru/catalog/dekor-dlya-doma-tovary-dlya-prazdnika/p-5321470-salatnik-osenniy-listopad-380-ml-v-assortimente,https://img.fix-price.kz/insecure/rs:fit:800:800/plain/bit/_marketplace/images/origin/04/04021bf702842676809d663f87b99c6a.jpg,Fix Price Kazakhstan: #38 in 'Декор для дома > Товары для декора (Decor)' (popular first); Fix Price Russia: #126 in 'Для дома > Для кухни (Kitchen)' (sorted by units sold)
328,54.8,Ranked in 1 chain,HOME ESSENTIALS & DIY,Electrical & Power,Mobile & Charging,Charging cables,USB-C charging cable,Kabel do ładowania i przesyłania danych USB-A do USB-C,Action,Poland,4.49,PLN,1.98,38,"#112 Fix Price Russia (Для дома > Электротовары (electrical: batteries, bulbs, lighting, power, mobile))","Poland, Russia, Turkey",https://www.action.com/pl-pl/p/3223500/kabel-do-ladowania-i-przesylania-danych-usb-a-do-usb-c/,https://asset.action.com/image/upload/t_digital_product_image/w_1920/3223500_8711332493218-110_01_lwuppf.webp,"Fix Price Russia: #112 in 'Для дома > Электротовары (electrical: batteries, bulbs, lighting, power, mobile)' (sorted by units sold) | Action PL 4.49 zl; 10+ USB-C cable SKUs in 'Kable i rozgaleziacze' (Sologic, Re-load); Fix Price USB Type-C 100 cm and FLARX 100 cm cable 133 RUB; n11: Type-C to Type-C cable 38 reviews"
329,54.7,Ranked in 2 chains,"LAUNDRY, BATH & WARDROBE",Laundry,Drying,Floor airers,Floor-standing folding clothes airer,Suszarka LEIFHEIT Pegasus 150,Carrefour,Poland,204.99,PLN,90.61,264,#3 Carrefour Poland (Wyposażenie domu > Łazienka (all)); #3 n11 Turkey (n11 search: askı),"Poland, Turkey",https://www.carrefour.pl/zakupy-niecodzienne/dom-i-ogrod/wyposazenie-domu/lazienka-b7/suszenie-i-prasowanie/suszarka-leifheit-pegasus-150,https://www.carrefour.pl/images/product/org/suszarka-leifheit-pegasus-150-081570-qgmh85.jpg,Carrefour Poland: #3 in 'Wyposażenie domu > Łazienka (all)' (most popular); n11 Turkey: #3 in 'n11 search: askı' (best-selling)
330,54.2,Ranked in 1 chain,DECOR & ORGANISATION,Decorative Accessories,Photo Frames,Multi-photo Frames,Multi-photo collage frame,Ramka na kolaż ze zdjęć (30x45 cm),Action,Poland,19.95,PLN,8.82,0,"#9 Fix Price Russia (Сувениры и подарки > Фоторамки, фотоальбомы, постеры (frames, wall decor))","Kazakhstan, Poland, Russia, Turkey",https://www.action.com/pl-pl/p/3216412/,https://asset.action.com/image/upload/t_digital_product_image/w_1920/35500928.webp,"Fix Price Russia: #9 in 'Сувениры и подарки > Фоторамки, фотоальбомы, постеры (frames, wall decor)' (sorted by units sold) | Action PL 19.95 zl in 'Ramki na zdjęcia' (24 frame SKUs on page 1); Fix Price RU 'Рамка на 3 фотографии'; Fix Price KZ 'Фоторамка на 5 фото' and 'Рамка на 2 фотографии, PREZENT'; Trendyol: 4-photo collage frame 10x15 (Tuğra Sanat Galerisi)"
331,54.1,Ranked in 1 chain,FOOD STORAGE & DRINKWARE-TO-GO,Food containers,Glass containers,Clip-lid glass containers,Glass food container with 4-clip locking lid,Lav Fresco Cam Saklama Kabı Tekli Büyük Boy 1150 ml Kare Beyaz Kilitli Kapak,n11,Turkey,288.61,TRY,10.04,10,#8 Carrefour Poland (Wyposażenie domu > Kuchnia i jadalnia > Przechowywanie żywności),"Poland, Russia, Turkey",https://www.n11.com/urun/lav-fresco-cam-saklama-kabi-tekli-buyuk-boy-1150-ml-kare-beyaz-kilitli-kapak-7484084,https://n11scdn.akamaized.net/a1/400_570/12/95/28/28/IMG-1327192043545019055.jpg,"Carrefour Poland: #8 in 'Wyposażenie domu > Kuchnia i jadalnia > Przechowywanie żywności' (most popular) | n11: 10 reviews, 5.0/5 (price 288.61 TL from n11 listing); Lav Fresco 400 ml 8 reviews; Action PL Luminarc glass container 820 ml 12.95 zl; Fix Price 'Контейнер стеклянный с крышкой, HITT, 630 мл' (249 RUB in page title)"
332,53.8,Ranked in 1 chain,HOME TEXTILES,Table linen,Placemats,Woven / jute placemats,Round woven placemats (jute / rattan-look),Podkładki,Action,Poland,6.9,PLN,3.05,39,#4 Carrefour Poland (Wyposażenie domu > Przyjęcia i świece > Obrusy i maty),"Poland, Turkey",https://www.action.com/pl-pl/p/3220475/podkladki/,https://asset.action.com/image/upload/t_digital_product_image/w_1080/3220475_8714333021244-110_01_ppjyno.webp,"Carrefour Poland: #4 in 'Wyposażenie domu > Przyjęcia i świece > Obrusy i maty' (most popular) | Action PL 6.90 zl for 2 woven Ø38 cm (promo from 8.95); n11: 'Fırfılı Amerikan Servis Yuvarlak Supla' 12 reviews, 24.99 TL; 'Yunusoğlu Home Hasır Jüt Supla 6'lı Set' 5 reviews; 'Morlay 7 Parça ... 6 Amerikan Servisi + Runner' 39 reviews"
333,53.7,Ranked in 2 chains,"TEA, COFFEE & TABLE",Drinkware,Jugs & Carafes,Glass Carafes,"Glass water carafe with handle, ~1 L",Szklana karafka,Action,Poland,11.95,PLN,5.28,0,#3 Carrefour Poland (Wyposażenie domu > Kuchnia i jadalnia > Dzbanki i karafki); #78 Fix Price Russia (Для дома > Для кухни (Kitchen)),"Poland, Russia",https://www.action.com/pl-pl/p/3218515/szklana-karafka/,https://asset.action.com/image/upload/t_digital_product_image/w_1080/3218515_8712442227885-111_01_u6e8kv.webp,"Carrefour Poland: #3 in 'Wyposażenie domu > Kuchnia i jadalnia > Dzbanki i karafki' (most popular); Fix Price Russia: #78 in 'Для дома > Для кухни (Kitchen)' (sorted by units sold) | Action PL 11.95 zl (ribbed glass, 900 ml); Action also 'Karafka' 850 ml 12.95 zl (several colours) - two carafe SKUs on shelf"
334,53.7,Ranked in 2 chains,HOME ESSENTIALS & DIY,Tools,Hand Tools,Gas torches,Butane gas torch with piezo ignition,"Горелка газовая с пьезоэлементом, Master Hand",Fix Price,Russia,279.0,RUB,5.6,0,#49 Fix Price Russia (Для дома > Для ремонта (repair / tools / hardware)); #86 Fix Price Kazakhstan (Для дома > Для ремонта (Repair / tools)),"Kazakhstan, Russia",https://fix-price.com/catalog/dlya-doma/p-5006205-gorelka-gazovaya-s-pezoelementom-aster-and,https://img.fix-price.com/insecure/rs:fit:800:800/plain/bit/_marketplace/images/origin/fc/fccad7b93d9f527c67a1b28944f6beef.jpg,Fix Price Russia: #49 in 'Для дома > Для ремонта (repair / tools / hardware)' (sorted by units sold); Fix Price Kazakhstan: #86 in 'Для дома > Для ремонта (Repair / tools)' (popular first)
335,53.7,Ranked in 2 chains,"TEA, COFFEE & TABLE",Bar & Party Glassware,Champagne Glasses,Coupe Glasses,"Champagne glass, single","Бокал-креманка для шампанского, O'Kitchen, 230 мл, в ассортименте",Fix Price,Kazakhstan,1599.0,KZT,6.1,0,#42 Fix Price Kazakhstan (Для дома > Для кухни (Kitchen)); #97 Fix Price Russia (Для дома > Для кухни (Kitchen)),"Kazakhstan, Russia",https://fix-price.kz/ru/catalog/dlya-doma/p-5094287-bokal-kremanka-dlya-shampanskogo-itchen-230-ml-v-assortimente,https://img.fix-price.kz/insecure/rs:fit:800:800/plain/bit/_marketplace/images/origin/e3/e31deec9ba3d199b5b2e2317cf841d6a.jpg,Fix Price Kazakhstan: #42 in 'Для дома > Для кухни (Kitchen)' (popular first); Fix Price Russia: #97 in 'Для дома > Для кухни (Kitchen)' (sorted by units sold)
336,53.6,Ranked in 2 chains,FOOD STORAGE & DRINKWARE-TO-GO,Canning & preserving,Canning jars,Large jars,Large glass preserving jar 1-3 L,Słoik na przetwory,Action,Poland,22.95,PLN,10.14,0,#25 Carrefour Poland (Wyposażenie domu > Kuchnia i jadalnia > Przechowywanie żywności); #50 Fix Price Kazakhstan (Для дома > Организация хранения (Storage)),"Kazakhstan, Poland",https://www.action.com/pl-pl/p/2582588/sloik-na-przetwory/,https://asset.action.com/image/upload/t_digital_product_image/w_1920/13885863.webp,"Carrefour Poland: #25 in 'Wyposażenie domu > Kuchnia i jadalnia > Przechowywanie żywności' (most popular); Fix Price Kazakhstan: #50 in 'Для дома > Организация хранения (Storage)' (popular first) | Action PL 22.95 zl (3 l); same range also 1 l 12.95 zl and 5 l 29.95 zl; Kaspi KZ 'Банки стеклянные 2 л с крышками твист-офф 100 мм, 5 штук'"
337,53.5,Ranked in 1 chain,"COOK, BAKE & GRILL",Bakeware,Tins & trays,Muffin tray,Metal muffin / cupcake tray (12 cups),Foremka do muffinów Zenker (12),Action,Poland,29.95,PLN,13.24,26,#24 Carrefour Poland (Wyposażenie domu > Kuchnia i jadalnia > Formy do ciast),"Poland, Russia, Turkey",https://www.action.com/pl-pl/p/2522382/foremka-do-muffinow-zenker/,https://asset.action.com/image/upload/t_digital_product_image/w_1920/2522382_4000823037449-110_01_qruzba.webp,"Carrefour Poland: #24 in 'Wyposażenie domu > Kuchnia i jadalnia > Formy do ciast' (most popular) | Action PL core range; n11 TR: 12-cup metallic muffin tray 26 ratings at 279 TL, non-stick 12-cup tray 4 ratings at 290 TL; Fix Price RU O'Kitchen 12-cavity baking form"
338,53.5,Ranked in 1 chain,HOUSEHOLD CLEANING,Mops & Floor Cleaning,Handles,Telescopic handles,Telescopic extension handle (universal thread),Wysuwany drążek,Action,Poland,9.95,PLN,4.4,5,#46 Carrefour Poland (Wyposażenie domu > Domowe porządki > Mopy i szczotki),"Poland, Turkey",https://www.action.com/pl-pl/p/2521703/wysuwany-drazek/,https://asset.action.com/image/upload/t_digital_product_image/w_1080/2521703_8715062105526-110_01_dcjstx.webp,"Carrefour Poland: #46 in 'Wyposażenie domu > Domowe porządki > Mopy i szczotki' (most popular) | Action PL 9.95 zł (extends to 2 m); Action also stocks Trzonek do miotły and Drewniany trzonek do miotły; n11 TR: spin mop telescopic spare handle 5 reviews, telescopic screw-fit mop handle 70-120 cm"
339,53.2,Ranked in 1 chain,"LAUNDRY, BATH & WARDROBE",Bath,Shower,Shower fittings,"Handheld shower head, multi-function (head only)",Berev Krom 5 Fonksiyonlu Yüksek Basınçlı Ayarlanabilir Duş Başlığı Krom,n11,Turkey,125.0,TRY,4.35,1209,#1 n11 Turkey (n11 search: duş başlığı),Turkey,https://www.n11.com/urun/berev-krom-5-fonksiyonlu-yuksek-basincli-ayarlanabilir-dus-basligi-krom-43571035,https://n11scdn.akamaized.net/a1/400_570/09/40/74/15/IMG-2078011970632116304.jpg,n11 Turkey: #1 in 'n11 search: duş başlığı' (best-selling)
340,53.2,Ranked in 1 chain,"TEA, COFFEE & TABLE",Table Accessories,Napkin & Toothpick,Napkin Holders,Metal napkin holder,"Салфетница 85-kt, металл",Kaspi,Kazakhstan,797,KZT,3.04,0,#12 Fix Price Kazakhstan (Декор для дома > Товары для декора (Decor)),"Kazakhstan, Russia, Turkey",https://kaspi.kz/shop/p/salfetnitsa-85-kt-metall-108613088/,https://resources.cdn-kaspi.kz/img/m/p/hc1/he5/68301248200734.jpg?format=gallery-large,"Fix Price Kazakhstan: #12 in 'Декор для дома > Товары для декора (Decor)' (popular first) | Kaspi 797 KZT (category Предметы сервировки; 9+ napkin-holder listings in wood, metal, ceramic, plastic); Fix Price: 'Салфетница' O'Kitchen chrome, 2 shapes; Trendyol dedicated 'Metal Pecetelik' and 'Bambu Pecetelik' category pages"
341,53.0,Ranked in 1 chain,HOME TEXTILES,Bath textiles,Toilet textiles,Toilet rugs / sets,Toilet contour rug / pedestal mat set,Szenilowy dywanik do toalety,Action,Poland,9.95,PLN,4.4,111,#10 n11 Turkey (n11 search: banyo paspası),"Poland, Turkey",https://www.action.com/pl-pl/p/3208777/szenilowy-dywanik-do-toalety/,https://asset.action.com/image/upload/t_digital_product_image/w_1080/3208777_8714333015274-110_01_mp9lix.webp,"n11 Turkey: #10 in 'n11 search: banyo paspası' (best-selling) | Action PL 9.95 zl, first item in 'Tekstylia łazienkowe'; n11: 'Chilai Home Circle ... Klozet Takımı 2'li Set' 111 reviews, 409.90 TL; 'Lavender Djt 3 Lü Set Banyo Paspası Klozet Takımı' 94 reviews; 'Tiffany 2'li Pamuklu Klozet Takımı' 33 reviews"
342,52.6,Ranked in 2 chains,"LAUNDRY, BATH & WARDROBE",Bath,Bath accessories,Bath sets,"Bathroom accessory set (bin, toilet brush, dispenser, tumbler)",İndecor Houseware Liza 4'lü Banyo Seti Antrasit Gri - Çöp Kovası Wc Fırçası Sıvı Sabunluk Diş Fırçalık,n11,Turkey,299.9,TRY,10.44,13,#6 n11 Turkey (n11 search: sabunluk); #46 Fix Price Russia (Для дома > Для ванной (bathroom)),"Russia, Turkey",https://www.n11.com/urun/indecor-houseware-liza-4lu-banyo-seti-antrasit-gri-cop-kovasi-wc-fircasi-sivi-sabunluk-dis-fircalik-123177975,https://n11scdn.akamaized.net/a1/400_570/06/54/77/20/IMG-8536365861824053275.jpg,"n11 Turkey: #6 in 'n11 search: sabunluk' (best-selling); Fix Price Russia: #46 in 'Для дома > Для ванной (bathroom)' (sorted by units sold) | n11: 13 ratings 5.0/5 (grey), black variant 10 ratings, white 2 ratings, listed 259-299.90 TL in search (category Banyo Setleri)"
343,52.4,Ranked in 1 chain,DECOR & ORGANISATION,Lighting & LED Decor,LED Candles,LED Tealights,"LED flameless tealights, battery",Podgrzewacze LED (4 sztuki),Action,Poland,1.0,PLN,0.44,10,"#68 Fix Price Russia (Для дома > Электротовары (electrical: batteries, bulbs, lighting, power, mobile))","Poland, Russia, Turkey",https://www.action.com/pl-pl/p/3224642/podgrzewacze-led/,https://asset.action.com/image/upload/t_digital_product_image/w_1920/3224642_8721461120473-110_01_q6dyve.webp,"Fix Price Russia: #68 in 'Для дома > Электротовары (electrical: batteries, bulbs, lighting, power, mobile)' (sorted by units sold) | Action PL 1.00 zl for 4 (shown in 'Lampy'); n11 TR: 'Alshop Pilli Işıklı Tealight Ledli Mum 6 Adet' 199 TL with 10 reviews, plus 6/12/24-pc packs; Fix Price RU 'Свеча светодиодная, 1 шт.' (LED candle SKU)"
344,52.1,Ranked in 2 chains,"TEA, COFFEE & TABLE",Tableware,Bowls,Soup Bowls,Two-handled soup bowl (bouillon cup),"Бульонница с ручками, O'Kitchen, 600 мл, в ассортименте",Fix Price,Kazakhstan,349.0,KZT,1.33,0,#93 Fix Price Kazakhstan (Для дома > Для кухни (Kitchen)); #162 Fix Price Russia (Для дома > Для кухни (Kitchen)),"Kazakhstan, Russia",https://fix-price.kz/ru/catalog/dlya-doma/p-5028615-bulonnitsa-s-ruchkami-itchen-600-ml-v-assortimente,https://img.fix-price.kz/insecure/rs:fit:800:800/plain/bit/_marketplace/images/origin/1e/1e06b9a549fceaa48f27eef0f2989143.jpg,Fix Price Kazakhstan: #93 in 'Для дома > Для кухни (Kitchen)' (popular first); Fix Price Russia: #162 in 'Для дома > Для кухни (Kitchen)' (sorted by units sold)
345,52.0,Ranked in 1 chain,"COOK, BAKE & GRILL",Stovetop accessories,Trivets,Wooden trivet,Wooden / bamboo trivet,"Подставка под горячее Спирит 14×14 см, берёза",Flip.kz,Kazakhstan,630,KZT,2.4,12,#154 Carrefour Poland (Wyposażenie domu > Kuchnia i jadalnia > Akcesoria kuchenne),"Kazakhstan, Poland, Turkey",https://www.flip.kz/catalog?prod=5119637,https://s.f.kz/prod/5120/5119637_1000.jpg,"Carrefour Poland: #154 in 'Wyposażenie domu > Kuchnia i jadalnia > Akcesoria kuchenne' (most popular) | flip.kz: 6 reviews; flip.kz novelty wooden trivets (Phoenix Gift) from 203 KZT; n11 TR: Snippy Kety wooden square nihale 12 ratings, 2-pack 2 ratings, bamboo 16.5 cm nihale"
346,51.6,Ranked in 1 chain,"COOK, BAKE & GRILL",Cookware,Frying pans,Egg pan (sahan),Two-handled egg pan (sahan) / mini saucepan set,Porsima 2 Li Paslanmaz Çelik Kaçerola Ve Sahan Seti Sos Tavası,n11,Turkey,252.15,TRY,8.77,374,#4 n11 Turkey (n11 search: tava),"Kazakhstan, Turkey",https://www.n11.com/urun/porsima-2-li-paslanmaz-celik-kacerola-ve-sahan-seti-sos-tavasi-54021078,https://n11scdn.akamaized.net/a1/400_570/10/96/70/68/IMG-3496532979957813578.jpg,"n11 Turkey: #4 in 'n11 search: tava' (best-selling) | n11: 28 ratings (category Tencere & Tava Setleri); n11 sahan leaders: Nehir Silver 6-pc steel sahan set 374 ratings, Gülsan Omlet 6-pc sahan set 373 ratings, Bernardo 3-pc sahan set 32 ratings; Kaspi KZ 20 cm portion pan for eggs"
347,51.5,Ranked in 1 chain,FOOD STORAGE & DRINKWARE-TO-GO,Drinkware to go,Water bottles,Insulated bottles,Double-wall insulated steel bottle (budget),Butelka termiczna TAL Jolt,Action,Poland,9.95,PLN,4.4,48,#2 n11 Turkey (n11 search: matara),"Poland, Turkey",https://www.action.com/pl-pl/p/3225632/butelka-termiczna-tal-jolt/,https://asset.action.com/image/upload/t_digital_product_image/w_1920/3225632_196557078453-110_01_edscke.webp,"n11 Turkey: #2 in 'n11 search: matara' (best-selling) | Action PL 9.95 zl (473 ml); TAL range also Everett 946 ml 34.95 zl, 1.5 l 39.95 zl, Ranger Pro 1.9 l 39.95 zl; 'Butelka z podwójną ścianką' 500 ml 34.95 zl; n11 TR Stanley IceFlow insulated tumbler 48 reviews"
348,51.3,Ranked in 2 chains,HOME ESSENTIALS & DIY,Electrical & Power,Mobile & Charging,Audio,"Wireless earbuds, budget (TWS)",Bezprzewodowe słuchawki douszne z funkcją tłumienia szumów Solix,Action,Poland,34.95,PLN,15.45,0,"#48 Fix Price Kazakhstan (Для дома > Электротовары (Electrical)); #65 Fix Price Russia (Для дома > Электротовары (electrical: batteries, bulbs, lighting, power, mobile))","Kazakhstan, Poland, Russia",https://www.action.com/pl-pl/p/3212577/bezprzewodowe-sluchawki-douszne-z-funkcja-tlumienia-szumow-solix/,https://asset.action.com/image/upload/t_digital_product_image/w_1920/3212577_5060638695493-110_01_lcueay.webp,"Fix Price Kazakhstan: #48 in 'Для дома > Электротовары (Electrical)' (popular first); Fix Price Russia: #65 in 'Для дома > Электротовары (electrical: batteries, bulbs, lighting, power, mobile)' (sorted by units sold) | Action PL 34.95 zl, one of several TWS SKUs in 'Audio' (Philips, Fresh'n Rebel, Solix); Fix Price sells FLARX wireless earbuds and More Choice wireless earbuds"
349,51.3,Ranked in 1 chain,KITCHEN TOOLS,Graters & zesters,Graters,With container,Grater with collection container,Tarka z pojemnikiem,Action,Poland,11.95,PLN,5.28,45,#10 n11 Turkey (n11 search: rende),"Poland, Russia, Turkey",https://www.action.com/pl-pl/p/3206412/tarka-z-pojemnikiem/,https://asset.action.com/image/upload/t_digital_product_image/w_1920/3206412_8711292220749-110_01_imktxh.webp,"n11 Turkey: #10 in 'n11 search: rende' (best-selling) | Action PL 11.95 zl; Fix Price: 'Тёрка с контейнером, O'Kitchen' (5021515) and 'Терка с контейнером, 2 насадки' (5022664) SKUs"
350,51.3,Ranked in 1 chain,FOOD STORAGE & DRINKWARE-TO-GO,Spice & condiment storage,Spice storage,Spice organisers,Spice organiser container (multi-compartment shaker box),Organizer na przyprawy BRANQ Sweet n salty Organizer na przyprawy (mix) 1640,Carrefour,Poland,10.29,PLN,4.55,0,#7 Carrefour Poland (Wyposażenie domu > Kuchnia i jadalnia > Przechowywanie żywności),Poland,https://www.carrefour.pl/zakupy-niecodzienne/dom-i-ogrod/wyposazenie-domu/kuchnia-i-jadalnia/przechowywanie-zywnosci/organizer-na-przyprawy-branq-sweet-n-salty-organizer-na-przyprawy-mix-1640,https://www.carrefour.pl/images/product/350x350/organizer-na-przyprawy-branq-sweet-n-salty-organizer-na-przyprawy-mix-1640-4o5bkd.jpg,Carrefour Poland: #7 in 'Wyposażenie domu > Kuchnia i jadalnia > Przechowywanie żywności' (most popular)
351,51.2,Ranked in 1 chain,HOME ESSENTIALS & DIY,Home Devices,Security,Locks,Combination padlock,Armor 230 Pc 30 Mm Değiştirilebilir Şifreli Asma Kilit,n11,Turkey,210,TRY,7.31,73,#49 Fix Price Russia (Для дома > Хозяйственные мелочи (household sundries)),"Russia, Turkey",https://www.n11.com/urun/armor-230-pc-30-mm-degistirilebilir-sifreli-asma-kilit-7414150,https://n11scdn.akamaized.net/a1/400_570/16/48/10/83/IMG-2089617272502146818.jpg,"Fix Price Russia: #49 in 'Для дома > Хозяйственные мелочи (household sundries)' (sorted by units sold) | n11 210 TL (search listing), 73 ratings 5.0 / 58 reviews, category Asma Kilit; Fix Price sells related locks (cable lock with keys 2 pcs; mailbox lock 38 mm) in 'Для ремонта'"
352,51.2,Ranked in 1 chain,HOME TEXTILES,Window textiles,Curtains,Thread curtains,String / thread curtain,"Штора нитяная, 200х100 см, в ассортименте",Fix Price,Kazakhstan,299,KZT,1.14,0,#5 Fix Price Kazakhstan (Для дома > Текстиль (Textiles)),"Kazakhstan, Russia",https://fix-price.kz/ru/catalog/dlya-doma/p-5073058-shtora-nityanaya-200h100-sm-v-assortimente,https://img.fix-price.kz/insecure/rs:fit:800:800/plain/bit/_marketplace/images/origin/92/928723b7b0ecd960cb1811992b8fffa8.jpg,"Fix Price Kazakhstan: #5 in 'Для дома > Текстиль (Textiles)' (popular first) | Fix Price KZ 299 KZT, polyester 200x100 cm, listed in KZ 'Текстиль'; Fix Price RU lists same SKU"
353,51.2,Ranked in 1 chain,DECOR & ORGANISATION,Decorative Accessories,Figurines,Decorative Figurines,Small decorative figurine (polyresin / ceramic),"Декоративная фигурка ""Ангел"", в ассортименте",Fix Price,Russia,124,RUB,2.49,0,#3 Fix Price Russia (Сувениры и подарки > Фигурки и статуэтки (figurines)),"Kazakhstan, Russia",https://fix-price.com/catalog/suveniry-i-podarki/p-5243846-dekorativnaya-figurka-angel-v-assortimente,https://img.fix-price.com/insecure/rs:fit:800:800/plain/bit/_marketplace/images/origin/34/34fdee28c1134ce7fee9f063d16047f0.jpg,"Fix Price Russia: #3 in 'Сувениры и подарки > Фигурки и статуэтки (figurines)' (sorted by units sold) | Fix Price RU 124 RUB; Fix Price has a dedicated 'Фигурки и статуэтки' subcategory (25+ SKUs, 3 pages); Fix Price KZ lists 24 figurines on page 1 incl. same Angel SKU, ceramic hen, bear, camel"
354,51.2,Ranked in 1 chain,DECOR & ORGANISATION,Storage & Organisation,Baskets,Fabric & Felt Baskets,"Felt storage basket, small","Koszyk filcowy 25 x 16,5 x 11 cm",Action,Poland,9.9,PLN,4.38,0,#8 Fix Price Kazakhstan (Для дома > Текстиль (Textiles)),"Kazakhstan, Poland",https://www.action.com/pl-pl/p/4000065/,https://asset.action.com/image/upload/t_digital_product_image/w_1920/4000065_8718964238156-110_01_k5tubj.webp,"Fix Price Kazakhstan: #8 in 'Для дома > Текстиль (Textiles)' (popular first) | Action PL 9.90 zl (also 28x21x12 cm at 14.90 zl), shown both in 'Dekoracje' and 'Przechowywanie i organizacja'; Kaspi KZ lists felt basket 17x17x16 cm (войлок)"
355,51.2,Ranked in 1 chain,DECOR & ORGANISATION,Home Fragrance & Candles,Candles,Scented Candles,Large 3-wick scented candle in glass,"Ароматическая свеча в стакане с 3 фитилями, в ассортименте",Fix Price,Russia,299,RUB,6.0,0,"#4 Fix Price Russia (Сувениры и подарки > Свечи, диффузоры, подсвечники (candles, diffusers, holders))","Kazakhstan, Poland, Russia",https://fix-price.com/catalog/suveniry-i-podarki/p-5231255-aromaticheskaya-svecha-v-stakane-s-3-fitilyami-v-assortimente,https://img.fix-price.com/insecure/rs:fit:800:800/plain/bit/_marketplace/images/origin/a8/a81cbdd8f37a8c1667fcce119f1dcbb8.jpg,"Fix Price Russia: #4 in 'Сувениры и подарки > Свечи, диффузоры, подсвечники (candles, diffusers, holders)' (sorted by units sold) | Fix Price RU 299 RUB (660 g, 11x8 cm); shown on Fix Price RU 'Сувениры и подарки' landing page; Fix Price KZ lists same SKU plus 3-wick 'Гранде'; Action PL large lidded scented candle Ø12.5x15.5 cm 29.95 zl"
356,51.2,Ranked in 1 chain,DECOR & ORGANISATION,Decorative Accessories,Artificial Flowers & Plants,Artificial Bouquets,Artificial flower bouquet / bush,Bukiet ze sztucznych róż,Action,Poland,17.99,PLN,7.95,0,"#5 Fix Price Russia (Сувениры и подарки > Вазы, цветы, флористика (vases, artificial flowers))","Kazakhstan, Poland, Russia",https://www.action.com/pl-pl/p/3206037/bukiet-ze-sztucznych-roz/,https://asset.action.com/image/upload/t_digital_product_image/w_1920/3206037_8714344541601-110_01_oez8al.webp,"Fix Price Russia: #5 in 'Сувениры и подарки > Вазы, цветы, флористика (vases, artificial flowers)' (sorted by units sold) | Action PL 17.99 zl; Action also 'Bukiet sztucznych kwiatów w wazonie Willow & Bloom' 11.95 zl and 'Bukiet na łodydze' 16.95 zl; Fix Price KZ 'Цветок искусственный ""Пион кустовой""' (bush) and 'Пион мини'"
357,51.0,Ranked in 2 chains,HOME ESSENTIALS & DIY,Tools,Hand Tools,Wrenches,Spanner set (combination / open-end),"Набор гаечных ключей, Master Hand, 6 шт.",Fix Price,Kazakhstan,1899.0,KZT,7.24,0,#79 Fix Price Kazakhstan (Для дома > Для ремонта (Repair / tools)); #81 Fix Price Russia (Для дома > Для ремонта (repair / tools / hardware)),"Kazakhstan, Russia",https://fix-price.kz/ru/catalog/dlya-doma/p-5001214-nabor-gaechnyh-klyuchey-aster-and-6-sht,https://img.fix-price.kz/insecure/rs:fit:800:800/plain/bit/_marketplace/images/origin/5c/5c7039f3846c36df72c4fff9dfedb3ea.jpg,Fix Price Kazakhstan: #79 in 'Для дома > Для ремонта (Repair / tools)' (popular first); Fix Price Russia: #81 in 'Для дома > Для ремонта (repair / tools / hardware)' (sorted by units sold)
358,51.0,Ranked in 2 chains,HOME ESSENTIALS & DIY,Tools,Hand Tools,Wrenches,Adjustable wrench,"Ключ разводной, Master Hand, в ассортименте",Fix Price,Kazakhstan,1899.0,KZT,7.24,0,#81 Fix Price Kazakhstan (Для дома > Для ремонта (Repair / tools)); #85 Fix Price Russia (Для дома > Для ремонта (repair / tools / hardware)),"Kazakhstan, Russia",https://fix-price.kz/ru/catalog/dlya-doma/p-5001385-klyuch-razvodnoy-aster-and-v-assortimente,https://img.fix-price.kz/insecure/rs:fit:800:800/plain/bit/_marketplace/images/origin/dc/dcfbf468d937b504d784929af3b2e60c.jpg,Fix Price Kazakhstan: #81 in 'Для дома > Для ремонта (Repair / tools)' (popular first); Fix Price Russia: #85 in 'Для дома > Для ремонта (repair / tools / hardware)' (sorted by units sold)
359,51.0,Ranked in 2 chains,DECOR & ORGANISATION,Storage & Organisation,Baskets,Wooden Crates,Decorative wooden crate / box,"Ящик с ручкой ""Марокко"", в ассортименте",Fix Price,Kazakhstan,1899.0,KZT,7.24,0,"#71 Fix Price Kazakhstan (Декор для дома > Товары для декора (Decor)); #72 Fix Price Russia (Сувениры и подарки > Подставки, шкатулки, светильники (trays, boxes, decorative lights))","Kazakhstan, Russia",https://fix-price.kz/ru/catalog/dekor-dlya-doma-tovary-dlya-prazdnika/p-5246363-yaschik-s-ruchkoy-marokko-v-assortimente,https://img.fix-price.kz/insecure/rs:fit:800:800/plain/bit/_marketplace/images/origin/51/513452ff3271fae0f341d9280878505b.png,"Fix Price Kazakhstan: #71 in 'Декор для дома > Товары для декора (Decor)' (popular first); Fix Price Russia: #72 in 'Сувениры и подарки > Подставки, шкатулки, светильники (trays, boxes, decorative lights)' (sorted by units sold)"
360,51.0,Ranked in 2 chains,HOME ESSENTIALS & DIY,Electrical & Power,Mobile & Charging,Chargers,Wireless (Qi) charging pad,"Беспроводное зарядное устройство с кабелем USB, FLARX, в ассортименте",Fix Price,Kazakhstan,2199.0,KZT,8.39,0,"#69 Fix Price Kazakhstan (Для дома > Электротовары (Electrical)); #97 Fix Price Russia (Для дома > Электротовары (electrical: batteries, bulbs, lighting, power, mobile))","Kazakhstan, Russia",https://fix-price.kz/ru/catalog/dlya-doma/p-5013511-besprovodnoe-zaryadnoe-ustroystvo-s-kabelem---v-assortimente,https://img.fix-price.com/insecure/rs:fit:800:800/plain/pim/images/c8b5653031cb1ab02779079a61590ea2_35.jpg,"Fix Price Kazakhstan: #69 in 'Для дома > Электротовары (Electrical)' (popular first); Fix Price Russia: #97 in 'Для дома > Электротовары (electrical: batteries, bulbs, lighting, power, mobile)' (sorted by units sold)"
361,51.0,Ranked in 2 chains,HOME ESSENTIALS & DIY,Tools,Hand Tools,Pliers & cutters,Groove-joint (water-pump) pliers,"Клещи переставные, Master Hand, в ассортименте",Fix Price,Kazakhstan,2199.0,KZT,8.39,0,#68 Fix Price Kazakhstan (Для дома > Для ремонта (Repair / tools)); #92 Fix Price Russia (Для дома > Для ремонта (repair / tools / hardware)),"Kazakhstan, Russia",https://fix-price.kz/ru/catalog/dlya-doma/p-5001381-kleschi-perestavnye-aster-and-v-assortimente,https://img.fix-price.kz/insecure/rs:fit:800:800/plain/bit/_marketplace/images/origin/6b/6b2778132897a9b22cbd1ee58ce4698c.jpg,Fix Price Kazakhstan: #68 in 'Для дома > Для ремонта (Repair / tools)' (popular first); Fix Price Russia: #92 in 'Для дома > Для ремонта (repair / tools / hardware)' (sorted by units sold)
362,51.0,Ranked in 2 chains,HOME ESSENTIALS & DIY,Tools,Power tool accessories,Drill bits,Drill bit set,"Набор свёрл, Master Hand, 8 шт., в ассортименте",Fix Price,Kazakhstan,2199.0,KZT,8.39,0,#91 Fix Price Kazakhstan (Для дома > Для ремонта (Repair / tools)); #104 Fix Price Russia (Для дома > Для ремонта (repair / tools / hardware)),"Kazakhstan, Russia",https://fix-price.kz/ru/catalog/dlya-doma/p-5001367-nabor-svrl-aster-and-8-sht-v-assortimente,https://img.fix-price.com/insecure/rs:fit:800:800/plain/pim/images/a3da00854f9a3e7b19397763b3ef1605_33.jpg,Fix Price Kazakhstan: #91 in 'Для дома > Для ремонта (Repair / tools)' (popular first); Fix Price Russia: #104 in 'Для дома > Для ремонта (repair / tools / hardware)' (sorted by units sold)
363,50.6,Ranked in 1 chain,FOOD STORAGE & DRINKWARE-TO-GO,Drinkware to go,Kids drinkware,Kids bottles,Kids character water bottle / mini thermos,Termos Hello Kitty,Action,Poland,21.95,PLN,9.7,31,#11 n11 Turkey (n11 search: matara),"Poland, Russia, Turkey",https://www.action.com/pl-pl/p/3219423/termos-hello-kitty/,https://asset.action.com/image/upload/t_digital_product_image/w_1920/3219423_3664944720171-110_01_jdyqp8.webp,"n11 Turkey: #11 in 'n11 search: matara' (best-selling) | Action PL 21.95 zl (500 ml); n11 TR kids straw bottles - Uzspace 700 ml 28 reviews, Uzspace 680/500 ml 14 reviews each, Coral High Kids steel 500 ml 5 reviews; Fix Price RU 'Бутылка для воды с трубочкой, WOWBOTTLES, 400 мл' (kids puzzle print)"
364,50.5,Ranked in 1 chain,"TEA, COFFEE & TABLE",Tea & Coffee Serving,Tea Accessories,Tea Strainers,Stainless steel tea strainer (cup-rim),"Ситечко для чая Базовая коллекция 36963 5 см нержавеющая сталь, 0.1 л 1 шт",Kaspi,Kazakhstan,960,KZT,3.66,3,#109 Fix Price Russia (Для дома > Для кухни (Kitchen)),"Kazakhstan, Russia, Turkey",https://kaspi.kz/shop/p/sitechko-dlja-chaja-bazovaja-kollektsija-36963-5-sm-nerzhavejuschaja-stal-0-1-l-1-sht-108536656/,https://resources.cdn-kaspi.kz/img/m/p/hd5/h92/86160915333150.jpg?format=gallery-large,"Fix Price Russia: #109 in 'Для дома > Для кухни (Kitchen)' (sorted by units sold) | Kaspi 960 KZT (category Дуршлаги и сита); Fix Price core range: 'Ситечко заварочное, O'Kitchen, 7 см' + 3 other strainer SKUs; Trendyol has dedicated 'paslanmaz celik cay suzgeci' category; n11 TR: Kismet soktak strainer 60 TL, 3 reviews"
365,50.5,Ranked in 1 chain,HOUSEHOLD CLEANING,Brooms & Dustpans,Brooms,Push brooms,Wooden push broom with handle,"Щётка деревянная для пола с черенком ""Yozhik""",Fix Price,Kazakhstan,999,KZT,3.81,0,#8 Carrefour Poland (Wyposażenie domu > Domowe porządki > Zamiatanie),"Kazakhstan, Poland, Russia",https://fix-price.kz/ru/catalog/dlya-doma/p-5041077-schtka-derevyannaya-dlya-pola-s-cherenkom-ozhik,https://img.fix-price.kz/insecure/rs:fit:800:800/plain/bit/_marketplace/images/origin/2b/2bcf7d81d2e3f0ed8c6881894681c111.jpg,"Carrefour Poland: #8 in 'Wyposażenie domu > Domowe porządki > Zamiatanie' (most popular) | Fix Price KZ 999 KZT; Fix Price RU listing (currently out of stock) - 'for flat or dacha, leaves'"
366,50.5,Ranked in 1 chain,DECOR & ORGANISATION,Decorative Accessories,Plant Pots,Indoor Plant Pots,Small ceramic plant pot (indoor),Doniczka Dolomit Ø 13 cm,Action,Poland,8.95,PLN,3.96,0,#27 Fix Price Russia (Сувениры и подарки > Фигурки и статуэтки (figurines)),"Poland, Russia, Turkey",https://www.action.com/pl-pl/p/3222367/doniczka-dolomit/,https://asset.action.com/image/upload/t_digital_product_image/w_1920/3222367_5707256753364-111_01_wfap55.webp,"Fix Price Russia: #27 in 'Сувениры и подарки > Фигурки и статуэтки (figurines)' (sorted by units sold) | Action PL 8.95 zl; 'Wazony i doniczki' page 1 lists 7 pots at 8.75-17.99 zl (Amber, Lou, Ivar, ceramic 8.5 cm, metal); n11 TR small ceramic pots e.g. 'Lotus Saksı Küçük' 228.31 TL"
367,50.1,Ranked in 1 chain,HOUSEHOLD CLEANING,Cleaning Brushes,Specialty brushes,Grout brushes,Grout / tile joint brush,Szczotka do fug,Action,Poland,3.99,PLN,1.76,5,#5 Carrefour Poland (Wyposażenie domu > Domowe porządki > Zamiatanie),"Poland, Turkey",https://www.action.com/pl-pl/p/2581914/szczotka-do-fug/,https://asset.action.com/image/upload/t_digital_product_image/w_1080/2581914_8718964259595-111_01_nhfmuu.webp,"Carrefour Poland: #5 in 'Wyposażenie domu > Domowe porządki > Zamiatanie' (most popular) | Action PL 3.99 zł (27 cm, rubber grip) in 'Akcesoria do sprzątania'; n11 TR: 2-pack slim grout/detail brush (derz arası) 5 reviews; İndecor 3-pack slim grout brush listed"
368,50.1,Ranked in 1 chain,FOOD STORAGE & DRINKWARE-TO-GO,Food containers,Microwave containers,Divided meal containers,Microwave meal container with divider,Pojemnik na obiad z przegródką Curver,Action,Poland,7.49,PLN,3.31,0,#46 Carrefour Poland (Wyposażenie domu > Kuchnia i jadalnia > Przechowywanie żywności),"Poland, Russia",https://www.action.com/pl-pl/p/3013364/pojemnik-na-obiad-z-przegrodka-curver/,https://asset.action.com/image/upload/t_digital_product_image/w_1920/22836229.webp,"Carrefour Poland: #46 in 'Wyposażenie domu > Kuchnia i jadalnia > Przechowywanie żywności' (most popular) | Action PL 7.49 zl; Fix Price RU 'Контейнер для еды с клапаном, O'Kitchen' 380 ml (174.50 RUB in page title) and 620 ml (229 RUB), vented microwave containers"
369,50.0,Ranked in 1 chain,"LAUNDRY, BATH & WARDROBE",Bath,Shower,Shower fittings,Ionic filter shower head,Jonizująca głowica prysznicowa,Action,Poland,17.95,PLN,7.93,165,#10 n11 Turkey (n11 search: duş başlığı),"Poland, Turkey",https://www.action.com/pl-pl/p/3008228/jonizujaca-glowica-prysznicowa/,https://asset.action.com/image/upload/t_digital_product_image/w_1920/3008228_3560231539719-110_01_faiqiu.webp,"n11 Turkey: #10 in 'n11 search: duş başlığı' (best-selling) | Action PL 17.95 zl, plus standard 'Głowica prysznicowa Cascata' 17.95 zl ('Akcesoria łazienkowe'); n11: Super Sonic turbo water-saving head set 12 ratings, Gediz 5-function head+hose 50 ratings"
370,49.8,Ranked in 1 chain,FOOD STORAGE & DRINKWARE-TO-GO,Fridge storage,Fridge organisers,Organiser bins,Clear fridge organiser bin,Organizer do lodówki,Action,Poland,12.95,PLN,5.72,20,#4 n11 Turkey (n11 search: kavanoz),"Poland, Russia, Turkey",https://www.action.com/pl-pl/p/3220378/organizer-do-lodowki/,https://asset.action.com/image/upload/t_digital_product_image/w_1920/3220378_8718964260126-110_01_ovdwpx.webp,"n11 Turkey: #4 in 'n11 search: kavanoz' (best-selling) | Action PL 12.95 zl (31.5x15x10 cm); Action carries 8+ fridge bins (Jive 8.95-13.95 zl, 16.95/19.95 zl sizes); n11 TR Selka Home Nora fridge organiser 2x2.25 l 20 reviews; Fix Price RU 'Контейнер для холодильника, O’Kitchen, 27х11 см'"
371,49.7,Ranked in 1 chain,KITCHEN TOOLS,Cutting boards,Plastic boards,Flexible mats,"Flexible cutting mats, set",Porsima TE-138 Esnek Plastik Kesme Tahtası Seti 3'lü,n11,Turkey,349,TRY,12.15,118,#40 Fix Price Kazakhstan (Для дома > Для кухни (Kitchen)),"Kazakhstan, Russia, Turkey",https://www.n11.com/urun/porsima-te-138-esnek-plastik-kesme-tahtasi-seti-3lu-34827097,https://n11scdn.akamaized.net/a1/400_570/14/03/52/18/IMG-9155186070408116953.jpg,"Fix Price Kazakhstan: #40 in 'Для дома > Для кухни (Kitchen)' (popular first) | n11 listing 349 TL; n11: 118 ratings (4.5*), 81 written reviews; Fix Price: 'Доска разделочная гибкая' 28x20 cm (69 RUB per search title) and 35x25 cm (87 RUB) SKUs; Ханпласт boards on Fix Price popularity page 2"
372,49.6,Ranked in 1 chain,DECOR & ORGANISATION,Home Fragrance & Candles,Candle Holders,Lanterns,Candle lantern (metal / glass),Lampion Seasons & Style,Action,Poland,16.95,PLN,7.49,0,#20 Carrefour Poland (Wyposażenie domu > Przyjęcia i świece > Świece i zapachy),"Poland, Turkey",https://www.action.com/pl-pl/p/3217694/lampion-seasons-style/,https://asset.action.com/image/upload/t_digital_product_image/w_1920/3217694_8719504019471-110_01_lqbvs8.webp,Carrefour Poland: #20 in 'Wyposażenie domu > Przyjęcia i świece > Świece i zapachy' (most popular) | Action PL 16.95 zl; Action 'Świeczniki' also lists 'Metalowy lampion' 23.95 zl and 'Latarenka' 29.95 zl; n11 TR: '4 Lü Gri Fener Şamdan Mum' 251.98 TL and several wooden lantern sets
373,49.4,Ranked in 1 chain,HOME TEXTILES,Living & decor textiles,Cushions,Cushion inserts,Cushion insert / inner pad 40x40,"Декоративная подушка внутренняя, 40х40 см",Fix Price,Kazakhstan,1299,KZT,4.96,0,#18 Fix Price Kazakhstan (Для дома > Текстиль (Textiles)),"Kazakhstan, Russia",https://fix-price.kz/ru/catalog/dlya-doma/tekstil/p-5077155-dekorativnaya-podushka-vnutrennyaya-40h40-sm,https://img.fix-price.com/insecure/rs:fit:800:800/plain/pim/images/4c9c4f3bc5209b1e828ff737a214fd7f_24.jpg,"Fix Price Kazakhstan: #18 in 'Для дома > Текстиль (Textiles)' (popular first) | Fix Price KZ 1299 KZT, spunbond cover, hollow siliconised fibre fill, listed in KZ 'Текстиль'; Fix Price RU lists same SKU; complements cushion-cover SKUs (sold separately)"
374,49.4,Ranked in 1 chain,DECOR & ORGANISATION,Decorative Accessories,Artificial Flowers & Plants,Artificial Potted Plants,"Artificial potted plant / succulent, mini",Sukulent w doniczce Excellent Flowers,Action,Poland,12.95,PLN,5.72,0,"#11 Fix Price Russia (Сувениры и подарки > Вазы, цветы, флористика (vases, artificial flowers))","Kazakhstan, Poland, Russia",https://www.action.com/pl-pl/p/3224996/sukulent-w-doniczce-excellent-flowers/,https://asset.action.com/image/upload/t_digital_product_image/w_1920/3224996_8721349904638-111_01_mvxl08.webp,"Fix Price Russia: #11 in 'Сувениры и подарки > Вазы, цветы, флористика (vases, artificial flowers)' (sorted by units sold) | Action PL 12.95 zl; category 'Sztuczne rośliny i kwiaty' page 1 has 12+ potted artificial plants (orchid 9.99 zl, succulents 8.95 zl); Fix Price KZ 'Декорация ""Орхидея в горшочке""' and 'Декорация в горшочке ""Винтаж""'; Kaspi KZ category 'Искусственные растения'"
375,49.1,Ranked in 1 chain,DECOR & ORGANISATION,Storage & Organisation,Cupboard Organisers,Under-sink Organisers,Under-sink / cabinet pull-out organiser,Wysuwana półka do przechowywania,Action,Poland,19.95,PLN,8.82,2,#15 n11 Turkey (n11 search: organizer),"Kazakhstan, Poland, Russia, Turkey",https://www.action.com/pl-pl/p/3220734/wysuwana-polka-do-przechowywania/,https://asset.action.com/image/upload/t_digital_product_image/w_1920/3220734_8718964263745-110_01_tzuhy4.webp,"n11 Turkey: #15 in 'n11 search: organizer' (best-selling) | Action PL 19.95 zl in 'Przechowywanie i organizacja'; Fix Price RU 'Полка настольная двухъярусная для кухни и ванной, 38х17х36 см'; Fix Price KZ 'Двухъярусная полка ""Лакдеморон"", 28х12х25 см'"
376,49.0,Ranked in 1 chain,KITCHEN TOOLS,Cooking utensils,Scoops,Ice cream,Ice cream scoop,Metal Dondurma Servis Kaşığı Krom,n11,Turkey,149.99,TRY,5.22,23,#64 Carrefour Poland (Wyposażenie domu > Kuchnia i jadalnia > Akcesoria kuchenne),"Poland, Turkey",https://www.n11.com/urun/metal-dondurma-servis-kasigi-krom-121900746,https://n11scdn.akamaized.net/a1/400_570/12/88/76/42/IMG-8130890984256432045.png,"Carrefour Poland: #64 in 'Wyposażenie domu > Kuchnia i jadalnia > Akcesoria kuchenne' (most popular) | n11 listing 149.99 TL; n11: 17 ratings (4.5*), category Dondurma Kaşıkları; Tohana ice-cream/halva scoop 23 reviews; Mucit Home scoop 5 reviews"
377,49.0,Ranked in 1 chain,KITCHEN TOOLS,Cooking utensils,Spatulas & turners,Wooden,Wooden cooking spatula / spoon,Łopatka FLORENTYNA Apollo 7Ł0002,Carrefour,Poland,3.69,PLN,1.63,0,#15 Carrefour Poland (Wyposażenie domu > Kuchnia i jadalnia > Akcesoria kuchenne),Poland,https://www.carrefour.pl/zakupy-niecodzienne/dom-i-ogrod/wyposazenie-domu/kuchnia-i-jadalnia/akcesoria-kuchenne-ul/lopatka-florentyna-apollo-7l0002,https://www.carrefour.pl/images/product/350x350/lopatka-florentyna-apollo-7l0002-d37ngd.jpg,Carrefour Poland: #15 in 'Wyposażenie domu > Kuchnia i jadalnia > Akcesoria kuchenne' (most popular)
378,49.0,Ranked in 1 chain,"LAUNDRY, BATH & WARDROBE",Wardrobe,Hangers,Clothes hangers,Children's clothes hangers,Zestaw wieszaków,Pepco,Poland,5,PLN,2.21,0,#17 Carrefour Poland (Wyposażenie domu > Łazienka (all)),Poland,https://pepco.pl/products/zestaw-wieszakow-629984,https://cdn.shopify.com/s/files/1/0951/3592/4548/files/629984_01-MULTICOLOR-11_836c1ceb-5678-40b6-99cf-f78633e5769b.jpg?v=1789352057,Carrefour Poland: #17 in 'Wyposażenie domu > Łazienka (all)' (most popular) | Pepco PL 5 zl / 5 pcs children's hangers with bow ('Tylko w Pepco'); Pepco carries a second kids' set 'Zestaw plastikowych wieszaków dla dzieci' (348010)
379,49.0,Ranked in 1 chain,"TEA, COFFEE & TABLE",Serving,Small Serving Dishes,Shaped dishes,Leaf-shaped porcelain serving dish / bowl (13-28 cm),"Altom Nocturn Salaterka Liść 17,5X13,5Cm",Carrefour,Poland,5.59,PLN,2.47,0,#16 Carrefour Poland (Wyposażenie domu > Kuchnia i jadalnia > Zastawa stołowa),Poland,https://www.carrefour.pl/zakupy-niecodzienne/dom-i-ogrod/wyposazenie-domu/kuchnia-i-jadalnia/zastawa-stolowa/altom-nocturn-salaterka-lisc-175x135cm,https://www.carrefour.pl/images/product/org/altom-nocturn-salaterka-lisc-175x135cm-6ndMcp.jpg,Carrefour Poland: #16 in 'Wyposażenie domu > Kuchnia i jadalnia > Zastawa stołowa' (most popular)
380,49.0,Ranked in 1 chain,DECOR & ORGANISATION,Home Fragrance & Candles,Home Fragrance,Fragrance Oils,Fragrance oil for aroma burner (10 ml),Olejek MUELLER Jabłko,Carrefour,Poland,11.29,PLN,4.99,0,#12 Carrefour Poland (Wyposażenie domu > Przyjęcia i świece > Dekoracje),Poland,https://www.carrefour.pl/zakupy-niecodzienne/dom-i-ogrod/wyposazenie-domu/przyjecia-i-swiece/dekoracje/olejek-mueller-jablko,https://www.carrefour.pl/images/product/350x350/olejek-mueller-jablko-am9ub3.jpg,Carrefour Poland: #12 in 'Wyposażenie domu > Przyjęcia i świece > Dekoracje' (most popular)
381,49.0,Ranked in 1 chain,HOME ESSENTIALS & DIY,Fixing & Hanging,Adhesives & Tapes,Glues,"Specialty repair glue, small tube (wood / shoe / plastic / epoxy)",Klej do Butów PATTEX 50 ml,Carrefour,Poland,11.29,PLN,4.99,0,#15 Carrefour Poland (Dom i ogród > Remont i warsztat (all)),Poland,https://www.carrefour.pl/zakupy-niecodzienne/dom-i-ogrod/remont-i-warsztat/kleje-kf/klej-do-butow-pattex-50-ml,https://www.carrefour.pl/images/product/350x350/klej-do-butow-pattex-50-ml-mki18m.jpg,Carrefour Poland: #15 in 'Dom i ogród > Remont i warsztat (all)' (most popular)
382,48.7,Ranked in 1 chain,HOME TEXTILES,Bath textiles,Bath mats,Terry foot towels,"Terry bath-mat towel (foot towel), 2-pack","Zeynep Tekstil Tyen 2 Adet Ayak Havlusu, Banyo Paspası, Havlu Paspas Beyaz",n11,Turkey,129,TRY,4.49,112,#1 n11 Turkey (n11 search: banyo paspası),Turkey,https://www.n11.com/urun/zeynep-tekstil-tyen-2-adet-ayak-havlusu-banyo-paspasi-havlu-paspas-beyaz-120127350,https://n11scdn.akamaized.net/a1/400_570/11/33/95/17/IMG-6735738090344327641.jpg,"n11 Turkey: #1 in 'n11 search: banyo paspası' (best-selling) | n11: 112 ratings / 105 comments, 5.0 stars, 129 TL for 2, #1 result for 'banyo paspası'; beige variant 74 reviews"
383,48.4,Ranked in 1 chain,"LAUNDRY, BATH & WARDROBE",Bath,Bath accessories,Soap & dental,Touchless automatic soap dispenser,"Дозатор для жидкого мыла, FLARX, в ассортименте",Fix Price,Russia,349,RUB,7.01,70,#1 n11 Turkey (n11 search: sabunluk),"Russia, Turkey",https://fix-price.com/catalog/dlya-doma/p-5013384-dozator-dlya-jidkogo-myla--v-assortimente,https://img.fix-price.com/insecure/rs:fit:800:800/plain/bit/_marketplace/images/origin/dc/dc431b9649690deadd580a07386fc6e5.jpg,"n11 Turkey: #1 in 'n11 search: sabunluk' (best-selling) | Fix Price 349 RUB, touchless foam 300 ml (category 'Для ванной'); n11: Evo House sensor foam dispenser 70 ratings (+21 black), Vayomy 380 ml 34 ratings"
384,48.3,Ranked in 1 chain,DECOR & ORGANISATION,Home Fragrance & Candles,Home Fragrance,Aroma Burners,Ceramic aroma oil / wax burner (tealight),Аромалампа зеленый,Kaspi,Kazakhstan,6000,KZT,22.89,18,#13 Carrefour Poland (Wyposażenie domu > Przyjęcia i świece > Dekoracje),"Kazakhstan, Poland, Russia, Turkey",https://kaspi.kz/shop/p/aromalampa-zelenyi-135146832/,https://resources.cdn-kaspi.kz/img/m/p/pb1/p48/26337211.jpeg?format=gallery-large,"Carrefour Poland: #13 in 'Wyposażenie domu > Przyjęcia i świece > Dekoracje' (most popular) | Kaspi KZ 6000 KZT, category 'Интерьер > Парфюмерия для дома > Аромалампы' (second SKU: ceramic black aroma lamp); n11 TR ceramic 'buhurdanlık' 325 TL with 53, 30 and 18 reviews on three colourways; Fix Price RU sells refill 'Ароматический воск для аромалампы' 174.50 RUB"
385,48.2,Ranked in 1 chain,FOOD STORAGE & DRINKWARE-TO-GO,Pantry storage,Storage jars,Glass jars with wooden lid,Glass storage jar with bamboo lid,Słoik z bambusową pokrywką,Action,Poland,12.95,PLN,5.72,8,#1 n11 Turkey (n11 search: saklama kabı),"Kazakhstan, Poland, Turkey",https://www.action.com/pl-pl/p/3215103/sloik-z-bambusowa-pokrywka/,https://asset.action.com/image/upload/t_digital_product_image/w_1920/36071242.webp,n11 Turkey: #1 in 'n11 search: saklama kabı' (best-selling) | Action PL 12.95 zl (1.5 l); Action also 'Słoik z drewnianą pokrywką' 400 ml 8.95 zl / 600 ml 9.95 zl / 1.4 l 14.95 zl; n11 TR Porsima bamboo-lid glass jar sets (6/9/12 pcs); Kaspi KZ glass+bamboo jar set
386,48.2,Ranked in 1 chain,"COOK, BAKE & GRILL",Grill & BBQ,Fire starting,Mangal fan,Mangal / BBQ hand fan,Galvanizli Mangal Yelpazesi-8-55,n11,Turkey,199.99,TRY,6.96,8,#1 Fix Price Kazakhstan (Декор для дома > Товары для пикника (Picnic)),"Kazakhstan, Russia, Turkey",https://www.n11.com/urun/galvanizli-mangal-yelpazesi-8-55-119540623,https://n11scdn.akamaized.net/a1/400_570/16/15/28/74/IMG-4236217286616443475.jpg,"Fix Price Kazakhstan: #1 in 'Декор для дома > Товары для пикника (Picnic)' (popular first) | Fix Price RU carries 3 mangal-fan SKUs (веер для мангала, веер для барбекю, опахало); n11 TR fan sold singly, in 4-5 packs and inside mangal accessory sets (8 ratings)"
387,47.9,"Sold, not ranked",KITCHEN TOOLS,Cooking utensils,Spatulas & turners,Silicone,Silicone spatula (scraper),Łopatka silikonowa,Action,Poland,3.49,PLN,1.54,287,,"Poland, Russia, Turkey",https://www.action.com/pl-pl/p/3222069/lopatka-silikonowa/,https://asset.action.com/image/upload/t_digital_product_image/w_1920/3222069_3560231324414-111_01_eefawb.webp,"Action PL 3.49 zl; n11: Valletta Salvatore silicone spatula set 287 reviews, Valletta Drongo set 61 reviews, 9-pc set 49 reviews; Fix Price: 'Силиконовая лопатка' SKU 5092351 plus several O'Kitchen лопатка кулинарная SKUs"
388,47.8,Ranked in 1 chain,FOOD STORAGE & DRINKWARE-TO-GO,Spice & condiment storage,Spice storage,Spice sets,"Spice jar set with stand (12 pcs, with spoons)",Porsima 1165 Random Standlı Kendinden Yapışkanlı Kaşıklı Kapaklı Baharatlık Seti 12'li Beyaz - Siyah,n11,Turkey,339,TRY,11.8,1306,#1 n11 Turkey (n11 search: baharatlık),"Poland, Turkey",https://www.n11.com/urun/porsima-1165-random-standli-kendinden-yapiskanli-kasikli-kapakli-baharatlik-seti-12li-beyaz-siyah-siyah-beyaz-58868844,https://n11scdn.akamaized.net/a1/400_570/09/08/45/83/IMG-5855371056099972592.jpg,"n11 Turkey: #1 in 'n11 search: baharatlık' (best-selling) | n11: 1,306 reviews, 4.5/5 (strongest signal in domain); price 339 TL from n11 search listing 'standlı baharatlık'; sister model Porsima 1167 has 54 reviews; Action PL sells 'Przyprawniki Excellent Houseware' 2 pcs 2.00 zl"
389,47.8,Ranked in 1 chain,"TEA, COFFEE & TABLE",Cutlery,Spoons,Teaspoons,"Stainless teaspoons, 6-pack",Łyżeczki do herbaty,Action,Poland,4.49,PLN,1.98,0,#68 Fix Price Russia (Для дома > Для кухни (Kitchen)),"Poland, Russia, Turkey",https://www.action.com/pl-pl/p/3009438/lyzeczki-do-herbaty/,https://asset.action.com/image/upload/t_digital_product_image/w_1080/3009438_8718964258635-110_01_lysmec.webp,"Fix Price Russia: #68 in 'Для дома > Для кухни (Kitchen)' (sorted by units sold) | Action PL 4.49 zl / 6 pcs (0.75 zl each, GRS recycled steel); Trendyol: 'Yigit Celik Cay Kasigi 6'li' plus dedicated '6'li cay kasigi' and 'Cay Kasigi' category pages"
390,47.7,Ranked in 2 chains,FOOD STORAGE & DRINKWARE-TO-GO,Pantry storage,Bread storage,Bread bins,Bread bin (bamboo/metal),Karaca Aksel Bamboo Ekmek Kutusu,n11,Turkey,1840,TRY,64.03,129,#16 n11 Turkey (n11 search: saklama kabı); #49 Carrefour Poland (Wyposażenie domu > Kuchnia i jadalnia > Przechowywanie żywności),"Poland, Turkey",https://www.n11.com/urun/karaca-aksel-bamboo-ekmek-kutusu-52257433,https://n11scdn.akamaized.net/a1/400_570/05/55/97/69/IMG-6016141234198916237.jpg,"n11 Turkey: #16 in 'n11 search: saklama kabı' (best-selling); Carrefour Poland: #49 in 'Wyposażenie domu > Kuchnia i jadalnia > Przechowywanie żywności' (most popular) | n11: 129 reviews, 4.5/5 (product page price 1,840 TL; n11 listing 'ekmek kutusu' showed 799.98 TL); Karaca Dustin 64 reviews, Karaca Stream 2in1 40 reviews, 12+ SKUs"
391,47.7,Ranked in 1 chain,HOME TEXTILES,Kitchen textiles,Kitchen towels,Tea towel multipacks,"Cotton tea towels, 3-pack",Zestaw ścierek do naczyń,Action,Poland,12.95,PLN,5.72,6,#6 n11 Turkey (n11 search: mutfak havlusu),"Poland, Russia, Turkey",https://www.action.com/pl-pl/p/3215179/zestaw-scierek-do-naczyn/,https://asset.action.com/image/upload/t_digital_product_image/w_1080/3215179_8718964303847-110_01_edcvht.webp,"n11 Turkey: #6 in 'n11 search: mutfak havlusu' (best-selling) | Action PL 12.95 zl (promo, from 16.95 zl), 3 x 50x70 cm 100% cotton, 6 colourways, in 'Tekstylia do kuchni' (78 products in category); n11: 'Elart Sophia Mutfak Havlusu 6 Adet' 5 reviews, 'Formeya Sophia 6'lı' 6 reviews; Fix Price RU sells 2-pack kitchen towels 42x60 cm"
392,47.5,Ranked in 1 chain,DECOR & ORGANISATION,Home Fragrance & Candles,Candles,Tealights,"Unscented tealight candles, bulk pack (50-100)","Bolsius Podgrzewacze 50 szt. białe 3,5 h",Carrefour,Poland,17.49,PLN,7.73,0,#8 Carrefour Poland (Wyposażenie domu > Przyjęcia i świece > Świece i zapachy),Poland,https://www.carrefour.pl/zakupy-niecodzienne/dom-i-ogrod/wyposazenie-domu/przyjecia-i-swiece/swiece-i-zapachy/bolsius-podgrzewacze-50-szt-biale-35-h,https://www.carrefour.pl/images/product/org/bolsius-podgrzewacze-50-szt-biale-35-h-3ohlt4.jpg,Carrefour Poland: #8 in 'Wyposażenie domu > Przyjęcia i świece > Świece i zapachy' (most popular)
393,47.4,Ranked in 1 chain,KITCHEN TOOLS,Peelers,Specialty peelers,Julienne,Julienne peeler,Paslanmaz Çelik Julyen Soyacak Sebze Meyve Dilimleyici Soyacak Metal,n11,Turkey,134.91,TRY,4.69,56,#12 n11 Turkey (n11 search: soyacak),Turkey,https://www.n11.com/urun/paslanmaz-celik-julyen-soyacak-sebze-meyve-dilimleyici-soyacak-metal-59071492,https://n11scdn.akamaized.net/a1/400_570/06/33/60/15/IMG-4904201700534013660.jpg,"n11 Turkey: #12 in 'n11 search: soyacak' (best-selling) | n11 listing 134.91 TL; n11: 6 ratings (5.0*), category Dilimleyici; 3 further julienne peeler listings; Solingen side+straight peeler 2-pack 56 reviews"
394,47.1,Ranked in 1 chain,"COOK, BAKE & GRILL",Stovetop accessories,Egg & pancake,Egg ring,Egg frying ring / pancake mould,Форма для яичницы и оладий «Ромашка» 10×10 см,Flip.kz,Kazakhstan,408,KZT,1.56,4,#89 Fix Price Russia (Для дома > Для кухни (Kitchen)),"Kazakhstan, Russia",https://www.flip.kz/catalog?prod=3236152,https://s.f.kz/prod/3237/3236152_1000.jpg,"Fix Price Russia: #89 in 'Для дома > Для кухни (Kitchen)' (sorted by units sold) | flip.kz: 4 reviews, '50+ sold' (category Формы для яиц); flip.kz also lists silicone poached-egg mould set and Fissman egg form"
395,46.9,Ranked in 1 chain,FOOD STORAGE & DRINKWARE-TO-GO,Spice & condiment storage,Oil & vinegar,Oil sprayers,Oil spray bottle (mister) for air fryer/salad,Sprey Yağdanlık Sıvı Yağ Spreyi Yağlık - Airfryer Püskürtme Yağdanlık Beyaz 300ml,n11,Turkey,189,TRY,6.58,18,#130 Fix Price Russia (Для дома > Для кухни (Kitchen)),"Kazakhstan, Russia, Turkey",https://www.n11.com/urun/sprey-yagdanlik-sivi-yag-spreyi-yaglik-airfryer-puskurtme-yagdanlik-beyaz-300ml-beyaz-120629770,https://n11scdn.akamaized.net/a1/400_570/05/93/05/19/IMG-4482609734159932691.jpg,"Fix Price Russia: #130 in 'Для дома > Для кухни (Kitchen)' (sorted by units sold) | n11: 18 reviews, 4.5/5 (price 189 TL from listing 'yağdanlık'); Porsima Alk-3154 spray 9 reviews; Fix Price RU 'Бутылка-спрей для масла, O'Kitchen' 100/200/300 ml (79-149 RUB in page titles); Kaspi KZ 'Бутылка для масла с распылителем и дозатором'"
396,46.8,Ranked in 1 chain,HOUSEHOLD CLEANING,Mops & Floor Cleaning,Mop refills,Spin mop heads,Spin mop replacement head (microfibre),Końcówka do mopa Vileda Easy Wring & Clean,Action,Poland,21.95,PLN,9.7,31,#9 n11 Turkey (n11 search: mop),"Poland, Turkey",https://www.action.com/pl-pl/p/3200385/koncowka-do-mopa-vileda-easy-wring-clean/,https://asset.action.com/image/upload/t_digital_product_image/w_1080/27711442.webp,n11 Turkey: #9 in 'n11 search: mop' (best-selling) | Action PL 21.95 zł; Action also sells Wkład do mopa Vileda Wring&Go; n11 TR: 'Spin Mop 360 Döner ... Başlık Yedek' 31 reviews; n11 TR: several 2-pack microfibre spin-head refills
397,46.8,Ranked in 1 chain,DECOR & ORGANISATION,Decorative Accessories,Wall Decor,Posters,"Decorative posters A4, set","Набор постеров А4, 2 шт., в ассортименте",Fix Price,Russia,35.0,RUB,0.7,0,"#8 Fix Price Russia (Сувениры и подарки > Фоторамки, фотоальбомы, постеры (frames, wall decor))",Russia,https://fix-price.com/catalog/suveniry-i-podarki/p-5213021-nabor-posterov-a4-2-sht-v-assortimente,https://img.fix-price.com/insecure/rs:fit:800:800/plain/pim/images/82f9e25047e4e587019620a5c3b27e8f_42.jpg,"Fix Price Russia: #8 in 'Сувениры и подарки > Фоторамки, фотоальбомы, постеры (frames, wall decor)' (sorted by units sold)"
398,46.8,Ranked in 1 chain,DECOR & ORGANISATION,Decorative Accessories,Clocks,Table Clocks,Decorative table clock (novelty / analogue),"Часы ""Мотоцикл"", Men's Direction, 19,5х6х10 см, в ассортименте",Fix Price,Russia,174.5,RUB,3.5,0,#5 Fix Price Russia (Сувениры и подарки > Фигурки и статуэтки (figurines)),Russia,https://fix-price.com/catalog/suveniry-i-podarki/p-5244688-chasy-mototsikl-ens-irection-195h6h10-sm-v-assortimente,https://img.fix-price.com/insecure/rs:fit:800:800/plain/bit/_marketplace/images/origin/59/59419001968e6b6dd5205f3487d2eeec.jpg,Fix Price Russia: #5 in 'Сувениры и подарки > Фигурки и статуэтки (figurines)' (sorted by units sold)
399,46.8,Ranked in 1 chain,DECOR & ORGANISATION,Decorative Accessories,Trays & Bowls,Decorative stands,Decorative tabletop stand (cart / tiered display),"Декоративная подставка ""Цветы"", в ассортименте",Fix Price,Russia,249.0,RUB,5.0,0,#4 Fix Price Russia (Сувениры и подарки > Фигурки и статуэтки (figurines)),Russia,https://fix-price.com/catalog/suveniry-i-podarki/p-5246092-dekorativnaya-podstavka-tsvety-v-assortimente,https://img.fix-price.com/insecure/rs:fit:800:800/plain/bit/_marketplace/images/origin/a0/a03b01464818518eaee0592d73b18042.JPG,Fix Price Russia: #4 in 'Сувениры и подарки > Фигурки и статуэтки (figurines)' (sorted by units sold)
400,46.7,Ranked in 1 chain,KITCHEN TOOLS,Cutting & slicing tools,Kitchen knives,Chef's knives,Budget chef's knife,Nóż Redstone,Action,Poland,7.95,PLN,3.51,0,#68 Carrefour Poland (Wyposażenie domu > Kuchnia i jadalnia > Akcesoria kuchenne),"Poland, Russia",https://www.action.com/pl-pl/p/2574208/noz-redstone/,https://asset.action.com/image/upload/t_digital_product_image/w_1920/2574208_8718964279876-110_01_hlwm7e.webp,"Carrefour Poland: #68 in 'Wyposażenie domu > Kuchnia i jadalnia > Akcesoria kuchenne' (most popular) | Action PL 7.95 zl; Action also 2-pc Redstone knife set 8.95 zl; Fix Price: 'Нож поварской, O'Kitchen, 25,5 см' (5021441) and 'Нож кухонный, O'Kitchen, 19,5 см' on kitchen popularity page 17"
401,46.7,Ranked in 1 chain,HOUSEHOLD CLEANING,Brooms & Dustpans,Brooms,Indoor brooms,Indoor broom with long handle,"Щётка для пола, 120 см, в ассортименте",Fix Price,Kazakhstan,999,KZT,3.81,0,#4 Carrefour Poland (Wyposażenie domu > Domowe porządki > Zamiatanie),"Kazakhstan, Poland",https://fix-price.kz/ru/catalog/dlya-doma/p-5044098-schtka-dlya-pola-120-sm-v-assortimente,https://img.fix-price.kz/insecure/rs:fit:800:800/plain/bit/_marketplace/images/origin/5b/5b7aafd319846cf9abda6ad8339e1b8a.jpg,Carrefour Poland: #4 in 'Wyposażenie domu > Domowe porządki > Zamiatanie' (most popular) | Fix Price KZ 999 KZT; Action PL: Nylonowa miotła; Action PL: Miotła; Action PL: replacement broom head (Końcówka miotły)
402,46.7,Ranked in 1 chain,DECOR & ORGANISATION,Storage & Organisation,Hooks & Hanging,Over-door Hooks,Over-door hook rack (no drilling),Wieszak na drzwi,Action,Poland,8.95,PLN,3.96,0,#41 Fix Price Russia (Для дома > Хозяйственные мелочи (household sundries)),"Poland, Russia",https://www.action.com/pl-pl/p/2546440/wieszak-na-drzwi/,https://asset.action.com/image/upload/t_digital_product_image/w_1920/2546440_8718964170555-111_01_vmywlb.webp,"Fix Price Russia: #41 in 'Для дома > Хозяйственные мелочи (household sundries)' (sorted by units sold) | Action PL 8.95 zl (second SKU 12.95 zl) in 'Przechowywanie i organizacja'; Fix Price RU 'Вешалка на дверь' 79 RUB per page title, plus 'Крючок на дверь, Home Time' 14 cm and 28 cm SKUs"
403,46.6,Ranked in 1 chain,HOME TEXTILES,Living & decor textiles,Seat textiles,Chair pads,Chair seat pad with ties,Altınpamuk Neva Pofidik Özel Dikişli Bağcıklı Arkalıklı Sandalye Minderi 44x94 CM Bej,n11,Turkey,419.9,TRY,14.61,23,#26 Fix Price Kazakhstan (Для дома > Текстиль (Textiles)),"Kazakhstan, Russia, Turkey",https://www.n11.com/urun/altinpamuk-neva-pofidik-ozel-dikisli-bagcikli-arkalikli-sandalye-minderi-44x94-cm-bej-47062737,https://n11scdn.akamaized.net/a1/400_570/04/65/06/84/IMG-8193684894165052938.jpg,"Fix Price Kazakhstan: #26 in 'Для дома > Текстиль (Textiles)' (popular first) | n11: 23 ratings / 18 reviews, 419.90 TL (seat + back, ties); n11 'Altınpamuk 4'lü ... Sandalye Minderi 40x40' 6 reviews; Fix Price RU has 8 'Сидушка' SKUs (34x34 to 40x40, incl. 'Сидушка на стул, 40х40 см'), also listed by Fix Price KZ"
404,46.5,"Sold, not ranked",KITCHEN TOOLS,Food preparation gadgets,Whisks & frothers,Battery handheld,Handheld milk frother / mini electric whisk,Spieniacz do mleka DAY,Action,Poland,4.79,PLN,2.12,28,,"Kazakhstan, Poland, Russia, Turkey",https://www.action.com/pl-pl/p/3011080/spieniacz-do-mleka-day/,https://asset.action.com/image/upload/t_digital_product_image/w_1920/3011080_5701390673656-110_01_vojl5g.webp,"Action PL 4.79 zl (21 cm); n11: battery cappuccino frother/whisk 28 reviews (199 TL), Kiwi cordless frother 22 reviews, Tchibo frother 20; Fix Price: O'Kitchen electric whisk with 2 attachments on kitchen popularity page 19 (299 RUB per search title); Kaspi: frother 50095Q listing"
405,46.3,Ranked in 1 chain,HOME ESSENTIALS & DIY,Electrical & Power,Lighting,LED bulbs,Motion-sensor LED bulb (E27),Noas 12W E27 Duylu Sensörlü Led Ampül Beyaz Işık YL95-1201-S,n11,Turkey,138.0,TRY,4.8,32,#17 n11 Turkey (n11 search: led ampul),Turkey,https://www.n11.com/urun/noas-12w-e27-duylu-sensorlu-led-ampul-beyaz-isik-yl95-1201-s-33529179,https://n11scdn.akamaized.net/a1/400_570/07/68/72/54/IMG-6180694886125888551.jpg,n11 Turkey: #17 in 'n11 search: led ampul' (best-selling)
406,46.3,Ranked in 1 chain,"TEA, COFFEE & TABLE",Bar & Party Glassware,Wine Glasses,Wine Glass Packs,"Wine glasses, 3-pack",Kieliszki do wina Royal Leerdam Alba,Action,Poland,12.95,PLN,5.72,0,#50 Carrefour Poland (Wyposażenie domu > Kuchnia i jadalnia (all)),"Kazakhstan, Poland",https://www.action.com/pl-pl/p/3220655/kieliszki-do-wina-royal-leerdam-alba/,https://asset.action.com/image/upload/t_digital_product_image/w_1080/3220655_8720841012223-110_01_cwlo9e.webp,"Carrefour Poland: #50 in 'Wyposażenie domu > Kuchnia i jadalnia (all)' (most popular) | Action PL 12.95 zl / 3 pcs (4.32 zl each, 380 ml); Action carries 3 Royal Leerdam wine-glass SKUs (Alba, Noble x2); Kaspi: 'Набор бокалов 560 мл, стекло, 6 шт' and 'Набор бокалов Posudas 215 мл, 6 шт'"
407,45.7,Ranked in 1 chain,"COOK, BAKE & GRILL",Bakeware,Pastry tools,Pastry wheel,Pastry / dough cutting wheel,Ahşap Saplı Hamur ve Pizza Kesme Ruleti Ahşap,n11,Turkey,149.9,TRY,5.22,25,#167 Carrefour Poland (Wyposażenie domu > Kuchnia i jadalnia > Akcesoria kuchenne),"Poland, Turkey",https://www.n11.com/urun/ahsap-sapli-hamur-ve-pizza-kesme-ruleti-4525518,https://n11scdn.akamaized.net/a1/400_570/01/00/40/16/IMG-666656359219365765.jpg,"Carrefour Poland: #167 in 'Wyposażenie domu > Kuchnia i jadalnia > Akcesoria kuchenne' (most popular) | n11: 25 ratings, 4.5 stars, sold by multiple vendors (149.90-249 TL); n11 2-pack wooden-handle cutter wheel 2 ratings; double-head fluted/straight wheels also listed"
408,45.7,Ranked in 1 chain,FOOD STORAGE & DRINKWARE-TO-GO,Drinkware to go,Water bottles,Steel bottles,Stainless steel water bottle with straw lid,Butelka na napoje ze stali nierdzewnej ze słomką,Action,Poland,16.98,PLN,7.51,17,#3 n11 Turkey (n11 search: termos),"Poland, Turkey",https://www.action.com/pl-pl/p/3208965/butelka-na-napoje-ze-stali-nierdzewnej-ze-slomka/,https://asset.action.com/image/upload/t_digital_product_image/w_1920/3208965_5714988123082-110_01_llm0su.webp,n11 Turkey: #3 in 'n11 search: termos' (best-selling) | Action PL 16.98 zl (500 ml); Action also 'Kubek ze stali nierdzewnej ze słomką' 550 ml 17.95 zl; n11 TR 'Paslanmaz 304 Çelik Matara Pipetli' 750 ml 444.99 TL
409,45.7,Ranked in 1 chain,HOUSEHOLD CLEANING,Mops & Floor Cleaning,Mop refills,String mop heads,Cotton string mop head,Mop bawełniany Spargo,Action,Poland,3.99,PLN,1.76,0,#29 Carrefour Poland (Wyposażenie domu > Domowe porządki > Mopy i szczotki),Poland,https://www.action.com/pl-pl/p/3219076/mop-bawelniany-spargo/,https://asset.action.com/image/upload/t_digital_product_image/w_1080/3219076_8715342053721-110_01_rmcisg.webp,"Carrefour Poland: #29 in 'Wyposażenie domu > Domowe porządki > Mopy i szczotki' (most popular) | Action PL 3.99 zł (23 cm cotton mop, made to fit Spargo wringer bucket)"
410,45.7,Ranked in 1 chain,HOME ESSENTIALS & DIY,Painting & Decorating,Painting accessories,Drop sheets,Painter's protective plastic drop sheet (4x5 m),FOLIA BUDOWLANA GRUBA 4x5m,Carrefour,Poland,6.15,PLN,2.72,0,#40 Carrefour Poland (Dom i ogród > Remont i warsztat (all)),Poland,https://www.carrefour.pl/zakupy-niecodzienne/dom-i-ogrod/remont-i-warsztat/akcesoria-malarskie/folia-budowlana-gruba-4x5m,https://www.carrefour.pl/images/product/350x350/folia-budowlana-gruba-4x5m-W6HEAM.jpg,Carrefour Poland: #40 in 'Dom i ogród > Remont i warsztat (all)' (most popular)
411,45.7,Ranked in 1 chain,"TEA, COFFEE & TABLE",Serving,Cake & Sweets,Cake Domes,Mini serving plate with glass cloche,Taca z kloszem,Action,Poland,8.95,PLN,3.96,0,#59 Carrefour Poland (Wyposażenie domu > Kuchnia i jadalnia > Zastawa stołowa),Poland,https://www.action.com/pl-pl/p/3215990/taca-z-kloszem/,https://asset.action.com/image/upload/t_digital_product_image/w_1920/3215990_8718964240135-110_01_uf58k6.webp,"Carrefour Poland: #59 in 'Wyposażenie domu > Kuchnia i jadalnia > Zastawa stołowa' (most popular) | Action PL 8.95 zl (Ø13.5 x 10 cm, several colours) as shown on Zastawa listing p.5; Action also 'Szklany talerzyk z pokrywka' Ø12.5 cm 4.49 zl"
412,45.7,Ranked in 1 chain,"TEA, COFFEE & TABLE",Cutlery,Chopsticks,Reusable chopsticks,"Reusable chopsticks, pair",Pałeczki FACKELMANN Asia 2 szt. 30104,Carrefour,Poland,9.25,PLN,4.09,0,#59 Carrefour Poland (Wyposażenie domu > Kuchnia i jadalnia > Akcesoria kuchenne),Poland,https://www.carrefour.pl/zakupy-niecodzienne/dom-i-ogrod/wyposazenie-domu/kuchnia-i-jadalnia/akcesoria-kuchenne-ul/paleczki-fackelmann-asia-2-szt-30104,https://www.carrefour.pl/images/product/350x350/paleczki-fackelmann-asia-2-szt-30104-6cdkok.jpg,Carrefour Poland: #59 in 'Wyposażenie domu > Kuchnia i jadalnia > Akcesoria kuchenne' (most popular)
413,45.7,Ranked in 1 chain,KITCHEN TOOLS,Cutting & slicing tools,Kitchen knives,Paring / vegetable knives,"Paring / vegetable knife, single (7-10 cm)",Nóż do Jarzyn Florina Wood Prosty 7 cm,Carrefour,Poland,11.29,PLN,4.99,0,#31 Carrefour Poland (Wyposażenie domu > Kuchnia i jadalnia > Akcesoria kuchenne),Poland,https://www.carrefour.pl/zakupy-niecodzienne/dom-i-ogrod/wyposazenie-domu/kuchnia-i-jadalnia/akcesoria-kuchenne-ul/noz-do-jarzyn-florina-wood-prosty-7-cm,https://www.carrefour.pl/images/product/org/noz-do-jarzyn-florina-wood-prosty-7-cm-6ioal2.jpg,Carrefour Poland: #31 in 'Wyposażenie domu > Kuchnia i jadalnia > Akcesoria kuchenne' (most popular)
414,45.6,Ranked in 1 chain,KITCHEN TOOLS,Food preparation gadgets,Choppers & dicers,Manual pull-cord,Pull-cord manual food chopper,Yakut 3 Bıçaklı İpli Çekmeli Sebze Doğrayıcı,n11,Turkey,299.95,TRY,10.44,57,#25 n11 Turkey (n11 search: rende),"Kazakhstan, Poland, Turkey",https://www.n11.com/urun/yakut-3-bicakli-ipli-cekmeli-sebze-dograyici-1164753,https://n11scdn.akamaized.net/a1/400_570/01/86/43/57/IMG-8346830306379255889.jpg,"n11 Turkey: #25 in 'n11 search: rende' (best-selling) | n11 listing 299.95 TL; n11: 57 ratings (4.5*), 28 written reviews; Kaspi: manual 'Овощерезка - слайсер ручная' and NiTech vegetable cutter listings; Action PL sells MasterChef mini chopper (cordless) 24.95 zl in kitchen accessories"
415,45.6,Ranked in 1 chain,"TEA, COFFEE & TABLE",Drinkware,Glasses,Tumblers - packs,"Glass tumblers, 6-pack","Набор стаканов 400 мл, стекло, жаропрочное стекло, 6 шт",Kaspi,Kazakhstan,2800,KZT,10.68,56,#1 n11 Turkey (n11 search: kupa),"Kazakhstan, Poland, Turkey",https://kaspi.kz/shop/p/nabor-stakanov-6-shtuk-300442141-steklo-zharoprochnoe-steklo-117718305/,https://resources.cdn-kaspi.kz/img/m/p/h62/h40/85754807189534.jpg?format=gallery-large,"n11 Turkey: #1 in 'n11 search: kupa' (best-selling) | Kaspi 2,800 KZT for 6 (category Бокалы и стаканы); Action PL: 'Szklanki do napojow' 4 pcs, 'Szklanki na wode Nuance' 3 pcs 3.98 zl each; Kaspi also 'Набор бокалов Posudas 215 мл, 6 шт'"
416,45.6,Ranked in 1 chain,FOOD STORAGE & DRINKWARE-TO-GO,Drinkware to go,Water bottles,Plastic bottles,Motivational water bottle with time markings,Porsima 11918 3lü Motivasyon Stickerlı Kokusuz Matara Suluk Fuşya,n11,Turkey,286,TRY,9.95,16,#5 n11 Turkey (n11 search: matara),"Russia, Turkey",https://www.n11.com/urun/porsima-11918-3lu-motivasyon-stickerli-kokusuz-matara-suluk-fusya-44346637,https://n11scdn.akamaized.net/a1/400_570/02/10/28/40/IMG-1669018967579753927.jpg,"n11 Turkey: #5 in 'n11 search: matara' (best-selling) | n11: 16 reviews, 4.5/5 (price 286 TL from n11 listing 'motivasyon matarası'); Selka Home Briella 1.5 l 8 reviews; Herevin 750cc 7 reviews; Thentech 2 l; Fix Price RU 'Бутылка для воды, O'Kitchen, 1 л' (229 RUB in page title)"
417,45.5,Ranked in 1 chain,"TEA, COFFEE & TABLE",Tea & Coffee Serving,Tea Glassware,Turkish Tea Glasses,"Turkish tulip tea glasses (ince belli), 6-pack",Szklanki do herbaty Pasabahce Aida,Action,Poland,12.95,PLN,5.72,15,#1 n11 Turkey (n11 search: çay bardağı),"Poland, Turkey",https://www.action.com/pl-pl/p/2539609/szklanki-do-herbaty-pasabahce-aida/,https://asset.action.com/image/upload/t_digital_product_image/w_1080/2539609_3560231180034-110_01_cdnmn4.webp,"n11 Turkey: #1 in 'n11 search: çay bardağı' (best-selling) | Action PL 12.95 zl / 6 pcs (2.16 zl each, 200 ml); n11 TR: Pasabahce 42381 ince belli 6-pack 299 TL, 5 reviews; Pasabahce 42771 6-pack 287.10 TL, 4 reviews; Trendyol has dedicated '6'li cay bardagi' listing page"
418,45.4,Ranked in 1 chain,FOOD STORAGE & DRINKWARE-TO-GO,Drinkware to go,Sports bottles,Shakers,Protein shaker bottle with mixing whisk,Шейкер 208193998 400 мл серый,Kaspi,Kazakhstan,5990,KZT,22.85,632,#84 Carrefour Poland (Wyposażenie domu > Kuchnia i jadalnia > Przechowywanie żywności),"Kazakhstan, Poland, Turkey",https://kaspi.kz/shop/p/sheiker-208193998-400-ml-seryi-118484624/,https://resources.cdn-kaspi.kz/img/m/p/hb7/hac/85764843012126.png?format=gallery-large,"Carrefour Poland: #84 in 'Wyposażenie domu > Kuchnia i jadalnia > Przechowywanie żywności' (most popular) | Kaspi: dedicated category Спортивное питание > Шейкеры и бутылки для спортсменов, multiple brands (Мастер К, DO4ALAB, GM Sport); n11 TR 'Neon Shaker 500 ML' plus shakers bundled with protein powders (bundle SKU 632 reviews)"
419,45.3,Ranked in 1 chain,"TEA, COFFEE & TABLE",Bar & Party Glassware,Tall Glasses,Highball Glass Packs,"Tall highball glasses, 6-pack",Wysokie szklanki do drinków,Action,Poland,12.95,PLN,5.72,1,#16 n11 Turkey (n11 search: su bardağı),"Kazakhstan, Poland, Turkey",https://www.action.com/pl-pl/p/3208419/wysokie-szklanki-do-drinkow/,https://asset.action.com/image/upload/t_digital_product_image/w_1080/29028779.webp,"n11 Turkey: #16 in 'n11 search: su bardağı' (best-selling) | Action PL 12.95 zl / 6 pcs (2.16 zl each, 295 ml); Action also 'Wysokie szklanki do drinkow Royal Leerdam' 3 pcs and 'Szklanki do koktajli Royal Leerdam Fiora' 2 pcs; Kaspi 6-glass sets in Бокалы и стаканы"
420,45.2,Ranked in 1 chain,"LAUNDRY, BATH & WARDROBE",Bath,Bath accessories,Soap & dental,Wall-mounted liquid soap / shampoo dispenser (manual),"Duvara Monte Siyah Sıvı Sabunluk F032s, Mutfak Banyo Duş Şampuan Dezenfektan Sabun Dispanseri 500 Ml Siyah",n11,Turkey,139.15,TRY,4.84,18,#12 n11 Turkey (n11 search: sabunluk),Turkey,https://www.n11.com/urun/duvara-monte-siyah-sivi-sabunluk-f032s-mutfak-banyo-dus-sampuan-dezenfektan-sabun-dispanseri-500-ml-siyah-95685366,https://n11scdn.akamaized.net/a1/400_570/13/09/25/98/IMG-4586338239821088754.jpg,n11 Turkey: #12 in 'n11 search: sabunluk' (best-selling)
421,45.2,Ranked in 1 chain,HOME ESSENTIALS & DIY,Electrical & Power,Batteries,Button cells,"Lithium coin cells CR2025 / CR2016, 2-pack",BATERIA SPECJALISTYCZNA CR2025 2SZT,Carrefour,Poland,11.39,PLN,5.03,0,#20 Carrefour Poland (Elektronika > Telewizory i RTV > Akcesoria > Baterie),Poland,https://www.carrefour.pl/zakupy-niecodzienne/elektronika/telewizory-i-rtv-59/akcesoria-pi/baterie-lm/bateria-specjalistyczna-cr2025-2szt,https://www.carrefour.pl/images/product/350x350/bateria-specjalistyczna-cr2025-2szt-86kXVT.jpg,Carrefour Poland: #20 in 'Elektronika > Telewizory i RTV > Akcesoria > Baterie' (most popular)
422,45.2,Ranked in 1 chain,KITCHEN TOOLS,Food preparation gadgets,Egg tools,Egg slicers,Egg slicer (wire),Krajalnica do jajek FACKELMANN 41901,Carrefour,Poland,13.39,PLN,5.92,0,#19 Carrefour Poland (Wyposażenie domu > Kuchnia i jadalnia > Akcesoria kuchenne),Poland,https://www.carrefour.pl/zakupy-niecodzienne/dom-i-ogrod/wyposazenie-domu/kuchnia-i-jadalnia/akcesoria-kuchenne-ul/krajalnica-do-jajek-fackelmann-krajarka-do-jajek-bialosrebrny-41901,https://www.carrefour.pl/images/product/350x350/krajalnica-do-jajek-fackelmann-krajarka-do-jajek-bialosrebrny-41901-l3ieq1.jpg,Carrefour Poland: #19 in 'Wyposażenie domu > Kuchnia i jadalnia > Akcesoria kuchenne' (most popular)
423,45.2,Ranked in 1 chain,HOME ESSENTIALS & DIY,Electrical & Power,Batteries,Household batteries,"Alkaline C (LR14) batteries, 2-pack",Duracell C LR14/MN1400 1.5 V Baterie alkaliczne 2 sztuki,Carrefour,Poland,21.59,PLN,9.54,0,#14 Carrefour Poland (Elektronika > Telewizory i RTV > Akcesoria > Baterie),Poland,https://www.carrefour.pl/zakupy-niecodzienne/elektronika/telewizory-i-rtv-59/akcesoria-pi/baterie-lm/duracell-c-lr14-mn1400-1-5-v-baterie-alkaliczne-2-sztuki,https://www.carrefour.pl/images/product/org/duracell-c-lr14-mn1400-1-5-v-baterie-alkaliczne-2-sztuki-pXV4vm.jpg,Carrefour Poland: #14 in 'Elektronika > Telewizory i RTV > Akcesoria > Baterie' (most popular)
424,45.2,Ranked in 1 chain,HOME ESSENTIALS & DIY,Electrical & Power,Batteries,Household batteries,9V (6LR61) alkaline battery,Duracell 6LR61/MN1604 9 V Bateria alkaliczna,Carrefour,Poland,21.59,PLN,9.54,0,#16 Carrefour Poland (Elektronika > Telewizory i RTV > Akcesoria > Baterie),Poland,https://www.carrefour.pl/zakupy-niecodzienne/elektronika/telewizory-i-rtv-59/akcesoria-pi/baterie-lm/duracell-6lr61-mn1604-9-v-bateria-alkaliczna,https://www.carrefour.pl/images/product/350x350/duracell-6lr61-mn1604-9-v-bateria-alkaliczna-bEVt2n.jpg,Carrefour Poland: #16 in 'Elektronika > Telewizory i RTV > Akcesoria > Baterie' (most popular)
425,45.2,Ranked in 1 chain,"LAUNDRY, BATH & WARDROBE",Laundry,Laundry storage,Detergent containers,Laundry powder storage container with lid (10 L),Pojemnik na proszek do prania BRANQ Pojemnik na proszek lun karmę 10 l Śliwkowo-przezroczysty 1311,Carrefour,Poland,22.59,PLN,9.98,0,#22 Carrefour Poland (Wyposażenie domu > Łazienka (all)),Poland,https://www.carrefour.pl/zakupy-niecodzienne/dom-i-ogrod/wyposazenie-domu/lazienka-b7/wieszaki-i-pojemniki-na-ubrania/pojemnik-na-proszek-do-prania-branq-pojemnik-na-proszek-lun-karme-10-l-sliwkowoprzezroczysty-1311,https://www.carrefour.pl/images/product/350x350/pojemnik-na-proszek-do-prania-branq-pojemnik-na-proszek-lun-karme-10-l-sliwkowoprzezroczysty-1311-lc6n80.jpg,Carrefour Poland: #22 in 'Wyposażenie domu > Łazienka (all)' (most popular)
426,44.8,Ranked in 1 chain,FOOD STORAGE & DRINKWARE-TO-GO,Canning & preserving,Canning lids,Metal lids,"Twist-off metal canning lids 82 mm, multipack","Набор крышек для консервирования Елабужские крышки 8 см, металл, 50 шт",Kaspi,Kazakhstan,2898,KZT,11.06,38,#24 Fix Price Kazakhstan (Декор для дома > Товары для пикника (Picnic)),"Kazakhstan, Russia, Turkey",https://kaspi.kz/shop/p/elabuzhskie-kryshki-nabor-kryshek-iii-82-6p-rts-8-sm-metall-105307556/,https://resources.cdn-kaspi.kz/img/m/p/p95/pb0/161922848.jpg?format=gallery-large,"Fix Price Kazakhstan: #24 in 'Декор для дома > Товары для пикника (Picnic)' (popular first) | Kaspi: category Консервирование > Крышки для консервирования; n11 TR 'Konserve Kavanoz Kapağı 82mm 600'lü Set' 38 reviews; Fix Price RU 'Винтовые металлические крышки ТО-82, 20 шт.' and 'Крышка для консервирования СКО 1-82' (6.10 RUB in page title)"
427,44.4,Ranked in 1 chain,"LAUNDRY, BATH & WARDROBE",Bath,Shower,Shower storage,Adhesive metal bathroom shelf set (shelf + soap dish + holders),Eva Metal Tasarim Yapışkanlı Banyo Seti Duş Rafı + Sabunluk + Diş Fırçalık Metal Set Siyah,n11,Turkey,239.9,TRY,8.35,89,#3 n11 Turkey (n11 search: sabunluk),Turkey,https://www.n11.com/urun/eva-metal-tasarim-yapiskanli-banyo-seti-dus-rafi-sabunluk-dis-fircalik-metal-set-siyah-62975655,https://n11scdn.akamaized.net/a1/400_570/11/72/73/59/IMG-7454009556243920345.jpg,n11 Turkey: #3 in 'n11 search: sabunluk' (best-selling)
428,44.4,"Sold, not ranked",HOME ESSENTIALS & DIY,Fixing & Hanging,Adhesives & Tapes,Tapes,Reusable nano gel double-sided tape,Dwustronna taśma nano,Action,Poland,6.49,PLN,2.87,345,,"Poland, Turkey",https://www.action.com/pl-pl/p/3221236/dwustronna-tasma-nano/,https://asset.action.com/image/upload/t_digital_product_image/w_1920/3221236_8715342054483-111_01_om6ilp.webp,"Action PL 6.49 zl, plus second 'Tasma Nano' SKU in 'Tasmy naprawcze'; n11: Kustar nano transparent double-sided tape 3 m 345 reviews"
429,44.3,Ranked in 2 chains,"COOK, BAKE & GRILL",Cookware,Frying pans,Wok,Non-stick wok pan (28-30 cm),Patelnia Wok Tefal Start&Easy 28Cm,Carrefour,Poland,109.0,PLN,48.18,21,#14 n11 Turkey (n11 search: tava); #31 Carrefour Poland (Wyposażenie domu > Kuchnia i jadalnia > Patelnie),"Poland, Turkey",https://www.carrefour.pl/zakupy-niecodzienne/dom-i-ogrod/wyposazenie-domu/kuchnia-i-jadalnia/patelnie-5t/patelnia-wok-tefal-starteasy-28cm,https://www.carrefour.pl/images/product/org/patelnia-wok-tefal-starteasy-28cm-uB8f3a.jpg,n11 Turkey: #14 in 'n11 search: tava' (best-selling); Carrefour Poland: #31 in 'Wyposażenie domu > Kuchnia i jadalnia > Patelnie' (most popular)
430,44.2,Ranked in 1 chain,"COOK, BAKE & GRILL",Stovetop accessories,Lids,Universal lid,Universal glass pot/pan lid with vent,Pomi d'Oro Крышка стеклянная универсальная 26 см,Flip.kz,Kazakhstan,1631,KZT,6.22,1,#1 Carrefour Poland (Wyposażenie domu > Kuchnia i jadalnia > Pokrywki i osłony),"Kazakhstan, Poland",https://www.flip.kz/catalog?prod=5166455,https://s.f.kz/prod/5167/5166455_1000.jpg,"Carrefour Poland: #1 in 'Wyposażenie domu > Kuchnia i jadalnia > Pokrywki i osłony' (most popular) | flip.kz: 5.0 stars, 1 review; flip.kz carries several sizes of spare glass lids (from 1,622 KZT) in category 'Крышки для кастрюль и сковород'"
431,44.1,Ranked in 1 chain,KITCHEN TOOLS,Organisers for tools,Paper towel holders,Paper towel holders,Kitchen paper towel holder (adhesive / countertop),Eva Metal Tasarim Yapışkanlı Raflı Kağıt Rulo Havluluk Peçetelik Havlu Kağıltlık Siyah Banyo Mutfak Düzenleyici Raf,n11,Turkey,149.9,TRY,5.22,74,#1 n11 Turkey (n11 search: mutfak havlusu),Turkey,https://www.n11.com/urun/eva-metal-tasarim-yapiskanli-rafli-kagit-rulo-havluluk-pecetelik-havlu-kagiltlik-siyah-banyo-mutfak-duzenleyici-raf-62983766,https://n11scdn.akamaized.net/a1/400_570/01/57/18/51/IMG-6547635637648290256.jpg,n11 Turkey: #1 in 'n11 search: mutfak havlusu' (best-selling)
432,44.0,Ranked in 1 chain,HOME ESSENTIALS & DIY,Fixing & Hanging,Adhesives & Tapes,Adhesive pads,Replacement adhesive pads for no-drill shelves / hooks,Tekno-Tel ST001 Yedek Yapışkan Sticker 2'li Gümüş,n11,Turkey,196.9,TRY,6.85,72,#4 n11 Turkey (n11 search: yapışkan askı),Turkey,https://www.n11.com/urun/tekno-tel-st001-yedek-yapiskan-sticker-2li-5338130,https://n11scdn.akamaized.net/a1/400_570/11/81/91/73/IMG-787591347795639487.png,n11 Turkey: #4 in 'n11 search: yapışkan askı' (best-selling)
433,44.0,Ranked in 1 chain,KITCHEN TOOLS,Measuring tools,Measuring spoons & cups,Sets,Measuring spoons set,"Мерный стакан с 5 мерными ложками, O'Kitchen, в ассортименте",Fix Price,Russia,79,RUB,1.59,0,#118 Fix Price Russia (Для дома > Для кухни (Kitchen)),"Russia, Turkey",https://fix-price.com/catalog/dlya-doma/p-5023659-mernyy-stakan-s-5-mernymi-lojkami-itchen-v-assortimente,https://img.fix-price.com/insecure/rs:fit:800:800/plain/bit/_marketplace/images/origin/b1/b1bb01b0a64491619603b20e41536d5d.jpg,"Fix Price Russia: #118 in 'Для дома > Для кухни (Kitchen)' (sorted by units sold) | Fix Price 79 RUB; Fix Price kitchen category sorted 'popular first' (dlya-kukhni?sort=sold, 78 pages x 24): this SKU on page 5 (top ~120); separate 'Набор мерных ложек, O'Kitchen, 5 шт.' SKU (33 RUB per search title) and 2-pc set; n11: Smart Chef 4-pc measuring spoon set, Valkyrie steel sets"
434,44.0,Ranked in 1 chain,FOOD STORAGE & DRINKWARE-TO-GO,Canning & preserving,Canning lids,Plastic lids,"Polyethylene (capron) jar lids, multipack","Набор крышек для консервирования 8.2 см, полиэтилен, 5 шт",Kaspi,Kazakhstan,471,KZT,1.8,0,#11 Fix Price Kazakhstan (Декор для дома > Товары для пикника (Picnic)),"Kazakhstan, Russia",https://kaspi.kz/shop/p/kryshka-kryshki-polietilenovye-kapronovye-dlja-stekljannyh-banok-dlja-zakryvanija-pischevyh-produktov-8-2-sm-plastik-120391039/,https://resources.cdn-kaspi.kz/img/m/p/hc4/h00/86285888946206.jpg?format=gallery-large,"Fix Price Kazakhstan: #11 in 'Декор для дома > Товары для пикника (Picnic)' (popular first) | Kaspi: category Консервирование > Крышки для консервирования, in stock; Fix Price RU sells canning lids range (СКО 1-82, ТО-82)"
435,44.0,Ranked in 1 chain,"TEA, COFFEE & TABLE",Drinkware,Glasses,Glasses with Straw,Glass tumbler with lid & straw,Szklanka ze słomką,Action,Poland,6.95,PLN,3.07,0,#103 Fix Price Russia (Для дома > Для кухни (Kitchen)),"Poland, Russia",https://www.action.com/pl-pl/p/3220275/szklanka-ze-slomka/,https://asset.action.com/image/upload/t_digital_product_image/w_1920/3220275_8718964257966-111_01_yckmhj.webp,"Fix Price Russia: #103 in 'Для дома > Для кухни (Kitchen)' (sorted by units sold) | Action PL 6.95 zl (530 ml) as shown on 'Szklanki' category listing; Fix Price: 'Стакан с трубочкой, O'Kitchen, 540 мл' and 700 ml version (plastic)"
436,44.0,Ranked in 1 chain,DECOR & ORGANISATION,Storage & Organisation,Desk Organisers,Mini Drawer Units,Mini desktop drawer box,Pojemnik z szufladą 18 x 13 x 5 cm,Action,Poland,7.95,PLN,3.51,0,"#61 Fix Price Russia (Сувениры и подарки > Подставки, шкатулки, светильники (trays, boxes, decorative lights))","Poland, Russia",https://www.action.com/pl-pl/p/3208309/pojemnik-z-szuflada/,https://asset.action.com/image/upload/t_digital_product_image/w_1920/3208309_8718964280193-110_01_i7klck.webp,"Fix Price Russia: #61 in 'Сувениры и подарки > Подставки, шкатулки, светильники (trays, boxes, decorative lights)' (sorted by units sold) | Action PL 7.95 zl; Action also sells 'Organizer z szufladami Werckmann' (29.5x16x19.5 cm); Fix Price RU 'Органайзер для косметики и аксессуаров, Lovely, 2 выдвижных ящика' and '… выдвижной ящик'"
437,44.0,Ranked in 1 chain,FOOD STORAGE & DRINKWARE-TO-GO,Pantry storage,Tea & coffee storage,Tea bag boxes,Tea bag storage box,Pojemnik na torebki herbaty,Action,Poland,7.95,PLN,3.51,0,"#96 Fix Price Russia (Сувениры и подарки > Подставки, шкатулки, светильники (trays, boxes, decorative lights))","Poland, Russia",https://www.action.com/pl-pl/p/3221752/pojemnik-na-torebki-herbaty/,https://asset.action.com/image/upload/t_digital_product_image/w_1920/3221752_8721042580627-111_01_cjy184.webp,"Fix Price Russia: #96 in 'Сувениры и подарки > Подставки, шкатулки, светильники (trays, boxes, decorative lights)' (sorted by units sold) | Action PL 7.95 zl (9.5x8x13.5 cm, several designs); Action 'Skrzyneczka do przechowywania kawy i herbaty' 39.95 zl"
438,44.0,Ranked in 1 chain,"TEA, COFFEE & TABLE",Cutlery,Spoons,Tablespoons,"Table spoons, 3-pack",Łyżki Amefa Alina,Action,Poland,8.95,PLN,3.96,0,#77 Fix Price Russia (Для дома > Для кухни (Kitchen)),"Poland, Russia",https://www.action.com/pl-pl/p/3223031/lyzki-amefa-alina/,https://asset.action.com/image/upload/t_digital_product_image/w_1080/3223031_8711155519621-110_01_cwltch.webp,Fix Price Russia: #77 in 'Для дома > Для кухни (Kitchen)' (sorted by units sold) | Action PL 8.95 zl / 3 pcs (2.98 zl each); same Amefa Alina line sold as knives 2-pack; Action 'Sztucce' category has 30 SKUs incl. 'Lyzeczki' 4 pcs
439,44.0,Ranked in 1 chain,"TEA, COFFEE & TABLE",Serving,Boards & Trays,Serving Trays,Round printed serving tray,Taca z nadrukiem,Action,Poland,9.95,PLN,4.4,0,#65 Fix Price Russia (Для дома > Для кухни (Kitchen)),"Poland, Russia",https://www.action.com/pl-pl/p/3220580/taca-z-nadrukiem/,https://asset.action.com/image/upload/t_digital_product_image/w_1080/3220580_8718964262847-111_01_xppxeu.webp,"Fix Price Russia: #65 in 'Для дома > Для кухни (Kitchen)' (sorted by units sold) | Action PL 9.95 zl (Ø35 cm, floral print); Action Zastawa lists 10+ tray SKUs from 5.95 zl (Owalna taca 20.5 cm) to 29.95 zl (Taca marmuropodobna)"
440,43.9,Ranked in 1 chain,HOME ESSENTIALS & DIY,Home Devices,Pest control (non-chemical),Insect control,Rechargeable electric fly/mosquito swatter racket,Şarjlı Sinek Raketi Sivrisinek Öldürücü Raket,n11,Turkey,450,TRY,15.66,172,"#101 Fix Price Russia (Для дома > Электротовары (electrical: batteries, bulbs, lighting, power, mobile))","Russia, Turkey",https://www.n11.com/urun/sarjli-sinek-raketi-sivrisinek-oldurucu-raket-20158671,https://n11scdn.akamaized.net/a1/400_570/09/77/37/29/IMG-3809257615524580204.jpg,"Fix Price Russia: #101 in 'Для дома > Электротовары (electrical: batteries, bulbs, lighting, power, mobile)' (sorted by units sold) | n11 450 TL, 172 ratings / 98 reviews (category Sineklik); General Home SR-43 racket 55 reviews"
441,43.6,Ranked in 1 chain,"COOK, BAKE & GRILL",Bakeware,Baking liners,Cupcake cases,"Paper cupcake / muffin cases, multipack","200 Adet Muffin Cupcake Kağıdı, Renkli Kağıt Muffin Kek Kalıbı Çok Renkli",n11,Turkey,189,TRY,6.58,5,#96 Fix Price Kazakhstan (Для дома > Для кухни (Kitchen)),"Kazakhstan, Turkey",https://www.n11.com/urun/200-adet-muffin-cupcake-kagidi-renkli-kagit-muffin-kek-kalibi-cok-renkli-120629765,https://n11scdn.akamaized.net/a1/400_570/04/36/69/76/IMG-8169553716345261076.jpg,"Fix Price Kazakhstan: #96 in 'Для дома > Для кухни (Kitchen)' (popular first) | n11: 5 ratings (category Kek Kalıpları); n11 100-pc greaseproof cases 4 ratings, 50-pc kraft cases 4 ratings; flip.kz Wilton 12-pc paper cupcake cases listed (plus paper kulich moulds 4.6 stars)"
442,43.4,Ranked in 1 chain,"COOK, BAKE & GRILL",Grill & BBQ,Grill grates,Grill basket,Hinged wire grill basket with wooden handle,Ahşap Saplı Tel Izgara-Mangal Izgarası-En Büyük Boy 35 Cm x 45 Cm,n11,Turkey,399,TRY,13.89,18,#18 Fix Price Kazakhstan (Декор для дома > Товары для пикника (Picnic)),"Kazakhstan, Russia, Turkey",https://www.n11.com/urun/ahsap-sapli-tel-izgara-mangal-izgarasi-en-buyuk-boy-35-cm-x-45-cm-7335052,https://n11scdn.akamaized.net/a1/400_570/09/22/27/79/IMG-5147442452073248847.jpg,"Fix Price Kazakhstan: #18 in 'Декор для дома > Товары для пикника (Picnic)' (popular first) | n11: 18 ratings, 4.5 stars; n11 Gönen Çelik chrome wire grill 11 ratings; Fix Price RU 'Решетка для барбекю' 25x32 cm steel/wood"
443,43.4,"Sold, not ranked",HOME ESSENTIALS & DIY,Electrical & Power,Mobile & Charging,Charging cables,Lightning (iPhone) charging cable,Kabel do ładowania i przesyłania danych Sologic 8-pinowy,Action,Poland,6.39,PLN,2.82,203,,"Poland, Turkey",https://www.action.com/pl-pl/p/3222930/kabel-do-ladowania-i-przesylania-danych-sologic-8-pinowy/,https://asset.action.com/image/upload/t_digital_product_image/w_1920/3222930_8711332484513-110_01_k98syk.webp,"Action PL 6.39 zl, plus silicone 8-pin version 9.95 zl; n11: Woyax Type-C to Lightning 203 reviews, Juo USB-A to Lightning 31 reviews"
444,43.3,Ranked in 1 chain,"TEA, COFFEE & TABLE",Tea & Coffee Serving,Tea Glassware,Tea Glass Saucers,"Glass tea saucers for tulip glasses, 6-pack",Paşabahçe Elysia Çay Bardağı Ile Uyumlu Çay Tabak Takımı - 6 Parça Çay Tabağı Seti Şeffaf,n11,Turkey,249.99,TRY,8.7,4,#7 n11 Turkey (n11 search: çay bardağı),"Russia, Turkey",https://www.n11.com/urun/pasabahce-elysia-cay-bardagi-ile-uyumlu-cay-tabak-takimi-6-parca-cay-tabagi-seti-seffaf-47261738,https://n11scdn.akamaized.net/a1/400_570/09/83/82/17/IMG-7118887435747772948.jpg,"n11 Turkey: #7 in 'n11 search: çay bardağı' (best-selling) | n11 TR 249.99 TL on search listing, 2 reviews; n11 also Pasabahce Echo 6-pack 323.90 TL, Arsel steel 6-pack 4 reviews; Trendyol: 'Pasabahce Cay Tabagi Cam 6'li', LAV Alya 6'li + dedicated '6'li Cay Tabagi' listing (7+ pages); Fix Price: 'Блюдце чайное ""Золотой Опал"", O'Kitchen, 14 см'"
445,43.0,Ranked in 1 chain,DECOR & ORGANISATION,Decorative Accessories,Photo Frames,Large Frames,"Photo / picture frame, medium-large (13x18 to 30x40 cm)","Рамка для фотографий, картин, дипломов, 40х30 см, в ассортименте",Fix Price,Russia,279.0,RUB,5.6,0,"#1 Fix Price Russia (Сувениры и подарки > Фоторамки, фотоальбомы, постеры (frames, wall decor))",Russia,https://fix-price.com/catalog/suveniry-i-podarki/p-5211150-ramka-dlya-fotografiy-kartin-diplomov-40h30-sm-v-assortimente,https://img.fix-price.com/insecure/rs:fit:800:800/plain/pim/images/_default_upload_bucket/5211150.jpg,"Fix Price Russia: #1 in 'Сувениры и подарки > Фоторамки, фотоальбомы, постеры (frames, wall decor)' (sorted by units sold)"
446,43.0,Ranked in 1 chain,DECOR & ORGANISATION,Decorative Accessories,Vases,Decorative vases,"Decorative vase, small-medium (ceramic / glass / plastic, material not stated)","Ваза ""Энималс"", в ассортименте",Fix Price,Russia,299.0,RUB,6.0,0,"#1 Fix Price Russia (Сувениры и подарки > Вазы, цветы, флористика (vases, artificial flowers))",Russia,https://fix-price.com/catalog/suveniry-i-podarki/p-5246134-vaza-enimals-v-assortimente,https://img.fix-price.com/insecure/rs:fit:800:800/plain/bit/_marketplace/images/origin/3e/3eabec9bc7dc0797143aed520480a480.jpg,"Fix Price Russia: #1 in 'Сувениры и подарки > Вазы, цветы, флористика (vases, artificial flowers)' (sorted by units sold)"
447,43.0,Ranked in 1 chain,DECOR & ORGANISATION,Storage & Organisation,Storage Boxes,Wheeled Storage Boxes,Plastic storage box on wheels (15-30 L),"Ящик на колёсах, 32 л",Fix Price,Kazakhstan,1899.0,KZT,7.24,0,#2 Fix Price Kazakhstan (Для дома > Организация хранения (Storage)),Kazakhstan,https://fix-price.kz/ru/catalog/dlya-doma/p-5069397-yaschik-na-kolsah-32-l,https://img.fix-price.com/insecure/rs:fit:800:800/plain/pim/images/_default_upload_bucket/5069397_1080_anons_bez_kryski_kopia.jpg,Fix Price Kazakhstan: #2 in 'Для дома > Организация хранения (Storage)' (popular first)
448,43.0,Ranked in 1 chain,DECOR & ORGANISATION,Decorative Accessories,Photo Frames,Photo albums,"Photo album, 20 pages","Фотоальбом с самоклеящимися листами, 20 листов, в ассортименте",Fix Price,Russia,399.0,RUB,8.01,0,"#7 Fix Price Russia (Сувениры и подарки > Фоторамки, фотоальбомы, постеры (frames, wall decor))",Russia,https://fix-price.com/catalog/suveniry-i-podarki/p-5215020-fotoalbom-s-samokleyaschimisya-listami-20-listov-v-assortimente,https://img.fix-price.com/insecure/rs:fit:800:800/plain/bit/_marketplace/images/origin/2f/2fb22e0ec9df10758b2c2361db298dcf.jpg,"Fix Price Russia: #7 in 'Сувениры и подарки > Фоторамки, фотоальбомы, постеры (frames, wall decor)' (sorted by units sold)"
449,43.0,Ranked in 1 chain,DECOR & ORGANISATION,Storage & Organisation,Storage Boxes,Plastic Storage Boxes,"Plastic storage box / crate, medium (11-20 L)","Ящик хозяйственный с крышкой, Fimako, 18 л",Fix Price,Kazakhstan,2199.0,KZT,8.39,0,#5 Fix Price Kazakhstan (Для дома > Организация хранения (Storage)),Kazakhstan,https://fix-price.kz/ru/catalog/dlya-doma/p-5069657-yaschik-hozyaystvennyy-s-kryshkoy-imako-18-l,https://img.fix-price.com/insecure/rs:fit:800:800/plain/pim/images/_default_upload_bucket/baae950aaeff65d890ea807ebce4185b.jpg,Fix Price Kazakhstan: #5 in 'Для дома > Организация хранения (Storage)' (popular first)
450,42.7,Ranked in 2 chains,DECOR & ORGANISATION,Lighting & LED Decor,Decorative Lamps,Desk lamps,LED desk / table lamp,Lampa Biurkowa Led Faber,Carrefour,Poland,45.99,PLN,20.33,0,"#48 Fix Price Russia (Для дома > Электротовары (electrical: batteries, bulbs, lighting, power, mobile)); #70 Carrefour Poland (Wyposażenie domu > Oświetlenie (all))","Poland, Russia",https://www.carrefour.pl/zakupy-niecodzienne/dom-i-ogrod/wyposazenie-domu/oswietlenie-a8/lampki-biurowe/lampa-biurkowa-led-faber,https://www.carrefour.pl/images/product/org/lampa-biurkowa-led-faber-B6Bc8W.jpg,"Fix Price Russia: #48 in 'Для дома > Электротовары (electrical: batteries, bulbs, lighting, power, mobile)' (sorted by units sold); Carrefour Poland: #70 in 'Wyposażenie domu > Oświetlenie (all)' (most popular)"
451,42.6,Ranked in 1 chain,FOOD STORAGE & DRINKWARE-TO-GO,Lunch & on-the-go,Lunch bags,Insulated bags,Insulated lunch bag,Wia Termoslu Beslenme Çantası Siyah,n11,Turkey,295.75,TRY,10.29,86,#4 n11 Turkey (n11 search: matara),"Russia, Turkey",https://www.n11.com/urun/wia-termoslu-beslenme-cantasi-siyah-12361909,https://n11scdn.akamaized.net/a1/400_570/07/86/41/09/IMG-6940889492582149847.jpg,"n11 Turkey: #4 in 'n11 search: matara' (best-selling) | n11: 48 reviews, 4.5/5, 15+ colours (product page; listing showed 244.79 TL); Fix Price RU 'Сумка для ланча, в ассортименте' (category Аксессуары > Сумки)"
452,42.6,"Sold, not ranked","TEA, COFFEE & TABLE",Tea & Coffee Serving,Coffee Cups,Espresso Cups,"Espresso cup, 80 ml, single",Filiżanka do espresso,Action,Poland,3.49,PLN,1.54,133,,"Poland, Turkey",https://www.action.com/pl-pl/p/3208910/filizanka-do-espresso/,https://asset.action.com/image/upload/t_digital_product_image/w_1080/3208910_883314010343-111_01_thbbfu.webp,"Action PL 3.49 zl (80 ml ribbed glass); Action also sells 'Kubek na espresso' 80 ml 3.99 zl; n11 TR: Karaca Lovely Laugh espresso set 133 reviews, Pasabahce Casablanca 4-pack espresso cups 272 TL"
453,42.3,Ranked in 1 chain,"LAUNDRY, BATH & WARDROBE",Bath,Bath accessories,Towel bars,"Towel bar / towel ring (adhesive or over-cabinet, no drilling)",Zabata Yapışkanlı Havluluk Siyah Havlu Askısı Metal Havlu Tutacağı Banyo Mutfak Havluluğu Minimal Tasarım Siyah,n11,Turkey,140.0,TRY,4.87,3,#10 n11 Turkey (n11 search: mutfak havlusu),Turkey,https://www.n11.com/urun/zabata-yapiskanli-havluluk-siyah-havlu-askisi-metal-havlu-tutacagi-banyo-mutfak-havlulugu-minimal-tasarim-siyah-115577313,https://n11scdn.akamaized.net/a1/400_570/01/78/81/17/IMG-7677495204665578286.jpg,n11 Turkey: #10 in 'n11 search: mutfak havlusu' (best-selling)
454,42.3,Ranked in 1 chain,KITCHEN TOOLS,Food preparation gadgets,Crushers & presses,Wooden pestles,Wooden pestle / mixing ball (for makutra bowl),Kula do ucierania FLORENTYNA Kula do ucierania 7K0010,Carrefour,Poland,7.39,PLN,3.27,0,#115 Carrefour Poland (Wyposażenie domu > Kuchnia i jadalnia > Akcesoria kuchenne),Poland,https://www.carrefour.pl/zakupy-niecodzienne/dom-i-ogrod/wyposazenie-domu/kuchnia-i-jadalnia/akcesoria-kuchenne-ul/kula-do-ucierania-florentyna-kula-do-ucierania-7k0010,https://www.carrefour.pl/images/product/350x350/kula-do-ucierania-florentyna-kula-do-ucierania-7k0010-9pstdt.jpg,Carrefour Poland: #115 in 'Wyposażenie domu > Kuchnia i jadalnia > Akcesoria kuchenne' (most popular)
455,42.3,Ranked in 1 chain,"TEA, COFFEE & TABLE",Bar & Party Glassware,Cocktail Glasses,Cocktail glasses,Stemmed cocktail / martini glass,Kieliszek Koktajlowy GLASMARK 420ml,Carrefour,Poland,8.19,PLN,3.62,0,#4 Carrefour Poland (Wyposażenie domu > Kuchnia i jadalnia > Kieliszki do wina i wody),Poland,https://www.carrefour.pl/zakupy-niecodzienne/dom-i-ogrod/wyposazenie-domu/kuchnia-i-jadalnia/kieliszki-do-wina-i-wody-uh/kieliszek-koktajlowy-glasmark-420ml,https://www.carrefour.pl/images/product/org/kieliszek-koktajlowy-420ml-5b-9cseco.jpg,Carrefour Poland: #4 in 'Wyposażenie domu > Kuchnia i jadalnia > Kieliszki do wina i wody' (most popular)
456,42.3,Ranked in 1 chain,HOUSEHOLD CLEANING,Dusting & Lint Removal,Dusters,Duster refills,Static duster refill cloths,Wkład do miotełki do odkurzania Spargo,Action,Poland,8.95,PLN,3.96,0,#9 Carrefour Poland (Wyposażenie domu > Domowe porządki > Zamiatanie),Poland,https://www.action.com/pl-pl/p/3215132/wklad-do-miotelki-do-odkurzania-spargo/,https://asset.action.com/image/upload/t_digital_product_image/w_1080/38632078.webp,"Carrefour Poland: #9 in 'Wyposażenie domu > Domowe porządki > Zamiatanie' (most popular) | Action PL 8.95 zł / 10 pcs; Action also sells matching holder set (Zestaw ściereczek do kurzu z uchwytem Spargo, 6 cloths) and Antystatyczne ściereczki do kurzu Spargo"
457,42.3,Ranked in 1 chain,FOOD STORAGE & DRINKWARE-TO-GO,Pantry storage,Bottles,Glass storage bottles,Glass storage bottle 0.5-1 L (swing-top clip or screw cap),Butelka TADAR Butelka z klipsem 1 l,Carrefour,Poland,9.99,PLN,4.42,0,#64 Carrefour Poland (Wyposażenie domu > Kuchnia i jadalnia > Przechowywanie żywności),Poland,https://www.carrefour.pl/zakupy-niecodzienne/dom-i-ogrod/wyposazenie-domu/kuchnia-i-jadalnia/przechowywanie-zywnosci/butelka-tadar-butelka-z-klipsem-1-l,https://www.carrefour.pl/images/product/350x350/butelka-tadar-butelka-z-klipsem-1-l-47ngi1.jpg,Carrefour Poland: #64 in 'Wyposażenie domu > Kuchnia i jadalnia > Przechowywanie żywności' (most popular)
458,41.9,Ranked in 1 chain,"COOK, BAKE & GRILL",Coffee & tea stovetop,Kettles & teapots,Stovetop kettle,"Whistling stovetop kettle, stainless steel",Чайник со свистком Kukmara 3 л,Flip.kz,Kazakhstan,11946,KZT,45.57,12,#4 Carrefour Poland (Wyposażenie domu > Kuchnia i jadalnia > Garnki),"Kazakhstan, Poland, Turkey",https://www.flip.kz/catalog?prod=3185373,https://s.f.kz/prod/3186/3185373_1000.jpg,"Carrefour Poland: #4 in 'Wyposażenie domu > Kuchnia i jadalnia > Garnki' (most popular) | flip.kz: 12 reviews, 5.0 stars; flip.kz lists 10+ whistling kettles (Agness from 6,160 KZT); n11 TR: Valkyrie 3 L whistling kettle 4 reviews"
459,41.9,Ranked in 1 chain,DECOR & ORGANISATION,Lighting & LED Decor,LED Candles,LED Pillar Candles,LED flameless pillar candle (battery),ŚWIECA LED LUX,Carrefour,Poland,12.29,PLN,5.43,0,#49 Carrefour Poland (Wyposażenie domu > Przyjęcia i świece > Świece i zapachy),Poland,https://www.carrefour.pl/zakupy-niecodzienne/dom-i-ogrod/wyposazenie-domu/przyjecia-i-swiece/swiece-i-zapachy/swieca-led-lux,https://www.carrefour.pl/images/product/350x350/swieca-led-lux-ShWQiZ.jpg,Carrefour Poland: #49 in 'Wyposażenie domu > Przyjęcia i świece > Świece i zapachy' (most popular)
460,41.9,Ranked in 1 chain,KITCHEN TOOLS,Graters & zesters,Slicers,Mandolines,Handheld vegetable slicer / mandoline,Krajarka do warzyw FACKELMANN 521893,Carrefour,Poland,15.39,PLN,6.8,0,#48 Carrefour Poland (Wyposażenie domu > Kuchnia i jadalnia > Akcesoria kuchenne),Poland,https://www.carrefour.pl/zakupy-niecodzienne/dom-i-ogrod/wyposazenie-domu/kuchnia-i-jadalnia/akcesoria-kuchenne-ul/krajarka-do-warzyw-fackelmann-krajarka-do-warzyw-521893,https://www.carrefour.pl/images/product/350x350/krajarka-do-warzyw-fackelmann-krajarka-do-warzyw-521893-dq31oe.jpg,Carrefour Poland: #48 in 'Wyposażenie domu > Kuchnia i jadalnia > Akcesoria kuchenne' (most popular)
461,41.9,Ranked in 1 chain,HOME ESSENTIALS & DIY,Fixing & Hanging,Adhesives & Tapes,Glues,"All-purpose clear / flexible glue, tube (7-50 g)",UHU Klej uniwersalny Klej silny i bezpieczny 7 g,Carrefour,Poland,16.39,PLN,7.24,0,#30 Carrefour Poland (Dom i ogród > Remont i warsztat (all)),Poland,https://www.carrefour.pl/zakupy-niecodzienne/dom-i-ogrod/remont-i-warsztat/kleje-kf/uhu-klej-uniwersalny-klej-silny-i-bezpieczny-7-g,https://www.carrefour.pl/images/product/350x350/klej-uniwersalny-uhu-klej-silny-i-bezpieczny-7-g-qrtsra.jpg,Carrefour Poland: #30 in 'Dom i ogród > Remont i warsztat (all)' (most popular)
462,41.9,Ranked in 1 chain,KITCHEN TOOLS,Food preparation gadgets,Choppers & dicers,Slicing guides,Onion slicing holder / guide,Uchwyt do krojenia cebuli FACKELMANN Biały 48387,Carrefour,Poland,18.49,PLN,8.17,0,#43 Carrefour Poland (Wyposażenie domu > Kuchnia i jadalnia > Akcesoria kuchenne),Poland,https://www.carrefour.pl/zakupy-niecodzienne/dom-i-ogrod/wyposazenie-domu/kuchnia-i-jadalnia/akcesoria-kuchenne-ul/uchwyt-do-krojenia-cebuli-fackelmann-uchwyt-do-krojenia-cebuli-bialy-48387,https://www.carrefour.pl/images/product/350x350/uchwyt-do-krojenia-cebuli-fackelmann-uchwyt-do-krojenia-cebuli-bialy-48387-hkbjdn.jpg,Carrefour Poland: #43 in 'Wyposażenie domu > Kuchnia i jadalnia > Akcesoria kuchenne' (most popular)
463,41.9,Ranked in 1 chain,HOME ESSENTIALS & DIY,Electrical & Power,Lighting,LED bulbs,LED capsule bulb G9,Carrefour Żarówka Led G9 2 szt.,Carrefour,Poland,21.59,PLN,9.54,0,#27 Carrefour Poland (Wyposażenie domu > Oświetlenie (all)),Poland,https://www.carrefour.pl/zakupy-niecodzienne/dom-i-ogrod/wyposazenie-domu/oswietlenie-a8/zarowki-74/carrefour-zarowka-led-g9-2-szt-,https://www.carrefour.pl/images/product/350x350/carrefour-zarowka-led-g9-2-szt--hkahom.jpg,Carrefour Poland: #27 in 'Wyposażenie domu > Oświetlenie (all)' (most popular)
464,41.9,"Sold, not ranked",HOME TEXTILES,Kitchen textiles,Kitchen textile sets,Apron + mitt + pot holder sets,"Kitchen textile set (apron, oven mitt, pot holders)",Morlay Mutfak Önlüğü Fırın Eldiveni ve Tutacak Takımı Çeyiz Seti 4'lü Siyah,n11,Turkey,149,TRY,5.19,666,,"Russia, Turkey",https://www.n11.com/urun/morlay-mutfak-onlugu-firin-eldiveni-ve-tutacak-takimi-ceyiz-seti-4lu-siyah-50950107,https://n11scdn.akamaized.net/a1/400_570/11/80/88/48/IMG-1756656172249865067.jpg,"n11: 666 ratings / 627 written reviews, 4.5 stars, 149 TL, top result for 'fırın eldiveni' and 'mutfak tutacağı'; white-grey variant 144 reviews; 6-pc variant 39 reviews; Fix Price RU sells 'Набор: прихватка 25х17 см, полотенце 40х60 см'"
465,41.8,"Sold, not ranked",HOME ESSENTIALS & DIY,Tools,Hand Tools,Screwdrivers,Precision screwdriver set (electronics/glasses),Zestaw śrubokrętów precyzyjnych,Action,Poland,21.9,PLN,9.68,642,,"Poland, Turkey",https://www.action.com/pl-pl/p/3221622/zestaw-srubokretow-precyzyjnych/,https://asset.action.com/image/upload/t_digital_product_image/w_1920/3221622_8718964269983-110_01_agy9d6.webp,"Action PL 21.90 zl, plus Werckmann precision bit set with ratchet 12.99 zl; n11: Depomega 24-pc magnetic precision set 642 reviews, Xiaomi Mijia 24-pc 399 reviews"
466,41.5,Ranked in 1 chain,FOOD STORAGE & DRINKWARE-TO-GO,Spice & condiment storage,Spice storage,Spice racks,Spice rack / tiered spice riser,Karteya Yapışkanlı Mutfak Rafı Baharatlık 3lü Metal Kağıt Havluluk Siyah Standlı Şık Mutfak Raf Seti Siyah,n11,Turkey,249.0,TRY,8.67,19,#2 n11 Turkey (n11 search: baharatlık),Turkey,https://www.n11.com/urun/karteya-yapiskanli-mutfak-rafi-baharatlik-3lu-metal-kagit-havluluk-siyah-standli-sik-mutfak-raf-seti-siyah-116810043,https://n11scdn.akamaized.net/a1/400_570/04/04/90/28/IMG-8020570442567959563.jpg,n11 Turkey: #2 in 'n11 search: baharatlık' (best-selling)
467,41.3,Ranked in 1 chain,FOOD STORAGE & DRINKWARE-TO-GO,Bag & wrap accessories,Reusable bags,Zip bags,Reusable zip-lock food bags,Torebki wielorazowe z zapięciem,Action,Poland,3.34,PLN,1.48,0,#133 Fix Price Russia (Для дома > Для кухни (Kitchen)),"Poland, Russia",https://www.action.com/pl-pl/p/3217257/torebki-wielorazowe-z-zapieciem/,https://asset.action.com/image/upload/t_digital_product_image/w_1920/3217257_8718964248636-111_01_iq8a4e.webp,"Fix Price Russia: #133 in 'Для дома > Для кухни (Kitchen)' (sorted by units sold) | Action PL 3.34 zl (25 pcs, 1 l); Action also 5 l x15 5.36 zl; Fix Price RU 'Пакеты с замком ZIP для хранения и заморозки, BonHome, 40 шт.'"
468,41.3,Ranked in 1 chain,KITCHEN TOOLS,Organisers for tools,Utensil holders,Countertop crocks,Utensil holder (crock),"Подставка для кухонных принадлежностей, O'Kitchen, в ассортименте",Fix Price,Russia,174.5,RUB,3.5,0,#219 Fix Price Russia (Для дома > Для кухни (Kitchen)),"Poland, Russia",https://fix-price.com/catalog/dlya-doma/p-5092715-podstavka-dlya-kuhonnyh-prinadlejnostey-itchen-v-assortimente,https://img.fix-price.com/insecure/rs:fit:800:800/plain/bit/_marketplace/images/origin/9b/9b71f9f6a59025dfd2b1537d52529eeb.jpg,"Fix Price Russia: #219 in 'Для дома > Для кухни (Kitchen)' (sorted by units sold) | Fix Price 174.50 RUB; Fix Price kitchen category sorted 'popular first' (dlya-kukhni?sort=sold, 78 pages x 24): this SKU on page 15, 10x14.5 cm SKU on page 10; Action PL: bamboo utensil set in holder 12.95 zl and Tontarelli cutlery/utensil container 27.95 zl"
469,41.3,Ranked in 1 chain,"TEA, COFFEE & TABLE",Drinkware,Glasses,Double-Wall Glasses,"Double-wall glass cups, 2-pack",Szklanki z podwójnymi ściankami,Action,Poland,12.95,PLN,5.72,0,#139 Fix Price Russia (Для дома > Для кухни (Kitchen)),"Poland, Russia, Turkey",https://www.action.com/pl-pl/p/3220338/szklanki-z-podwojnymi-sciankami/,https://asset.action.com/image/upload/t_digital_product_image/w_1080/3220338_8718964257829-110_01_gm1n8x.webp,"Fix Price Russia: #139 in 'Для дома > Для кухни (Kitchen)' (sorted by units sold) | Action PL 12.95 zl / 2 pcs (150 ml); Action carries 3 double-wall SKUs (80, 100, 150 ml); n11 TR: Porsima double-wall 6-pack; 120 ml double-wall espresso cup 149 TL"
470,41.3,Ranked in 1 chain,FOOD STORAGE & DRINKWARE-TO-GO,Drinkware to go,Water filtration,Filter cartridges,Water filter jug replacement cartridges,Dafi Unimax Filtr do wody wkłady 3 szt.,Carrefour,Poland,29.99,PLN,13.26,0,#1 Carrefour Poland (Wyposażenie domu > Kuchnia i jadalnia > Filtry do wody),Poland,https://www.carrefour.pl/zakupy-niecodzienne/dom-i-ogrod/wyposazenie-domu/kuchnia-i-jadalnia/filtry-do-wody/dafi-unimax-filtr-do-wody-wklady-3-szt-,https://www.carrefour.pl/images/product/org/wklad-dafi-unimax-2-1-jqviqi.jpg,Carrefour Poland: #1 in 'Wyposażenie domu > Kuchnia i jadalnia > Filtry do wody' (most popular)
471,41.3,Ranked in 1 chain,KITCHEN TOOLS,Cutting & slicing tools,Kitchen knives,Bread knives,"Bread knife, serrated (~20 cm)",Tefal Nóż do chleba 20 cm,Carrefour,Poland,36.89,PLN,16.31,0,#4 Carrefour Poland (Wyposażenie domu > Kuchnia i jadalnia > Akcesoria kuchenne),Poland,https://www.carrefour.pl/zakupy-niecodzienne/dom-i-ogrod/wyposazenie-domu/kuchnia-i-jadalnia/akcesoria-kuchenne-ul/tefal-noz-do-chleba-20-cm,https://www.carrefour.pl/images/product/org/tefal-noz-do-chleba-20-cm-iq4jre.jpg,Carrefour Poland: #4 in 'Wyposażenie domu > Kuchnia i jadalnia > Akcesoria kuchenne' (most popular)
472,41.2,Ranked in 2 chains,DECOR & ORGANISATION,Storage & Organisation,Shelving,Rolling Carts,Slim rolling storage cart (3-tier),Motek Çok Amaçlı Tekerlekli Organizer Mutfak Banyo Rafı Beyaz,n11,Turkey,999.0,TRY,34.77,24,#14 n11 Turkey (n11 search: organizer); #51 Fix Price Kazakhstan (Для дома > Организация хранения (Storage)),"Kazakhstan, Turkey",https://www.n11.com/urun/motek-cok-amacli-tekerlekli-organizer-mutfak-banyo-rafi-beyaz-5423509,https://n11scdn.akamaized.net/a1/400_570/09/02/80/77/IMG-5368157137328758498.jpg,n11 Turkey: #14 in 'n11 search: organizer' (best-selling); Fix Price Kazakhstan: #51 in 'Для дома > Организация хранения (Storage)' (popular first)
473,40.9,Ranked in 1 chain,"LAUNDRY, BATH & WARDROBE",Bath,Bath accessories,Over-door towel hooks,Over-door / shower-screen / radiator towel hooks (no drilling),"Flosoft 4 Adet Havlupan Duşakabin Askısı, Petek Banyo Mutfak Kancalı Havlu Bornoz Askısı 4 Lü Set Beyaz",n11,Turkey,128.91,TRY,4.49,1,#23 n11 Turkey (n11 search: mutfak havlusu),Turkey,https://www.n11.com/urun/flosoft-4-adet-havlupan-dusakabin-askisi-petek-banyo-mutfak-kancali-havlu-bornoz-askisi-4-lu-set-beyaz-40878534,https://n11scdn.akamaized.net/a1/400_570/09/29/17/59/IMG-980893741593653995.jpg,n11 Turkey: #23 in 'n11 search: mutfak havlusu' (best-selling)
474,40.8,"Sold, not ranked",HOME ESSENTIALS & DIY,Electrical & Power,Mobile & Charging,Phone holders & stands,Car phone holder (vent/dash),Uchwyt samochodowy na telefon Lab31,Action,Poland,17.95,PLN,7.93,378,,"Poland, Turkey",https://www.action.com/pl-pl/p/3222375/uchwyt-samochodowy-na-telefon-lab31/,https://asset.action.com/image/upload/t_digital_product_image/w_1920/3222375_8715342055053-110_01_hfi9mg.webp,"Action PL 17.95 zl, plus Lab31 magnetic holder 16.49 zl; n11: Ally Z1S vent holder 378 reviews, Woyax vent holder 185 reviews"
475,40.7,"Sold, not ranked",KITCHEN TOOLS,Cooking utensils,Utensil sets,Bamboo,Bamboo cooking utensil set with holder,Zestaw bambusowych przyborów kuchennych w pojemniku,Action,Poland,12.95,PLN,5.72,49,,"Kazakhstan, Poland, Turkey",https://www.action.com/pl-pl/p/3007936/zestaw-bambusowych-przyborow-kuchennych-w-pojemniku/,https://asset.action.com/image/upload/t_digital_product_image/w_1920/36071155.webp,Action PL 12.95 zl; Kaspi: NMB 12-pc wood/silicone utensil set; n11: Valletta silicone utensil sets 287 / 61 / 49 reviews; Fix Price: O'Kitchen utensil holders on kitchen popularity pages 10 and 15
476,40.6,"Sold, not ranked",KITCHEN TOOLS,Timers & thermometers,Food thermometers,Digital probe,Digital food / meat thermometer (probe),Yemek Et Gıda Sıcaklık Ölçer Dijital Gıda Termometresi,n11,Turkey,139.99,TRY,4.87,481,,Turkey,https://www.n11.com/urun/yemek-et-gida-sicaklik-olcer-dijital-gida-termometresi-4486486,https://n11scdn.akamaized.net/a1/400_570/10/62/53/21/IMG-2830352451181211173.jpg,"n11 139.99 TL; n11: 481 ratings (4.5*) / 270 comments; other probe thermometers 168, 130, 106, 67, 38 ratings - deep demand at ~EUR 3"
477,40.5,"Sold, not ranked",HOME TEXTILES,Bath textiles,Towels,Beach towels,Printed beach towel,Ręcznik plażowy Disney,Action,Poland,20.95,PLN,9.26,325,,"Poland, Turkey",https://www.action.com/pl-pl/p/3220304/recznik-plazowy-disney/,https://asset.action.com/image/upload/t_digital_product_image/w_1080/3220304_8718964277377-110_01_ign0zv.webp,"Action PL 20.95 zl in 'Tekstylia łazienkowe' (also 'Ręcznik plażowy i torba plażowa 2 w 1' 29.95 zl); n11: 'Zeynep Tekstil Stripe 2 Adet 75x150 Cm Plaj Havlusu' 325 reviews, 169 TL; 'Bilmar Mikrofiber ... Plaj Havlusu 70x140' 302.43 TL"
478,40.2,"Sold, not ranked",HOME TEXTILES,Kitchen textiles,Aprons,Kitchen aprons,Kitchen apron (water-resistant),Sıvı Geçirmez Mutfak Önlüğü Sünger Dolgulu Çift Hazneli Cepli Model & Siyah,n11,Turkey,119.9,TRY,4.17,37,,"Russia, Turkey",https://www.n11.com/urun/sivi-gecirmez-mutfak-onlugu-sunger-dolgulu-cift-hazneli-cepli-model-siyah-50804534,https://n11scdn.akamaized.net/a1/400_570/10/87/70/18/IMG-5150182968646541748.jpg,"n11: 37 ratings, 4.5 stars, 119.90 TL, breadcrumb Mutfak Tekstili > Önlük & Eldiven; n11 'Madame Coco Juste Mutfak Önlüğü' 6 reviews; Fix Price RU 'Фартук, 72х68 см' polyester (listed)"
479,39.9,Ranked in 1 chain,"COOK, BAKE & GRILL",Stovetop accessories,Steaming,Steamer insert,Folding steamer basket insert for pots,Ikea Klockren Buharda Pişirici Sebze Haşlama Aparatı,n11,Turkey,499.9,TRY,17.4,35,#116 Carrefour Poland (Wyposażenie domu > Kuchnia i jadalnia > Akcesoria kuchenne),"Kazakhstan, Poland, Turkey",https://www.n11.com/urun/ikea-klockren-buharda-pisirici-sebze-haslama-aparati-4558936,https://n11scdn.akamaized.net/a1/400_570/05/70/07/50/IMG-6445044172156897169.jpg,"Carrefour Poland: #116 in 'Wyposażenie domu > Kuchnia i jadalnia > Akcesoria kuchenne' (most popular) | n11: 35 ratings, 3.5 stars (category Sebze Buharlayıcılar); n11 Fissler 22 cm steamer insert 22 ratings at 309 TL; flip.kz silicone steamer insert set 4.8 stars (1,550 KZT), Beka 'Chef' steel steamer insert"
480,39.9,"Sold, not ranked",HOME TEXTILES,Bath textiles,Towels,Hammam towels,Peshtemal (flat-woven hammam towel),"Calmera Natura Peştemal Pamuk - Doğal Saçaklı Plaj, Deniz, Havuz, Spa, Sauna, Spor, Seyahat Havlusu - Mavi",n11,Turkey,129,TRY,4.49,325,,Turkey,https://www.n11.com/urun/calmera-natura-pestemal-pamuk-dogal-sacakli-plaj-deniz-havuz-spa-sauna-spor-seyahat-havlusu-mavi-84986750,https://n11scdn.akamaized.net/a1/400_570/03/78/34/70/IMG-7119953748925453693.jpg,"n11: 129 ratings / 110 reviews, 5.0 stars, 129 TL, 100x180 cm cotton, breadcrumb Banyo Tekstili > Peştamal; other colourways 29-53 ratings each; 'Zeynep Tekstil Stripe 2 Adet ... Plaj Havlusu Peştemal' 325 reviews"
481,39.6,Ranked in 1 chain,"COOK, BAKE & GRILL",Cookware,Frying pans,Grill pan,Ribbed grill pan (24-28 cm),Patelnia grillowa Redstone 28 cm,Action,Poland,39.99,PLN,17.68,128,#17 n11 Turkey (n11 search: tava),"Kazakhstan, Poland, Turkey",https://www.action.com/pl-pl/p/3215189/patelnia-grillowa-redstone/,https://asset.action.com/image/upload/t_digital_product_image/w_1920/3215189_8718964227716-110_01_gfm38o.webp,"n11 Turkey: #17 in 'n11 search: tava' (best-selling) | Action PL (Garnki i patelnie; also George Wilkinson grill pan 49.99 zl); flip.kz: Fissman cast-iron grill pan 128 reviews, Гардарика 24 cm grill pan 11 reviews at 8,812 KZT (101 grill pans listed)"
482,39.6,Ranked in 1 chain,KITCHEN TOOLS,Peelers,Specialty peelers,Thumb peelers,Silicone thumb peeler / finger knife,Silikon Başparmak Bıçağı Parmak Soyucu Koruyucu Soyacak Eldiveni MEDIUM,n11,Turkey,124.99,TRY,4.35,0,#19 n11 Turkey (n11 search: soyacak),Turkey,https://www.n11.com/urun/silikon-basparmak-bicagi-parmak-soyucu-koruyucu-soyacak-eldiveni-medium-34439335,https://n11scdn.akamaized.net/a1/400_570/09/28/49/66/IMG-5226230859710699882.jpg,n11 Turkey: #19 in 'n11 search: soyacak' (best-selling)
483,39.2,Ranked in 1 chain,"TEA, COFFEE & TABLE",Serving,Boards & Trays,Coffee serving trays,Small metal tea / coffee serving tray,Jasper Paslanmaz Çelik Kare Model Kahve Tepsisi Kelebek Aksesuarlı Lüx Sunum Gri,n11,Turkey,319.0,TRY,11.1,145,#3 n11 Turkey (n11 search: tepsi),Turkey,https://www.n11.com/urun/jasper-paslanmaz-celik-kare-model-kahve-tepsisi-kelebek-aksesuarli-lux-sunum-gri-101027439,https://n11scdn.akamaized.net/a1/400_570/12/28/80/95/IMG-8173335197278292856.jpg,n11 Turkey: #3 in 'n11 search: tepsi' (best-selling)
484,39.1,Ranked in 1 chain,"COOK, BAKE & GRILL",Grill & BBQ,Grill cleaning,Grill brush,Wire grill-cleaning brush,Döküm Yüzey Mangal Izgara Tost Temizleme Fırçası Tel Fırça,n11,Turkey,400,TRY,13.92,13,#14 Fix Price Kazakhstan (Декор для дома > Товары для пикника (Picnic)),"Kazakhstan, Turkey",https://www.n11.com/urun/dokum-yuzey-mangal-izgara-tost-temizleme-fircasi-tel-firca-7588635,https://n11scdn.akamaized.net/a1/400_570/10/48/66/31/IMG-7280983530943999950.jpg,"Fix Price Kazakhstan: #14 in 'Декор для дома > Товары для пикника (Picnic)' (popular first) | n11: 13 ratings, 4.5 stars; n11 stainless BBQ grill brush 4 ratings (183.08 TL)"
485,39.1,Ranked in 1 chain,KITCHEN TOOLS,Cutting boards,Glass & stone-look boards,Tempered glass,Tempered glass cutting board,Szklana deska do krojenia,Action,Poland,29.95,PLN,13.24,1,#20 n11 Turkey (n11 search: kesme tahtası),"Kazakhstan, Poland, Turkey",https://www.action.com/pl-pl/p/3215621/szklana-deska-do-krojenia/,https://asset.action.com/image/upload/t_digital_product_image/w_1920/3215621_8712442892571-110_01_zpx0sx.webp,n11 Turkey: #20 in 'n11 search: kesme tahtası' (best-selling) | Action PL 29.95 zl (35x25 cm); Action also sells granite-look boards 19.95-27.95 zl; Kaspi: several non-wood boards incl. stainless-steel boards listed in Разделочные доски
486,38.9,Ranked in 1 chain,"TEA, COFFEE & TABLE",Cutlery,Spoons,Long spoons,"Long dessert / latte spoons, set",Łyżka do jogurtów FACKELMANN 41422 (mix) 41422,Carrefour,Poland,7.19,PLN,3.18,0,#124 Carrefour Poland (Wyposażenie domu > Kuchnia i jadalnia > Akcesoria kuchenne),Poland,https://www.carrefour.pl/zakupy-niecodzienne/dom-i-ogrod/wyposazenie-domu/kuchnia-i-jadalnia/akcesoria-kuchenne-ul/lyzka-do-jogurtow-fackelmann-41422-mix-41422,https://www.carrefour.pl/images/product/350x350/lyzka-do-jogurtow-fackelmann-41422-mix-41422-p0a6se.jpg,Carrefour Poland: #124 in 'Wyposażenie domu > Kuchnia i jadalnia > Akcesoria kuchenne' (most popular)
487,38.9,Ranked in 1 chain,"TEA, COFFEE & TABLE",Bar & Party Glassware,Bar tools,Pourers,Bottle pourer spout,Dozownik do butelek FACKELMANN 46984,Carrefour,Poland,7.99,PLN,3.53,0,#127 Carrefour Poland (Wyposażenie domu > Kuchnia i jadalnia > Akcesoria kuchenne),Poland,https://www.carrefour.pl/zakupy-niecodzienne/dom-i-ogrod/wyposazenie-domu/kuchnia-i-jadalnia/akcesoria-kuchenne-ul/dozownik-do-butelek-fackelmann-46984,https://www.carrefour.pl/images/product/350x350/dozownik-do-butelek-fackelmann-46984-9nv5cg.jpg,Carrefour Poland: #127 in 'Wyposażenie domu > Kuchnia i jadalnia > Akcesoria kuchenne' (most popular)
488,38.9,Ranked in 1 chain,"TEA, COFFEE & TABLE",Bar & Party Glassware,Bar tools,Ice tongs,Ice tongs,Szczypce do lodu FACKELMANN 49293,Carrefour,Poland,9.99,PLN,4.42,0,#162 Carrefour Poland (Wyposażenie domu > Kuchnia i jadalnia > Akcesoria kuchenne),Poland,https://www.carrefour.pl/zakupy-niecodzienne/dom-i-ogrod/wyposazenie-domu/kuchnia-i-jadalnia/akcesoria-kuchenne-ul/szczypce-do-lodu-fackelmann-49293,https://www.carrefour.pl/images/product/350x350/szczypce-do-lodu-fackelmann-49293-ghm86k.jpg,Carrefour Poland: #162 in 'Wyposażenie domu > Kuchnia i jadalnia > Akcesoria kuchenne' (most popular)
489,38.5,Ranked in 1 chain,HOME ESSENTIALS & DIY,Electrical & Power,Lighting,Specialty bulbs,"Oven / appliance bulb E14 (heat-resistant, 25 W)",Żarówka do Piekarnika PHILIPS Speciality T25 25W E14,Carrefour,Poland,13.39,PLN,5.92,0,#62 Carrefour Poland (Wyposażenie domu > Oświetlenie (all)),Poland,https://www.carrefour.pl/zakupy-niecodzienne/dom-i-ogrod/wyposazenie-domu/oswietlenie-a8/zarowki-74/zarowka-do-piekarnika-philips-speciality-t25-25w-e14,https://www.carrefour.pl/images/product/org/zarowka-philips-speciality-t25-25w-e14-1r9bbm.jpg,Carrefour Poland: #62 in 'Wyposażenie domu > Oświetlenie (all)' (most popular)
490,38.5,Ranked in 1 chain,HOME ESSENTIALS & DIY,Fixing & Hanging,Furniture & Door Accessories,Bumper pads,Clear self-adhesive bumper pads (door / cabinet dampers),"Scotch® Odbojniki wygłuszające, przezroczyste, Ø8mm, 16 szt./opak.",Carrefour,Poland,13.39,PLN,5.92,0,#63 Carrefour Poland (Dom i ogród > Remont i warsztat (all)),Poland,https://www.carrefour.pl/zakupy-niecodzienne/dom-i-ogrod/remont-i-warsztat/okucia-do-mebli/scotch-odbojniki-wygluszajace-przezroczyste-o8mm-16-szt-opak-,https://www.carrefour.pl/images/product/org/scotch-odbojniki-wygluszajace-przezroczyste-o8mm-16-szt-opak--Fp0HiQ.jpg,Carrefour Poland: #63 in 'Dom i ogród > Remont i warsztat (all)' (most popular)
491,38.5,Ranked in 1 chain,HOME ESSENTIALS & DIY,Home Devices,Clocks & Measuring,Weather & climate,Window / outdoor thermometer,Termometr zewnętrzny FACKELMANN 63751,Carrefour,Poland,14.39,PLN,6.36,0,#76 Carrefour Poland (Wyposażenie domu > Kuchnia i jadalnia > Akcesoria kuchenne),Poland,https://www.carrefour.pl/zakupy-niecodzienne/dom-i-ogrod/wyposazenie-domu/kuchnia-i-jadalnia/akcesoria-kuchenne-ul/termometr-zewnetrzny-fackelmann-63751,https://www.carrefour.pl/images/product/350x350/termometr-zewnetrzny-fackelmann-63751-q642l2.jpg,Carrefour Poland: #76 in 'Wyposażenie domu > Kuchnia i jadalnia > Akcesoria kuchenne' (most popular)
492,38.5,Ranked in 1 chain,KITCHEN TOOLS,Food preparation gadgets,Meat tools,Kitchen twine,Kitchen cooking twine,Nić kuchenna FACKELMANN 521332,Carrefour,Poland,15.39,PLN,6.8,0,#90 Carrefour Poland (Wyposażenie domu > Kuchnia i jadalnia > Akcesoria kuchenne),Poland,https://www.carrefour.pl/zakupy-niecodzienne/dom-i-ogrod/wyposazenie-domu/kuchnia-i-jadalnia/akcesoria-kuchenne-ul/nic-kuchenna-fackelmann-521332,https://www.carrefour.pl/images/product/350x350/nic-kuchenna-fackelmann-521332-889ao5.jpg,Carrefour Poland: #90 in 'Wyposażenie domu > Kuchnia i jadalnia > Akcesoria kuchenne' (most popular)
493,38.5,Ranked in 1 chain,"COOK, BAKE & GRILL",Bakeware,Cake decorating,Cake scrapers,Cake decorating comb / scraper,Skrobaczka dekoracyjna ZENKER Candy (2 sztuki) 43918,Carrefour,Poland,15.39,PLN,6.8,0,#103 Carrefour Poland (Wyposażenie domu > Kuchnia i jadalnia > Akcesoria kuchenne),Poland,https://www.carrefour.pl/zakupy-niecodzienne/dom-i-ogrod/wyposazenie-domu/kuchnia-i-jadalnia/akcesoria-kuchenne-ul/skrobaczka-dekoracyjna-zenker-candy-2-sztuki-43918,https://www.carrefour.pl/images/product/350x350/skrobaczka-dekoracyjna-zenker-candy-2-sztuki-43918-p943v5.jpg,Carrefour Poland: #103 in 'Wyposażenie domu > Kuchnia i jadalnia > Akcesoria kuchenne' (most popular)
494,38.5,Ranked in 1 chain,KITCHEN TOOLS,Graters & zesters,Slicers,Spiralizers,Handheld vegetable spiralizer (sharpener type),Temperówka do warzyw FACKELMANN 44107,Carrefour,Poland,15.39,PLN,6.8,0,#107 Carrefour Poland (Wyposażenie domu > Kuchnia i jadalnia > Akcesoria kuchenne),Poland,https://www.carrefour.pl/zakupy-niecodzienne/dom-i-ogrod/wyposazenie-domu/kuchnia-i-jadalnia/akcesoria-kuchenne-ul/temperowka-do-warzyw-fackelmann-44107,https://www.carrefour.pl/images/product/350x350/temperowka-do-warzyw-fackelmann-44107-gerg3a.jpg,Carrefour Poland: #107 in 'Wyposażenie domu > Kuchnia i jadalnia > Akcesoria kuchenne' (most popular)
495,38.5,Ranked in 1 chain,KITCHEN TOOLS,Food preparation gadgets,Fruit tools,Apple corers,Apple corer / slicer,Wykrawacz FACKELMANN Wykrojnik do jabłek (mix) 42015,Carrefour,Poland,16.99,PLN,7.51,0,#94 Carrefour Poland (Wyposażenie domu > Kuchnia i jadalnia > Akcesoria kuchenne),Poland,https://www.carrefour.pl/zakupy-niecodzienne/dom-i-ogrod/wyposazenie-domu/kuchnia-i-jadalnia/akcesoria-kuchenne-ul/wykrawacz-fackelmann-wykrojnik-do-jablek-mix-42015,https://www.carrefour.pl/images/product/org/wykrawacz-fackelmann-wykrojnik-do-jablek-mix-42015-qlvh3o.jpg,Carrefour Poland: #94 in 'Wyposażenie domu > Kuchnia i jadalnia > Akcesoria kuchenne' (most popular)
496,38.5,Ranked in 1 chain,HOME ESSENTIALS & DIY,Tools,Hand Tools,Knives,"Snap-off utility knife spare blades, 10-pack",Narzędzie TOPEX 17B348,Carrefour,Poland,19.0,PLN,8.4,0,#7 Carrefour Poland (Dom i ogród > Narzędzia),Poland,https://www.carrefour.pl/zakupy-niecodzienne/dom-i-ogrod/narzedzia-va/narzedzia-reczne/narzedzia-do-ciecia/narzedzie-topex-17b348,https://www.carrefour.pl/images/product/350x350/narzedzie-topex-17b348-dvhm48.jpg,Carrefour Poland: #7 in 'Dom i ogród > Narzędzia' (most popular)
497,38.5,Ranked in 1 chain,"COOK, BAKE & GRILL",Bakeware,Cake decorating,Decorating syringes,Cake decorating pen / icing syringe,Pisak dekoracyjny ZENKER Candy 42814,Carrefour,Poland,20.49,PLN,9.06,0,#105 Carrefour Poland (Wyposażenie domu > Kuchnia i jadalnia > Akcesoria kuchenne),Poland,https://www.carrefour.pl/zakupy-niecodzienne/dom-i-ogrod/wyposazenie-domu/kuchnia-i-jadalnia/akcesoria-kuchenne-ul/pisak-dekoracyjny-zenker-candy-42814,https://www.carrefour.pl/images/product/350x350/pisak-dekoracyjny-zenker-candy-42814-dvgu7q.jpg,Carrefour Poland: #105 in 'Wyposażenie domu > Kuchnia i jadalnia > Akcesoria kuchenne' (most popular)
498,38.5,Ranked in 1 chain,KITCHEN TOOLS,Food preparation gadgets,Crushers & presses,Nutcrackers,Nutcracker,Dziadek do orzechów FACKELMANN 521381,Carrefour,Poland,22.59,PLN,9.98,0,#84 Carrefour Poland (Wyposażenie domu > Kuchnia i jadalnia > Akcesoria kuchenne),Poland,https://www.carrefour.pl/zakupy-niecodzienne/dom-i-ogrod/wyposazenie-domu/kuchnia-i-jadalnia/akcesoria-kuchenne-ul/dziadek-do-orzechow-fackelmann-521381,https://www.carrefour.pl/images/product/350x350/dziadek-do-orzechow-fackelmann-521381-52f291.jpg,Carrefour Poland: #84 in 'Wyposażenie domu > Kuchnia i jadalnia > Akcesoria kuchenne' (most popular)
499,38.5,Ranked in 1 chain,"COOK, BAKE & GRILL",Bakeware,Pastry tools,Dumpling moulds,"Dumpling / pierogi moulds, set",Foremki do pierogów FACKELMANN Foremki do formowania pierogów (3 sztuki) 521382,Carrefour,Poland,22.59,PLN,9.98,0,#109 Carrefour Poland (Wyposażenie domu > Kuchnia i jadalnia > Akcesoria kuchenne),Poland,https://www.carrefour.pl/zakupy-niecodzienne/dom-i-ogrod/wyposazenie-domu/kuchnia-i-jadalnia/akcesoria-kuchenne-ul/foremki-do-pierogow-fackelmann-foremki-do-formowania-pierogow-3-sztuki-521382,https://www.carrefour.pl/images/product/350x350/foremki-do-pierogow-fackelmann-foremki-do-formowania-pierogow-3-sztuki-521382-1fiaod.jpg,Carrefour Poland: #109 in 'Wyposażenie domu > Kuchnia i jadalnia > Akcesoria kuchenne' (most popular)
500,38.4,Ranked in 2 chains,HOUSEHOLD CLEANING,Waste bins,Kitchen bins,Lidded bins,Kitchen waste bin with lid (5-25 L),CURVER Kosz do segregacji śmieci biały 20l,Carrefour,Poland,71.99,PLN,31.82,0,#45 Carrefour Poland (Wyposażenie domu > Domowe porządki > Kosze i worki na śmieci); #84 Fix Price Kazakhstan (Для дома > Для уборки (Cleaning)),"Kazakhstan, Poland",https://www.carrefour.pl/zakupy-niecodzienne/dom-i-ogrod/wyposazenie-domu/domowe-porzadki/kosze-i-worki-na-smieci/curver-kosz-do-segregacji-smieci-bialy-20l-r1,https://www.carrefour.pl/images/product/org/curver-kosz-do-segregacji-smieci-bialy-20l-r1-ijsi41.jpg,Carrefour Poland: #45 in 'Wyposażenie domu > Domowe porządki > Kosze i worki na śmieci' (most popular); Fix Price Kazakhstan: #84 in 'Для дома > Для уборки (Cleaning)' (popular first)
