rank,l5,suggested_filename,image_url,product_url,retailer
1,"Microfibre cleaning cloths, multipack",001_microfibre-cleaning-cloths-multipack.jpg,https://img.fix-price.com/insecure/rs:fit:800:800/plain/bit/_marketplace/images/origin/46/46388091630617597c461371722085e6.jpg,https://fix-price.com/catalog/dlya-doma/p-5040273-nabor-tryapok-iz-mikrofibry-onome-20h30-sm-5-sht,Fix Price
2,"AAA alkaline batteries, multipack",002_aaa-alkaline-batteries-multipack.jpg,https://img.fix-price.com/insecure/rs:fit:800:800/plain/pim/images/fa3ecfaa1cdd37d4542a47002b0047a4_44.jpg,https://fix-price.com/catalog/dlya-doma/elektrotovary/p-5014004-batareyki-alkalinovye-aaa-4-sht,Fix Price
3,Lithium coin cell batteries CR2032,003_lithium-coin-cell-batteries-cr2032.jpg,https://asset.action.com/image/upload/t_digital_product_image/w_1920/38282100.webp,https://www.action.com/pl-pl/p/3205213/baterie-guzikowe-varta-cr2032/,Action
4,Small wooden / bamboo cutting board,004_small-wooden-bamboo-cutting-board.jpg,https://img.fix-price.com/insecure/rs:fit:800:800/plain/bit/_marketplace/images/origin/33/3344551bfca46f0635e96a125fcf278e.jpg,https://fix-price.com/catalog/dlya-doma/p-5092599-doska-razdelochnaya-itchen-25h20-sm,Fix Price
5,"Rechargeable NiMH AA batteries, 4-pack",005_rechargeable-nimh-aa-batteries-4-pack.jpg,https://img.fix-price.com/insecure/rs:fit:800:800/plain/pim/images/24c4b599e41caad909fb942311fd96dd_14.jpg,https://fix-price.com/catalog/dlya-doma/elektrotovary/p-5014125-batareyki-akkumulyatornye-4-sht-aa,Fix Price
6,LED bulb E27 (standard A60),006_led-bulb-e27-standard-a60.jpg,https://img.fix-price.com/insecure/rs:fit:800:800/plain/pim/images/_default_upload_bucket/lampa_anons.jpg,https://fix-price.com/catalog/dlya-doma/p-5011034-lampa-cvetodiodnaya-era-27-15-vt-v-assortimente,Fix Price
7,Wall socket splitter / multi-plug adapter (with USB),007_wall-socket-splitter-multi-plug-adapter-with-usb.jpg,https://img.fix-price.com/insecure/rs:fit:800:800/plain/bit/_marketplace/images/origin/bc/bc4b5789e73106372315a4ebb4de7309.jpg,https://fix-price.com/catalog/dlya-doma/p-5013488-povorotnyy-setevoy-razvetvitel--2-gnezda-2--porta-v-assortimente,Fix Price
8,"AA alkaline batteries, multipack",008_aa-alkaline-batteries-multipack.jpg,https://img.fix-price.com/insecure/rs:fit:800:800/plain/pim/images/1fbbae9eefc1da2c10510e569ae07176_45.jpg,https://fix-price.com/catalog/dlya-doma/elektrotovary/p-5014027-batareyki-alkalinovye-aa-4-sht,Fix Price
9,"Electrical insulating tape (PVC), multipack",009_electrical-insulating-tape-pvc-multipack.jpg,https://img.fix-price.com/insecure/rs:fit:800:800/plain/pim/images/cd7c089f6ff6978949a8caf87310ee34_17.jpg,https://fix-price.com/catalog/dlya-doma/dlya-remonta/p-5006095-nabor-izolent-aster-and-5-sht,Fix Price
10,Combination pliers,010_combination-pliers.jpg,https://img.fix-price.com/insecure/rs:fit:800:800/plain/pim/images/b90bab89a1c8d1db9a3d999fffa132d9_19.jpg,https://fix-price.com/catalog/spets-tsena-by-po-karteby/p-5001012-passatiji-aster-and-15-sm,Fix Price
11,Self-adhesive wall hooks (no drilling),011_self-adhesive-wall-hooks-no-drilling.jpg,https://asset.action.com/image/upload/t_digital_product_image/w_1080/27375258.webp,https://www.action.com/pl-pl/p/3004913/haczyki-do-zawieszania-tesa/,Action
12,"Plastic clothes hangers, basic multipack",012_plastic-clothes-hangers-basic-multipack.jpg,https://img.fix-price.com/insecure/rs:fit:800:800/plain/bit/_marketplace/images/origin/e5/e5a02608efb74c6016add41d2b6ef849.jpg,https://fix-price.com/catalog/dlya-doma/p-5060567-nabor-veshalok-dlya-lgkoy-odejdy-3-sht,Fix Price
13,Soap dish,013_soap-dish.jpg,https://img.fix-price.com/insecure/rs:fit:800:800/plain/bit/_marketplace/images/origin/7b/7b5fdc76f4bc3f41013154c084145116.jpg,https://fix-price.com/catalog/dlya-doma/p-5032147-mylnitsa-bambukovaya-ath-epublic-13h9-sm,Fix Price
14,Double-sided adhesive tape,014_double-sided-adhesive-tape.jpg,https://img.fix-price.com/insecure/rs:fit:800:800/plain/bit/_marketplace/images/origin/9f/9fb56f94b24a898d05a35ce141542259.jpg,https://fix-price.com/catalog/dlya-doma/p-5006152-kleykaya-lenta-dvustoronnyaya-aster-and-3-sm-h-1-m,Fix Price
15,Masking tape (paper),015_masking-tape-paper.jpg,https://img.fix-price.com/insecure/rs:fit:800:800/plain/pim/images/_default_upload_bucket/323dcfa447b9cb6a52b0e38c79dfd7b7.jpg,https://fix-price.com/catalog/dlya-doma/p-5006119-malyarnaya-kleykaya-lenta-48-mm-h-20-m,Fix Price
16,Flat mop replacement pad (microfibre),016_flat-mop-replacement-pad-microfibre.jpg,https://img.fix-price.com/insecure/rs:fit:800:800/plain/bit/_marketplace/images/origin/8b/8b03643c09c71817ccc76ae54d0d9c47.jpg,https://fix-price.com/catalog/dlya-doma/p-5040480-nasadka-na-shvabru-ome-ime-42h14-sm-v-assortimente,Fix Price
17,"Dish sponges, multipack (foam with scourer)",017_dish-sponges-multipack-foam-with-scourer.jpg,https://img.fix-price.com/insecure/rs:fit:800:800/plain/pim/images/ce35a23ef411f4f9c94e034f9a275d9c_9.jpg,https://fix-price.com/catalog/dlya-doma/p-5025319-gubki-dlya-mytya-posudy-10-sht,Fix Price
18,"Extension lead, 3-socket",018_extension-lead-3-socket.jpg,https://img.fix-price.com/insecure/rs:fit:800:800/plain/pim/images/cbf86f6fb04cef6c1fbd7c0fa19ad69d_41.jpg,https://fix-price.com/catalog/dlya-doma/p-5013234-bytovoy-udlinitel-era-3-m-3-gnezda,Fix Price
19,Packing tape (with dispenser),019_packing-tape-with-dispenser.jpg,https://asset.action.com/image/upload/t_digital_product_image/w_1920/3009193_8718964321858-111_01_ew9hlj.webp,https://www.action.com/pl-pl/p/3009193/tasma-do-pakowania-z-dozownikiem-tcx/,Action
20,"Plastic storage box with lid, small (5-10 L)",020_plastic-storage-box-with-lid-small-5-10-l.jpg,https://img.fix-price.com/insecure/rs:fit:800:800/plain/pim/images/_default_upload_bucket/70f94bc57f76beac4df9e4d1860b19de.jpg,https://fix-price.com/catalog/dlya-doma/p-5069571-korobka-s-kryshkoy-imako-7-l,Fix Price
21,Power strip / surge-protected multi-socket (4-6 outlets),021_power-strip-surge-protected-multi-socket-4-6-outle.jpg,https://asset.action.com/image/upload/t_digital_product_image/w_1920/3007327_8711332491665-110_01_ukg4sd.webp,https://www.action.com/pl-pl/p/3007327/listwa-zasilajaca-pro-max/,Action
22,Suction corner shower shelf,022_suction-corner-shower-shelf.jpg,https://img.fix-price.com/insecure/rs:fit:800:800/plain/bit/_marketplace/images/origin/a0/a0b197060e55ee06ff66c0e69c46717c.jpg,https://fix-price.com/catalog/dlya-doma/p-5079275-polochka-dlya-vannoy-uglovaya-ath-epublic-23h23h9-sm,Fix Price
23,Large microfibre cloth (50x70 cm),023_large-microfibre-cloth-50x70-cm.jpg,https://img.fix-price.com/insecure/rs:fit:800:800/plain/bit/_marketplace/images/origin/1a/1a2ea764e775eac85d4d5b73f5666a58.jpg,https://fix-price.com/catalog/dlya-doma/p-5040589-tryapka-iz-mikrofibry-onome-50h70-sm-v-assortimente,Fix Price
24,Stainless steel spiral scourers,024_stainless-steel-spiral-scourers.jpg,https://img.fix-price.com/insecure/rs:fit:800:800/plain/bit/_marketplace/images/origin/78/78850a32db2b2854cb613591493eedcf.jpg,https://fix-price.com/catalog/dlya-doma/p-5026113-nabor-gubok-metallicheskih-onome-3-sht,Fix Price
25,"Plastic clothes pegs, multipack",025_plastic-clothes-pegs-multipack.jpg,https://img.fix-price.com/insecure/rs:fit:800:800/plain/pim/images/_default_upload_bucket/5060266_1500_ANONS.png,https://fix-price.com/catalog/dlya-doma/p-5060266-prischepki-akvamag-10-sht-v-assortimente,Fix Price
26,"Household rubber gloves (latex), 1 pair",026_household-rubber-gloves-latex-1-pair.jpg,https://img.fix-price.com/insecure/rs:fit:800:800/plain/bit/_marketplace/images/origin/7e/7e8af4cc9bdce2efea82956c6ced7c63.jpeg,https://fix-price.com/catalog/dlya-doma/p-5043069-perchatki-hozyaystvennye-onome-1-para-v-assortimente,Fix Price
27,"Ceramic mug, 350 ml, single",027_ceramic-mug-350-ml-single.jpg,https://img.fix-price.com/insecure/rs:fit:800:800/plain/bit/_marketplace/images/origin/ab/abbab8c5435b5b3b99074813af32691d.jpg,https://fix-price.com/catalog/dlya-doma/p-5091524-krujka-itchen-350-ml-v-assortimente,Fix Price
28,Lint roller (sticky clothes roller),028_lint-roller-sticky-clothes-roller.jpg,https://img.fix-price.com/insecure/rs:fit:800:800/plain/pim/images/7f185067de363ef63a240baae9c6db62_42.jpg,https://fix-price.com/catalog/dlya-doma/aksessuary-dlya-odezhdy/p-5050013-rolik-dlya-chistki-odejdy-ome-ime-64-lista-v-assortimente,Fix Price
29,Character / licensed printed mug,029_character-licensed-printed-mug.jpg,https://asset.action.com/image/upload/t_digital_product_image/w_1080/3219409_3664944719380-111_01_egnd1t.webp,https://www.action.com/pl-pl/p/3219409/kubek-hello-kitty/,Action
30,Profiled grip dish sponges,030_profiled-grip-dish-sponges.jpg,https://img.fix-price.com/insecure/rs:fit:800:800/plain/pim/images/_default_upload_bucket/ebec7635ae41e74aad17c223fec24324.jpg,https://fix-price.com/catalog/dlya-doma/tovary-dlya-uborki/p-5026182-gubka-dlya-mytya-posudy-profilnaya-onome-5-sht,Fix Price
31,Handheld shower head with hose set,031_handheld-shower-head-with-hose-set.jpg,https://img.fix-price.com/insecure/rs:fit:800:800/plain/bit/_marketplace/images/origin/ee/ee167899566d76bc97fabb2c6b98f92a.jpg,https://fix-price.com/catalog/dlya-doma/p-5032084-leyka-dlya-dusha-so-shlangom-ath-epublic-15-m,Fix Price
32,Toilet brush with closed holder,032_toilet-brush-with-closed-holder.jpg,https://img.fix-price.com/insecure/rs:fit:800:800/plain/bit/_marketplace/images/origin/f1/f167547f3be8d906d5ee8155fb1e8ce4.jpg,https://fix-price.com/catalog/dlya-doma/p-5031103-komplekt-dlya-tualeta-zakrytyy-v-assortimente,Fix Price
33,"Cable ties (nylon zip ties), pack",033_cable-ties-nylon-zip-ties-pack.jpg,https://n11scdn.akamaized.net/a1/400_570/14/27/25/23/IMG-3742724073537519274.png,https://www.n11.com/urun/siyah-plastik-cirt-kelepce-36mm-30cm-kablo-bagi-elektrik-kablosu-74280195,n11
34,Household screwdriver set (flat + Phillips),034_household-screwdriver-set-flat-phillips.jpg,https://asset.action.com/image/upload/t_digital_product_image/w_1920/38064396.webp,https://www.action.com/pl-pl/p/3215284/zestaw-srubokretow-werckmann/,Action
35,Self-adhesive furniture felt pads,035_self-adhesive-furniture-felt-pads.jpg,https://asset.action.com/image/upload/t_digital_product_image/w_1920/3221237_8715342054520-111_01_elf6fj.webp,https://www.action.com/pl-pl/p/3221237/ochraniacze-na-nogi-krzesel/,Action
36,"Small freezer containers, multipack (16-24 pcs)",036_small-freezer-containers-multipack-16-24-pcs.jpg,https://n11scdn.akamaized.net/a1/400_570/11/71/00/60/IMG-5630272353466966089.jpg,https://www.n11.com/urun/porsima-1046-no-frost-saklama-kabi-beyaz-16li-50781848,n11
37,Lint roller refills,037_lint-roller-refills.jpg,https://img.fix-price.com/insecure/rs:fit:800:800/plain/bit/_marketplace/images/origin/e9/e9fecb30570c4ff4b92bfcb09a8f81bd.jpg,https://fix-price.com/catalog/dlya-doma/p-5050012-smennye-bloki-dlya-rolika-ome-ime-2-sht,Fix Price
38,"Window washer with sponge & squeegee, telescopic",038_window-washer-with-sponge-squeegee-telescopic.jpg,https://img.fix-price.com/insecure/rs:fit:800:800/plain/bit/_marketplace/images/origin/0e/0e64d4473703961d098da45906f150c8.jpg,https://fix-price.com/catalog/dlya-doma/p-5044119-oknomoyka-s-teleskopicheskoy-ruchkoy,Fix Price
39,Anti-slip PVC bath/shower mat,039_anti-slip-pvc-bath-shower-mat.jpg,https://img.fix-price.com/insecure/rs:fit:800:800/plain/bit/_marketplace/images/origin/02/022d6a825f705b1922c82a4b9dc37e5a.jpg,https://fix-price.com/catalog/dlya-doma/p-5035131-kovrik-antiskolzyaschiy-ath-epublic-65h120-sm-v-assortimente,Fix Price
40,Vegetable peeler,040_vegetable-peeler.jpg,https://img.fix-price.com/insecure/rs:fit:800:800/plain/bit/_marketplace/images/origin/ad/adce4986ea1237f1af64f1f40c3b9269.JPG,https://fix-price.com/catalog/dlya-doma/p-5021663-ovoschechistka-itchen-v-assortimente,Fix Price
41,Cookie cutter set,041_cookie-cutter-set.jpg,https://asset.action.com/image/upload/t_digital_product_image/w_1920/3219356_8715275391235-111_01_mmddh4.webp,https://www.action.com/pl-pl/p/3219356/foremki-do-wykrawania/,Action
42,Nylon turner (frying spatula),042_nylon-turner-frying-spatula.jpg,https://asset.action.com/image/upload/t_digital_product_image/w_1920/3219762_8721098348530-110_01_irjtt1.webp,https://www.action.com/pl-pl/p/3219762/szpatulka-masterchef/,Action
43,Digital room thermometer-hygrometer,043_digital-room-thermometer-hygrometer.jpg,https://n11scdn.akamaized.net/a1/400_570/10/44/01/24/IMG-8361671015379582794.jpg,https://www.n11.com/urun/probsuz-dijital-ic-veya-dis-sicaklik-olcer-ev-termometre-higrom-54912661,n11
44,Snap-off utility knife (box cutter) with spare blades,044_snap-off-utility-knife-box-cutter-with-spare-blade.jpg,https://img.fix-price.com/insecure/rs:fit:800:800/plain/pim/images/_default_upload_bucket/5001089_1_1.jpg,https://fix-price.com/catalog/dlya-doma/p-5001089-vydvijnoy-noj-aster-and-s-zapasnymi-lezviyami-3-sht-v-assortimente,Fix Price
45,Glass / ceramic oven baking dish,045_glass-ceramic-oven-baking-dish.jpg,https://asset.action.com/image/upload/t_digital_product_image/w_1920/26503017.webp,https://www.action.com/pl-pl/p/2569016/naczynie-do-zapiekania-cook-n-share/,Action
46,Long-handled broom and dustpan set,046_long-handled-broom-and-dustpan-set.jpg,https://img.fix-price.com/insecure/rs:fit:800:800/plain/bit/_marketplace/images/origin/37/3787996ec5229eb9e7b93b4b9c7113bc.jpg,https://fix-price.com/catalog/dlya-doma/p-5044115-schtka-s-sovkom-ome-ime-90-sm,Fix Price
47,Glass / hob scraper with blades,047_glass-hob-scraper-with-blades.jpg,https://www.carrefour.pl/images/product/350x350/skrobak-fackelmann-60140-htp1h6.jpg,https://www.carrefour.pl/zakupy-niecodzienne/dom-i-ogrod/wyposazenie-domu/kuchnia-i-jadalnia/akcesoria-kuchenne-ul/skrobak-fackelmann-60140,Carrefour
48,Flat hand grater with handle,048_flat-hand-grater-with-handle.jpg,https://img.fix-price.com/insecure/rs:fit:800:800/plain/bit/_marketplace/images/origin/d5/d5fe4db942bfdfe062d5679996fce1f0.jpg,https://fix-price.com/catalog/dlya-doma/p-5021693-trka-s-ruchkoy-itchen-23-sm-v-assortimente,Fix Price
49,"Plastic storage basket, open, small",049_plastic-storage-basket-open-small.jpg,https://img.fix-price.com/insecure/rs:fit:800:800/plain/pim/images/_default_upload_bucket/korzinka_anons.jpg,https://fix-price.com/catalog/dlya-doma/p-5069307-korzinka-hozyaystvennaya-25h15h7-sm-v-assortimente,Fix Price
50,Glass tealight holder,050_glass-tealight-holder.jpg,https://img.fix-price.com/insecure/rs:fit:800:800/plain/pim/images/782bd3dc8402a5e78dcd88691ddcee23_41.JPG,https://fix-price.com/catalog/suveniry-i-podarki/p-5230065-podsvechnik-deyzi-v-assortimente,Fix Price
51,Knit / rattan-effect plastic basket,051_knit-rattan-effect-plastic-basket.jpg,https://asset.action.com/image/upload/t_digital_product_image/w_1920/3205642_3253924854724-110_01_suquw7.webp,https://www.action.com/pl-pl/p/3205642/kosz-do-przechowywania-curver-knit/,Action
52,"Plastic food container set, 3-piece",052_plastic-food-container-set-3-piece.jpg,https://n11scdn.akamaized.net/a1/400_570/03/70/09/27/IMG-5750968869411744056.jpg,https://www.n11.com/urun/karaca-massimo-3lu-saklama-kabi-seti-yesil-37501709,n11
53,Hot glue gun with glue sticks,053_hot-glue-gun-with-glue-sticks.jpg,https://n11scdn.akamaized.net/a1/400_570/08/41/46/43/IMG-3973528070733193731.jpg,https://www.n11.com/urun/100watt-sicak-silikon-tabancasi-10-adet-cubuk-slikon-cekme-eritme-7114461,n11
54,Self-adhesive towel/wall hook,054_self-adhesive-towel-wall-hook.jpg,https://asset.action.com/image/upload/t_digital_product_image/w_1920/2521958_8715062018314-110_01_jvsnen.webp,https://www.action.com/pl-pl/p/2521958/haczyk-na-recznik/,Action
55,Scented candle in glass jar,055_scented-candle-in-glass-jar.jpg,https://img.fix-price.com/insecure/rs:fit:800:800/plain/bit/_marketplace/images/origin/b5/b5d8bbfc9646762554db383413ddaabd.jpg,https://fix-price.com/catalog/suveniry-i-podarki/p-5231189-svecha-aromaticheskaya-v-stakane-v-assortimente,Fix Price
56,Self-wringing sponge/twist mop,056_self-wringing-sponge-twist-mop.jpg,https://img.fix-price.com/insecure/rs:fit:800:800/plain/bit/_marketplace/images/origin/f5/f5dd8c44a31d657721e6ae4820390f19.jpg,https://fix-price.com/catalog/dlya-doma/p-5044111-shvabra-s-otjimom-ome-ime-120-sm,Fix Price
57,LED pocket torch / flashlight,057_led-pocket-torch-flashlight.jpg,https://img.fix-price.com/insecure/rs:fit:800:800/plain/pim/images/910bb70e3874db9c71a7698fa1a13ba5_43.jpg,https://fix-price.com/catalog/dlya-doma/p-5012087-fonarik-svetodiodnyy--95-sm-v-assortimente,Fix Price
58,Porcelain tea cup with saucer,058_porcelain-tea-cup-with-saucer.jpg,https://asset.action.com/image/upload/t_digital_product_image/w_1080/3218989_8721098347939-111_01_ed3sre.webp,https://www.action.com/pl-pl/p/3218989/porcelanowa-filizanka-i-spodek/,Action
59,Anti-slip textile bath mat,059_anti-slip-textile-bath-mat.jpg,https://img.fix-price.com/insecure/rs:fit:800:800/plain/pim/images/1aea4a0a380b8d8d7752e173411d1e50.jpg,https://fix-price.com/catalog/dlya-doma/tekstil/p-5035223-kovrik-dlya-vannoy-ath-epublic-80h50-sm-v-assortimente,Fix Price
60,Terry hand towel (40x70 / 50x90),060_terry-hand-towel-40x70-50x90.jpg,https://img.fix-price.com/insecure/rs:fit:800:800/plain/pim/images/f4316be91107c48e13fd87a06ccc0f9f_27.jpg,https://fix-price.com/catalog/dlya-doma/tekstil/p-5070727-polotentse-mahrovoe-40h70-v-assortimente,Fix Price
61,Tape measure 5 m,061_tape-measure-5-m.jpg,https://img.fix-price.com/insecure/rs:fit:800:800/plain/pim/images/7d1e6ec611436d3bb8fa42a435cad56b_44.jpg,https://fix-price.com/catalog/dlya-doma/dlya-remonta/p-5003013-ruletka-aster-and-5-m-v-assortimente,Fix Price
62,Heavy-duty scouring sponges (grill/pan),062_heavy-duty-scouring-sponges-grill-pan.jpg,https://img.fix-price.com/insecure/rs:fit:800:800/plain/pim/images/_default_upload_bucket/524b016745568e11c95e18248c887118.jpg,https://fix-price.com/catalog/dlya-doma/tovary-dlya-uborki/p-5026181-nabor-gubok-dlya-silnyh-zagryazneniy-onome-7-sht,Fix Price
63,Clothesline rope,063_clothesline-rope.jpg,https://img.fix-price.com/insecure/rs:fit:800:800/plain/bit/_marketplace/images/origin/dd/dd9c2ef25e5563f52b77278f2faae7ae.jpg,https://fix-price.com/catalog/dlya-doma/p-5063033-vervka-dlya-belya-ome-ime-6-mm-h-10-m-v-assortimente,Fix Price
64,Hand scrubbing brush,064_hand-scrubbing-brush.jpg,https://img.fix-price.com/insecure/rs:fit:800:800/plain/pim/images/f0f3ec2c5baf5faf2fbd63bcce3b17f9_25.jpg,https://fix-price.com/catalog/dlya-doma/p-5044137-schtka-hozyaystvennaya-14-sm-v-assortimente,Fix Price
65,Cellulose sponge cloths (Swedish dishcloth),065_cellulose-sponge-cloths-swedish-dishcloth.jpg,https://img.fix-price.com/insecure/rs:fit:800:800/plain/bit/_marketplace/images/origin/87/87c6971251e2c161192641a1cb39fe8e.jpg,https://fix-price.com/catalog/dlya-doma/p-5040551-salfetka-tsellyuloznaya-onome-15h15-sm-5-sht-v-assortimente,Fix Price
66,"Viscose all-purpose cloths, multipack",066_viscose-all-purpose-cloths-multipack.jpg,https://img.fix-price.com/insecure/rs:fit:800:800/plain/pim/images/_default_upload_bucket/38b7f0be7f435fb36725c3aae6c00e82.jpg,https://fix-price.com/catalog/dlya-doma/tovary-dlya-uborki/p-5040361-salfetki-iz-viskozy-onome-30h38-sm-10-sht,Fix Price
67,"Dessert plate, single, decorated",067_dessert-plate-single-decorated.jpg,https://asset.action.com/image/upload/t_digital_product_image/w_1080/3223127_8712628702823-111_01_hs8nti.webp,https://www.action.com/pl-pl/p/3223127/talerzyk-deserowy/,Action
68,Heavy cotton floor cloth,068_heavy-cotton-floor-cloth.jpg,https://img.fix-price.com/insecure/rs:fit:800:800/plain/bit/_marketplace/images/origin/77/77339659dd21fb39633e94a72d052438.jpg,https://fix-price.com/catalog/dlya-doma/p-5040467-tryapka-dlya-pola-povyshennoy-plotnosti-onome-80h100-sm,Fix Price
69,Plastic washing-up basin (2.5-26 L),069_plastic-washing-up-basin-2-5-26-l.jpg,https://www.carrefour.pl/images/product/350x350/miska-okragla-z-wylewka-carrefour-2-5-l-mix-883thd.jpg,https://www.carrefour.pl/zakupy-niecodzienne/dom-i-ogrod/wyposazenie-domu/domowe-porzadki/wiadra-i-miski/miska-okragla-z-wylewka-carrefour-2-5-l-mix,Carrefour
70,Round screw-lid plastic food container,070_round-screw-lid-plastic-food-container.jpg,https://www.carrefour.pl/images/product/350x350/pojemnik-rukkola-zakrecany-06l-bbrmo9.jpg,https://www.carrefour.pl/zakupy-niecodzienne/dom-i-ogrod/wyposazenie-domu/kuchnia-i-jadalnia/przechowywanie-zywnosci/branq-pojemnik-zakrecany-rukola-06l,Carrefour
71,"Plastic food container with lid, single",071_plastic-food-container-with-lid-single.jpg,https://www.carrefour.pl/images/product/350x350/pojemnik-curver-fresh-go-08-l-niebieski-182263-cunmq2.jpg,https://www.carrefour.pl/zakupy-niecodzienne/dom-i-ogrod/wyposazenie-domu/kuchnia-i-jadalnia/przechowywanie-zywnosci/pojemnik-na-zywnosc-curver-fresh-go-niebieski-0-8-l,Carrefour
72,Salad / serving bowl (glass / porcelain / plastic),072_salad-serving-bowl-glass-porcelain-plastic.jpg,https://www.carrefour.pl/images/product/350x350/miska-florentyna-basic-20-cm-3s9892-k1grvu.jpg,https://www.carrefour.pl/zakupy-niecodzienne/dom-i-ogrod/wyposazenie-domu/kuchnia-i-jadalnia/zastawa-stolowa/florina-salaterka-basic-20cm,Carrefour
73,Long gas-stove lighter (piezo / refillable),073_long-gas-stove-lighter-piezo-refillable.jpg,https://www.carrefour.pl/images/product/350x350/zapalarka-piezoelektryczna-letstrade-zapalarka-gh19-niebieski-gh19-dfanc1.jpg,https://www.carrefour.pl/zakupy-niecodzienne/dom-i-ogrod/wyposazenie-domu/kuchnia-i-jadalnia/akcesoria-kuchenne-ul/zapalarka-piezoelektryczna-letstrade-zapalarka-gh19-niebieski-gh19,Carrefour
74,Plastic bucket 10-12 L,074_plastic-bucket-10-12-l.jpg,https://img.fix-price.com/insecure/rs:fit:800:800/plain/pim/images/_default_upload_bucket/vedro_anons.jpg,https://fix-price.com/catalog/dlya-doma/tovary-dlya-uborki/p-5069716-vedro-12-l-v-assortimente,Fix Price
75,Reusable non-woven cloths on a roll,075_reusable-non-woven-cloths-on-a-roll.jpg,https://img.fix-price.com/insecure/rs:fit:800:800/plain/bit/_marketplace/images/origin/ad/ad46921053b14ef90a497b5d833f8301.jpg,https://fix-price.com/catalog/dlya-doma/p-5040588-tryapki-dlya-uborki-v-rulone-onome-50-sht-v-assortimente,Fix Price
76,Mesh laundry wash bag,076_mesh-laundry-wash-bag.jpg,https://img.fix-price.com/insecure/rs:fit:800:800/plain/bit/_marketplace/images/origin/af/af8eed5d3dad4260c37165115da2bb6c.JPG,https://fix-price.com/catalog/dlya-doma/p-5079276-meshok-dlya-stirki-nijnego-belya-ome-ime-v-assortimente,Fix Price
77,Spin mop and bucket set,077_spin-mop-and-bucket-set.jpg,https://img.fix-price.com/insecure/rs:fit:800:800/plain/bit/_marketplace/images/origin/22/221dde887715d23b374e3585419f61f8.jpg,https://fix-price.com/catalog/dlya-doma/p-5044147-shvabra-s-vedrom-ome-ime-115-sm-65-l,Fix Price
78,Stainless steel travel mug (thermo mug),078_stainless-steel-travel-mug-thermo-mug.jpg,https://resources.cdn-kaspi.kz/img/m/p/hc3/h39/85556762116126.png?format=gallery-large,https://kaspi.kz/shop/p/termokruzhka-15224021-221431893-0-51-l-chernyi-117849562/,Kaspi
79,"Soup / deep plate, single (20-24 cm)",079_soup-deep-plate-single-20-24-cm.jpg,https://www.carrefour.pl/images/product/350x350/talerz-gleboki-florentyna-parma-23-x-23-cm-3t5099-t17aog.jpg,https://www.carrefour.pl/zakupy-niecodzienne/dom-i-ogrod/wyposazenie-domu/kuchnia-i-jadalnia/zastawa-stolowa/talerz-gleboki-florentyna-parma-23-x-23-cm-3t5099,Carrefour
80,Kitchen scissors,080_kitchen-scissors.jpg,https://img.fix-price.com/insecure/rs:fit:800:800/plain/bit/_marketplace/images/origin/a2/a225c549bbd64eda3293a77ae88a8ae0.jpg,https://fix-price.com/catalog/dlya-doma/p-5021668-nojnitsy-kuhonnye-itchen-v-assortimente,Fix Price
81,Clear PVC table protector sheet,081_clear-pvc-table-protector-sheet.jpg,https://asset.action.com/image/upload/t_digital_product_image/w_1080/32172421.webp,https://www.action.com/pl-pl/p/2573196/przezroczysta-cerata-na-stol/,Action
82,Duct / reinforced repair tape,082_duct-reinforced-repair-tape.jpg,https://asset.action.com/image/upload/t_digital_product_image/w_1920/36570037.webp,https://www.action.com/pl-pl/p/3210681/klejaca-tasma-naprawcza-3m/,Action
83,Zip garment bag / suit cover,083_zip-garment-bag-suit-cover.jpg,https://n11scdn.akamaized.net/a1/400_570/09/47/65/91/IMG-7626690388295122852.jpg,https://www.n11.com/urun/takim-elbise-kilifi-5-adet-fermuarli-gamboc-siyah-34366262,n11
84,Small plastic cutting board,084_small-plastic-cutting-board.jpg,https://asset.action.com/image/upload/t_digital_product_image/w_1920/3016470_8718964179787-110_01_r7uc3p.webp,https://www.action.com/pl-pl/p/3016470/antybakteryjna-deska-do-krojenia-redstone/,Action
85,Dish brush with long handle,085_dish-brush-with-long-handle.jpg,https://img.fix-price.com/insecure/rs:fit:800:800/plain/bit/_marketplace/images/origin/60/60d34f017d9eedb631fdfe7b44e84bf2.jpg,https://fix-price.com/catalog/dlya-doma/p-5041113-schtka-dlya-posudy-ome-ime-27-sm-v-assortimente,Fix Price
86,PEVA shower curtain with rings,086_peva-shower-curtain-with-rings.jpg,https://img.fix-price.com/insecure/rs:fit:800:800/plain/bit/_marketplace/images/origin/d5/d57a4ffd24830190fb192721ce9325c8.jpg,https://fix-price.com/catalog/dlya-doma/p-5030042-shtora-dlya-vannoy-ath-epublic-180h180-sm-v-assortimente,Fix Price
87,"Woven PVC placemat, rectangular",087_woven-pvc-placemat-rectangular.jpg,https://asset.action.com/image/upload/t_digital_product_image/w_1080/2546556_8714333024368-111_01_wlwhz9.webp,https://www.action.com/pl-pl/p/2546556/tkana-podkladka-pod-talerz/,Action
88,Small glass snack bowl,088_small-glass-snack-bowl.jpg,https://asset.action.com/image/upload/t_digital_product_image/w_1080/3223577_8718885337969-111_01_rz0bu2.webp,https://www.action.com/pl-pl/p/3223577/miska/,Action
89,Wired in-ear earphones (3.5 mm / USB-C),089_wired-in-ear-earphones-3-5-mm-usb-c.jpg,https://img.fix-price.com/insecure/rs:fit:800:800/plain/pim/images/_default_upload_bucket/5013083_kopia_jpg_345_0_62781800_1788187832.jpg,https://fix-price.com/catalog/dlya-doma/elektrotovary/p-5013083-naushniki--115-sm-v-assortimente,Fix Price
90,Box grater (4-sided),090_box-grater-4-sided.jpg,https://img.fix-price.com/insecure/rs:fit:800:800/plain/bit/_marketplace/images/origin/50/509e390df34cb37890824d855850700c.jpg,https://fix-price.com/catalog/dlya-doma/p-5021252-trka-chetyrhgrannaya-itchen-205h9-sm,Fix Price
91,Milk pan / small saucepan with handle (1-1.5 L),091_milk-pan-small-saucepan-with-handle-1-1-5-l.jpg,https://s.f.kz/prod/2513/2512433_550.jpg,https://www.flip.kz/catalog?prod=2512433,Flip.kz
92,Rectangular metal baking / roasting tin (25-40 cm),092_rectangular-metal-baking-roasting-tin-25-40-cm.jpg,https://www.carrefour.pl/images/product/350x350/mc-blacha-wysoka-30x25x6-non-stick-r6lr44.jpg,https://www.carrefour.pl/zakupy-niecodzienne/dom-i-ogrod/wyposazenie-domu/kuchnia-i-jadalnia/formy-do-ciast-84/mc-blacha-wysoka-30x25x6-non-stick,Carrefour
93,Melamine sponges (magic eraser),093_melamine-sponges-magic-eraser.jpg,https://img.fix-price.com/insecure/rs:fit:800:800/plain/bit/_marketplace/images/origin/6b/6bf3a8bcf0f8822bffaf331f19875cd5.jpg,https://fix-price.com/catalog/dlya-doma/p-5025433-gubki-melaminovye-8-sht,Fix Price
94,Spray mop with refillable tank,094_spray-mop-with-refillable-tank.jpg,https://img.fix-price.com/insecure/rs:fit:800:800/plain/bit/_marketplace/images/origin/55/5560809f288e8b1876f014e2fd02be31.jpg,https://fix-price.com/catalog/dlya-doma/p-5044149-shvabra-s-raspylitelem-ome-ime-127-sm,Fix Price
95,Soap-dispensing scrub brush,095_soap-dispensing-scrub-brush.jpg,https://img.fix-price.com/insecure/rs:fit:800:800/plain/bit/_marketplace/images/origin/71/71b362e6b410083771818ba151bb05f9.jpg,https://fix-price.com/catalog/dlya-doma/p-5041119-schtka-s-dozatorom-ome-ime-17-sm,Fix Price
96,Small snack pot / snack container,096_small-snack-pot-snack-container.jpg,https://asset.action.com/image/upload/t_digital_product_image/w_1920/3219146_8711568115045-110_01_esiaz2.webp,https://www.action.com/pl-pl/p/3219146/pojemnik-na-przekaski-lowenthal/,Action
97,"Hot-melt glue sticks, refill pack",097_hot-melt-glue-sticks-refill-pack.jpg,https://www.carrefour.pl/images/product/350x350/wklad-klejowy-przezroczysty-crootech-udisru.jpg,https://www.carrefour.pl/zakupy-niecodzienne/dom-i-ogrod/remont-i-warsztat/kleje-kf/wklad-klejowy-przezroczysty-crootech-w-laskach-do-pistoletu,Carrefour
98,"Dinner / side plate, single (19-31 cm)",098_dinner-side-plate-single-19-31-cm.jpg,https://www.carrefour.pl/images/product/350x350/talerz-plytki-florentyna-parma-27-x-27-cm-3t9065-ah9btl.jpg,https://www.carrefour.pl/zakupy-niecodzienne/dom-i-ogrod/wyposazenie-domu/kuchnia-i-jadalnia/zastawa-stolowa/talerz-plytki-florentyna-parma-27-x-27-cm-3t9065,Carrefour
99,Flat microfibre mop with telescopic handle,099_flat-microfibre-mop-with-telescopic-handle.jpg,https://img.fix-price.com/insecure/rs:fit:800:800/plain/bit/_marketplace/images/origin/ef/ef436516e0c5c0667e28123159a52c9a.jpg,https://fix-price.com/catalog/dlya-doma/p-5044144-shvabra-s-teleskopicheskoy-ruchkoy-ome-ime-120-sm,Fix Price
100,Plastic laundry basket,100_plastic-laundry-basket.jpg,https://asset.action.com/image/upload/t_digital_product_image/w_1920/3013156_8009404277423-111_01_gdsdmz.webp,https://www.action.com/pl-pl/p/3013156/kosz-na-pranie-tontarelli/,Action
101,"Night light (USB / battery), children's or bedside",101_night-light-usb-battery-children-s-or-bedside.jpg,https://asset.action.com/image/upload/t_digital_product_image/w_1920/34720191.webp,https://www.action.com/pl-pl/p/3213543/lampka-nocna/,Action
102,"Wooden clothes hangers, set",102_wooden-clothes-hangers-set.jpg,https://img.fix-price.com/insecure/rs:fit:800:800/plain/bit/_marketplace/images/origin/64/646eb135f8d7b9180c3b000eae829ce8.jpg,https://fix-price.com/catalog/dlya-doma/p-5060521-veshalki-derevyannye-ome-ime-5-sht-v-assortimente,Fix Price
103,"Plastic clip-lock food container, single",103_plastic-clip-lock-food-container-single.jpg,https://www.carrefour.pl/images/product/350x350/pojemnik-curver-grand-chef-16-l-164795-hl5db3.jpg,https://www.carrefour.pl/zakupy-niecodzienne/dom-i-ogrod/wyposazenie-domu/kuchnia-i-jadalnia/przechowywanie-zywnosci/pojemnik-curver-grand-chef-16-l-164795,Carrefour
104,"Scented tealight candles, multipack",104_scented-tealight-candles-multipack.jpg,https://img.fix-price.com/insecure/rs:fit:800:800/plain/bit/_marketplace/images/origin/59/59cb6bdf37aeb7c2cbb4499e92e64f45.jpg,https://fix-price.com/catalog/suveniry-i-podarki/p-5231125-svechi-chaynye-aromatizirovannye-12-sht-v-assortimente,Fix Price
105,USB wall charger (USB-A + Type-C),105_usb-wall-charger-usb-a-type-c.jpg,https://img.fix-price.com/insecure/rs:fit:800:800/plain/pim/images/5933223684028c3ae2b11e49e832c437_33.jpg,https://fix-price.com/catalog/dlya-doma/p-5013536-setevoe-zaryadnoe-ustroystvo---ype--v-assortimente,Fix Price
106,Refillable pump soap dispenser,106_refillable-pump-soap-dispenser.jpg,https://img.fix-price.com/insecure/rs:fit:800:800/plain/bit/_marketplace/images/origin/4a/4a6ef51e96b5010d31ced0059ca40617.jpg,https://fix-price.com/catalog/dlya-doma/p-5035239-dozator-universalnyy-ath-epublic-500-ml-v-assortimente,Fix Price
107,Phone stand / suction phone holder,107_phone-stand-suction-phone-holder.jpg,https://asset.action.com/image/upload/t_digital_product_image/w_1920/3219020_8715409246806-110_01_inwjel.webp,https://www.action.com/pl-pl/p/3219020/uchwyt-na-telefon-z-przyssawka-lab31/,Action
108,Duster brush with handle / extendable,108_duster-brush-with-handle-extendable.jpg,https://img.fix-price.com/insecure/rs:fit:800:800/plain/bit/_marketplace/images/origin/e1/e1d4df9ac8e45715c3b2cc0185e6ad88.jpg,https://fix-price.com/catalog/dlya-doma/p-5044143-schtka-dlya-pyli-ome-ime-53-sm-v-assortimente,Fix Price
109,"Mixing bowl (plastic / steel, 1-3 L)",109_mixing-bowl-plastic-steel-1-3-l.jpg,https://www.carrefour.pl/images/product/350x350/miska-domotti-miska-nierdzewna-extra-24-cm-81059-1uni4o.jpg,https://www.carrefour.pl/zakupy-niecodzienne/dom-i-ogrod/wyposazenie-domu/kuchnia-i-jadalnia/garnki-22/miska-domotti-miska-nierdzewna-extra-24-cm-81059,Carrefour
110,Silicone dish scrubber,110_silicone-dish-scrubber.jpg,https://img.fix-price.com/insecure/rs:fit:800:800/plain/bit/_marketplace/images/origin/48/4848defcab6521d3e1d7c15d3a13f304.jpg,https://fix-price.com/catalog/dlya-doma/p-5026320-schtka-silikonovaya-onome-v-assortimente,Fix Price
111,RGB colour-changing LED bulb with remote (E27),111_rgb-colour-changing-led-bulb-with-remote-e27.jpg,https://n11scdn.akamaized.net/a1/400_570/09/21/19/19/IMG-8920532394945195948.jpg,https://www.n11.com/urun/osram-9w-rgb-uzaktan-kumandali-led-ampul-renk-degistiren-6183276,n11
112,Stainless steel vacuum flask for drinks (0.5-1 L),112_stainless-steel-vacuum-flask-for-drinks-0-5-1-l.jpg,https://asset.action.com/image/upload/t_digital_product_image/w_1920/3216035_8718964240340-111_01_vahpiz.webp,https://www.action.com/pl-pl/p/3216035/termos-prozniowy/,Action
113,"Glass teapot with infuser, ~1 L",113_glass-teapot-with-infuser-1-l.jpg,https://asset.action.com/image/upload/t_digital_product_image/w_1080/3213979_8712628700461-110_01_oo29ve.webp,https://www.action.com/pl-pl/p/3213979/dzbanek-do-zaparzania-herbaty/,Action
114,Printed cotton tea towel (novelty print),114_printed-cotton-tea-towel-novelty-print.jpg,https://img.fix-price.com/insecure/rs:fit:800:800/plain/pim/images/_default_upload_bucket/5070776_anons_1080x1350.jpg,https://fix-price.com/catalog/dlya-doma/p-5070776-polotentse-kuhonnoe-ovoschi-50h30-sm-v-assortimente,Fix Price
115,"Reed diffuser with sticks, small (40-100 ml)",115_reed-diffuser-with-sticks-small-40-100-ml.jpg,https://img.fix-price.com/insecure/rs:fit:800:800/plain/pim/images/8e4754f8b155e4ce4317eac764365e12_41.jpg,https://fix-price.com/catalog/suveniry-i-podarki/p-5243612-aromaticheskiy-diffuzor-iveresh-v-assortimente,Fix Price
116,Colander,116_colander.jpg,https://asset.action.com/image/upload/t_digital_product_image/w_1920/30191978.webp,https://www.action.com/pl-pl/p/2526286/sito-durszlak/,Action
117,Mini lidded storage box (0.5-3.5 L),117_mini-lidded-storage-box-0-5-3-5-l.jpg,https://asset.action.com/image/upload/t_digital_product_image/w_1920/2546379_5715079100203-110_01_vocbsc.webp,https://www.action.com/pl-pl/p/2546379/pojemnik-do-przechowywania-z-pokrywka-0-65-l/,Action
118,Artificial flower stem / branch,118_artificial-flower-stem-branch.jpg,https://img.fix-price.com/insecure/rs:fit:800:800/plain/pim/images/2e637c7b0404064e55072180f76fc27b_33.jpg,https://fix-price.com/catalog/suveniry-i-podarki/p-5240274-tsvetok-iskusstvennyy-vetka-sireni-v-assortimente,Fix Price
119,Sink soap dispenser with sponge holder,119_sink-soap-dispenser-with-sponge-holder.jpg,https://n11scdn.akamaized.net/a1/400_570/15/56/56/24/IMG-3755239315462597196.jpg,https://www.n11.com/urun/suntel-tezgah-ustu-sivi-sabunluk-ve-sungerlik-organizer-siyah-90695440,n11
120,Cellulose sponge,120_cellulose-sponge.jpg,https://img.fix-price.com/insecure/rs:fit:800:800/plain/bit/_marketplace/images/origin/bb/bb999d3c8fe513a5156309de79a8001c.jpg,https://fix-price.com/catalog/dlya-doma/p-5026319-gubka-tsellyuloznaya-onome-v-assortimente,Fix Price
121,Motion-sensor LED stick-on light (wardrobe/stairs),121_motion-sensor-led-stick-on-light-wardrobe-stairs.jpg,https://asset.action.com/image/upload/t_digital_product_image/w_1920/3221709_8718964270385-111_01_eu2ypk.webp,https://www.action.com/pl-pl/p/3221709/oswietlenie-szafy-z-czujnikiem-ruchu/,Action
122,Large plastic storage box with lid (25-45 L),122_large-plastic-storage-box-with-lid-25-45-l.jpg,https://asset.action.com/image/upload/t_digital_product_image/w_1920/2535481_8010059016527-110_03_vvn1lg.webp,https://www.action.com/pl-pl/p/2535481/pojemnik-do-przechowywania-heidrun/,Action
123,Butter dish with lid,123_butter-dish-with-lid.jpg,https://resources.cdn-kaspi.kz/img/m/p/h11/h85/86732835094558.png?format=gallery-large,https://kaspi.kz/shop/p/lsdecor-kz-maslenka-keramicheskaja-maslenka-oval-naja-1-sht-keramika-122181818/,Kaspi
124,Decorative cushion cover 40x40,124_decorative-cushion-cover-40x40.jpg,https://img.fix-price.com/insecure/rs:fit:800:800/plain/bit/_marketplace/images/origin/26/26c7ab6bc9e296bc9391e15cef8536a4.jpg,https://fix-price.com/catalog/dlya-doma/p-5072133-navolochka-dekorativnaya-4040-sm-v-assortimente,Fix Price
125,Dish drying rack / drainer tray,125_dish-drying-rack-drainer-tray.jpg,https://n11scdn.akamaized.net/a1/400_570/11/21/04/78/IMG-237670833661124402.jpg,https://www.n11.com/urun/porsima-5328-acilir-kapanir-bulasik-tepsisi-bulasiklik-tezgah-ustu-kurutmalik-durulama-mati-su-akitma-kanalli-bulasik-sepeti-gri-beyaz-120975073,n11
126,Vacuum storage bag,126_vacuum-storage-bag.jpg,https://img.fix-price.com/insecure/rs:fit:800:800/plain/bit/_marketplace/images/origin/07/07c6c2d062600635a00e8605f20f196c.png,https://fix-price.com/catalog/dlya-doma/aksessuary-dlya-odezhdy/p-5062050-vakuumnyy-paket-s-aromatom-ome-ime-50h70-sm-v-assortimente,Fix Price
127,Decorative filled cushion,127_decorative-filled-cushion.jpg,https://img.fix-price.com/insecure/rs:fit:800:800/plain/bit/_marketplace/images/origin/67/67f7c685f2b893ae2f9b871b697b55f1.jpg,https://fix-price.com/catalog/dlya-doma/p-5246161-podushka-dekorativnaya-kapriana-imp,Fix Price
128,Multi-connector charging cable (3-in-1 / 6-in-1),128_multi-connector-charging-cable-3-in-1-6-in-1.jpg,https://asset.action.com/image/upload/t_digital_product_image/w_1920/3222946_8711332493201-110_01_s9cn5e.webp,https://www.action.com/pl-pl/p/3222946/kabel-do-ladowania-i-przesylania-danych-6w1-sologic/,Action
129,Small printed rug / kitchen mat (40x60),129_small-printed-rug-kitchen-mat-40x60.jpg,https://img.fix-price.com/insecure/rs:fit:800:800/plain/bit/_marketplace/images/origin/3a/3a816168be0d08ce2afa23f9cfbae8f7.png,https://fix-price.com/catalog/dlya-doma/p-5080245-kovrik-universalnyy-4060-sm-v-assortimente,Fix Price
130,Shoe horn,130_shoe-horn.jpg,https://n11scdn.akamaized.net/a1/400_570/16/76/17/68/IMG-5623824399103385954.jpg,https://www.n11.com/urun/ayakkabi-cekecegi-kerata-metal-cekecek-70-cm-48672071,n11
131,Silicone toilet brush,131_silicone-toilet-brush.jpg,https://img.fix-price.com/insecure/rs:fit:800:800/plain/bit/_marketplace/images/origin/df/df5df9516d28d5f2d56f8aaded91b57a.jpg,https://fix-price.com/catalog/dlya-doma/p-5031127-rsh-dlya-unitaza-silikonovyy-ath-epublic-39-sm-v-assortimente,Fix Price
132,Sink / tap sponge holder caddy,132_sink-tap-sponge-holder-caddy.jpg,https://n11scdn.akamaized.net/a1/400_570/08/67/58/12/IMG-7474057722852198092.jpg,https://www.n11.com/urun/mainshop-2-adet-siyah-celik-bulasik-sunger-tutucu-bulasik-sungeri-tutacagi-3-m-aski-yapiskanli-paslanmaz-siyah-69929755,n11
133,"Disposable piping bags, multipack",133_disposable-piping-bags-multipack.jpg,https://asset.action.com/image/upload/t_digital_product_image/w_1080/27711737.webp,https://www.action.com/pl-pl/p/2578387/profesjonalne-rekawy-cukiernicze/,Action
134,"Wall clock, small (20-30 cm)",134_wall-clock-small-20-30-cm.jpg,https://asset.action.com/image/upload/t_digital_product_image/w_1920/3204371_8721037954075-110_01_idjjd5.webp,https://www.action.com/pl-pl/p/3204371/zegar-scienny/,Action
135,"Shoe insoles, cushioning (cut-to-size)",135_shoe-insoles-cushioning-cut-to-size.jpg,https://img.fix-price.com/insecure/rs:fit:800:800/plain/bit/_marketplace/images/origin/4b/4b5929aace6d5b00760c8b7cc94be3f1.jpg,https://fix-price.com/catalog/dlya-doma/p-5054172-stelki-appy-oot-1-para-v-assortimente,Fix Price
136,"Elastic food covers (shower-cap style), multipack",136_elastic-food-covers-shower-cap-style-multipack.jpg,https://asset.action.com/image/upload/t_digital_product_image/w_1920/3205806_8713815207121-111_01_fugacw.webp,https://www.action.com/pl-pl/p/3205806/pokrowce-na-produkty-spozywcze-dumil/,Action
137,"Disposable gloves, multipack",137_disposable-gloves-multipack.jpg,https://img.fix-price.com/insecure/rs:fit:800:800/plain/pim/images/e47844a539f7c4174c493d7634e9020d_6.jpg,https://fix-price.com/catalog/dlya-doma/p-5043176-perchatki-odnorazovye-onome-25-par-v-assortimente,Fix Price
138,Microfibre glass & mirror cloth,138_microfibre-glass-mirror-cloth.jpg,https://img.fix-price.com/insecure/rs:fit:800:800/plain/bit/_marketplace/images/origin/09/0903803c958df8090dd527f45da67c60.jpg,https://fix-price.com/catalog/dlya-doma/p-5040657-nanotryapka-onome-18h16-sm-2-sht-v-assortimente,Fix Price
139,Non-stick frying pan (24-28 cm),139_non-stick-frying-pan-24-28-cm.jpg,https://asset.action.com/image/upload/t_digital_product_image/w_1920/3215461_5907078491066-110_01_zfvrjh.webp,https://www.action.com/pl-pl/p/3215461/patelnia-ambition/,Action
140,LED candle bulb E14,140_led-candle-bulb-e14.jpg,https://asset.action.com/image/upload/t_digital_product_image/w_1920/3224358_8721103158840-111_01_xmthys.webp,https://www.action.com/pl-pl/p/3224358/zarowka-led-z-mozliwoscia-przyciemniania-swiatla-philips/,Action
141,Toilet seat lid cover (textile),141_toilet-seat-lid-cover-textile.jpg,https://img.fix-price.com/insecure/rs:fit:800:800/plain/bit/_marketplace/images/origin/f0/f08f8591858336d2a58ecd6a789270d5.jpg,https://fix-price.com/catalog/dlya-doma/p-5033164-chehol-na-sidene-unitaza-ath-epublic-v-assortimente,Fix Price
142,Toothbrush tumbler/cup,142_toothbrush-tumbler-cup.jpg,https://img.fix-price.com/insecure/rs:fit:800:800/plain/bit/_marketplace/images/origin/10/100591a9cde5f1fdcee01e22f7619859.jpg,https://fix-price.com/catalog/dlya-doma/p-5031116-stakan-dlya-vannoy-ath-epublic-9-sm,Fix Price
143,"LED fairy string lights, battery (non-seasonal)",143_led-fairy-string-lights-battery-non-seasonal.jpg,https://n11scdn.akamaized.net/a1/400_570/04/73/01/37/IMG-8527401150298949792.jpg,https://www.n11.com/urun/3-metre-pilli-peri-led-dekor-isik-gunisigi-dekoratif-led-lamba-sari-6476953,n11
144,"Entrance door mat (PP pile, rubber back)",144_entrance-door-mat-pp-pile-rubber-back.jpg,https://img.fix-price.com/insecure/rs:fit:800:800/plain/pim/images/_default_upload_bucket/5080230_anons_1080x1350.jpg,https://fix-price.com/catalog/dlya-doma/p-5080230-kovrik-pridvernyy-50h76-sm-v-assortimente,Fix Price
145,Digital kitchen scale,145_digital-kitchen-scale.jpg,https://img.fix-price.com/insecure/rs:fit:800:800/plain/bit/_marketplace/images/origin/5b/5bea96a951b0e55b27704e019b0555ea.jpg,https://fix-price.com/catalog/dlya-doma/p-5092663-vesy-elektronnye-kuhonnye-s-mernym-stakanom-itchen-12-l-v-assortimente,Fix Price
146,Button cell batteries (LR44 / watch SR626),146_button-cell-batteries-lr44-watch-sr626.jpg,https://www.carrefour.pl/images/product/org/duracell-lr44-15-v-b-baterie-alkaliczne-2-sztuki-ahx2N2.jpg,https://www.carrefour.pl/zakupy-niecodzienne/elektronika/telewizory-i-rtv-59/akcesoria-pi/baterie-lm/duracell-lr44-15-v-b-baterie-alkaliczne-2-sztuki,Carrefour
147,Foldable fabric storage box / cube,147_foldable-fabric-storage-box-cube.jpg,https://asset.action.com/image/upload/t_digital_product_image/w_1920/3005397_8718964317486-110_01_rwsita.webp,https://www.action.com/pl-pl/p/3005397/skladany-kosz-do-przechowywania-home-accents/,Action
148,Quilted zip pillow protector,148_quilted-zip-pillow-protector.jpg,https://img.fix-price.com/insecure/rs:fit:800:800/plain/bit/_marketplace/images/origin/8f/8fd82f17a1f9f880490a366bc53c8188.jpg,https://fix-price.com/catalog/dlya-doma/p-5072139-chehol-stganyy-na-molnii-7070-sm,Fix Price
149,"Day-night (zebra) roller blind, small",149_day-night-zebra-roller-blind-small.jpg,https://img.fix-price.com/insecure/rs:fit:800:800/plain/bit/_marketplace/images/origin/48/48d879d9b959622965ee4ccf7e1f52c4.jpg,https://fix-price.com/catalog/dlya-doma/p-5073092-shtora-rulonnaya-den-noch-ome-ime-50h150-sm-v-assortimente,Fix Price
150,"Pillar candle, unscented / lightly scented",150_pillar-candle-unscented-lightly-scented.jpg,https://asset.action.com/image/upload/t_digital_product_image/w_1920/3205094_8718964280476-110_01_njmqnh.webp,https://www.action.com/pl-pl/p/3205094/swieca-pienkowa/,Action
151,"Dinner / taper candles, multipack",151_dinner-taper-candles-multipack.jpg,https://asset.action.com/image/upload/t_digital_product_image/w_1920/28175836.webp,https://www.action.com/pl-pl/p/3207521/swiece-stolowe-candra/,Action
152,Disposable pocket gas lighter,152_disposable-pocket-gas-lighter.jpg,https://asset.action.com/image/upload/t_digital_product_image/w_1920/2527288_8711292206637-110_01_dswnmo.webp,https://www.action.com/pl-pl/p/2527288/zapalniczka-gazowa-flame-classics/,Action
153,Hand brush and dustpan set,153_hand-brush-and-dustpan-set.jpg,https://img.fix-price.com/insecure/rs:fit:800:800/plain/pim/images/a8022f031eefb6d7b4445898557fd7ab_17.jpg,https://fix-price.kz/ru/catalog/dlya-doma/p-5041118-komplekt-schtka-smtka-s-sovkom-v-assortimente,Fix Price
154,Decorative tray (marble-look / wood),154_decorative-tray-marble-look-wood.jpg,https://asset.action.com/image/upload/t_digital_product_image/w_1920/3216037_8718964240159-110_01_ljphzv.webp,https://www.action.com/pl-pl/p/3216037/,Action
155,Dish drying mat (absorbent),155_dish-drying-mat-absorbent.jpg,https://img.fix-price.com/insecure/rs:fit:800:800/plain/bit/_marketplace/images/origin/23/234035fe32585c12a8b4f92c04af77f4.jpg,https://fix-price.com/catalog/dlya-doma/p-5071094-kovrik-pod-posudu-38h50-sm-v-assortimente,Fix Price
156,"Glass tea cup with handle, single",156_glass-tea-cup-with-handle-single.jpg,https://asset.action.com/image/upload/t_digital_product_image/w_1080/3217091_883314051841-111_01_qfhnrs.webp,https://www.action.com/pl-pl/p/3217091/szklanka-do-herbaty/,Action
157,Alarm clock (digital / analogue),157_alarm-clock-digital-analogue.jpg,https://asset.action.com/image/upload/t_digital_product_image/w_1920/2579600_5714988113885-110_02_nomznq.webp,https://www.action.com/pl-pl/p/2579600/budzik-cyfrowy/,Action
158,"Serrated paring knives, multipack",158_serrated-paring-knives-multipack.jpg,https://asset.action.com/image/upload/t_digital_product_image/w_1920/3208720_8715986200840-110_01_tjjy04.webp,https://www.action.com/pl-pl/p/3208720/nozyki-kuchenne-lowenthal/,Action
159,Handheld magnifying glass,159_handheld-magnifying-glass.jpg,https://n11scdn.akamaized.net/a1/400_570/04/05/51/37/IMG-5198755138858762020.jpg,https://www.n11.com/urun/mas-buyutec-90-mm-1108-33216925,n11
160,Solid cooking / serving spoon,160_solid-cooking-serving-spoon.jpg,https://img.fix-price.com/insecure/rs:fit:800:800/plain/bit/_marketplace/images/origin/5b/5b17349c3c608c63227add7297dca497.jpg,https://fix-price.com/catalog/dlya-doma/p-5092465-lojka-kuhonnaya-itchen35-sm-v-assortimente,Fix Price
161,12V remote-control batteries (A23 / A27),161_12v-remote-control-batteries-a23-a27.jpg,https://www.carrefour.pl/images/product/350x350/energizer-a23-12-v-baterie-alkaliczne-2-sztuki-NNbjSF.jpg,https://www.carrefour.pl/zakupy-niecodzienne/elektronika/telewizory-i-rtv-59/akcesoria-pi/baterie-lm/energizer-a23-12-v-baterie-alkaliczne-2-sztuki,Carrefour
162,Shoelaces,162_shoelaces.jpg,https://asset.action.com/image/upload/t_digital_product_image/w_1920/39199149.webp,https://www.action.com/pl-pl/p/2545900/sznurowki-shoe-like/,Action
163,"Cleaning brush set, assorted sizes (3 pcs)",163_cleaning-brush-set-assorted-sizes-3-pcs.jpg,https://img.fix-price.com/insecure/rs:fit:800:800/plain/bit/_marketplace/images/origin/52/522d7bc8e81e91bc93e6daf0d06b0997.jpg,https://fix-price.com/catalog/dlya-doma/p-5041056-nabor-schtok-ome-ime-3-sht-v-assortimente,Fix Price
164,LED spot bulb GU10 / GU5.3,164_led-spot-bulb-gu10-gu5-3.jpg,https://www.carrefour.pl/images/product/350x350/simpl-zarowka-led-45w-gu10-bialy-cieply-grup23.jpg,https://www.carrefour.pl/zakupy-niecodzienne/dom-i-ogrod/wyposazenie-domu/oswietlenie-a8/zarowki-74/simpl-zarowka-led-45w-gu10-bialy-cieply,Carrefour
165,Instant shoe-shine sponge,165_instant-shoe-shine-sponge.jpg,https://img.fix-price.com/insecure/rs:fit:800:800/plain/pim/images/f104ab947f379a099a3e2e7d20389601_24.jpg,https://fix-price.com/catalog/dlya-doma/p-5053049-gubka-dlya-obuvi-pridayuschaya-blesk-appy-oot-bestsvetnaya,Fix Price
166,"Glass drinking tumbler, single",166_glass-drinking-tumbler-single.jpg,https://asset.action.com/image/upload/t_digital_product_image/w_1080/3217491_8712628207489-110_01_combbn.webp,https://www.action.com/pl-pl/p/3217491/szklanka/,Action
167,Boot / shoe drip tray,167_boot-shoe-drip-tray.jpg,https://img.fix-price.com/insecure/rs:fit:800:800/plain/pim/images/_default_upload_bucket/5069284_anons_1080x1350.jpg,https://fix-price.com/catalog/dlya-doma/p-5069284-poddon-dlya-obuvi-70h3h37-sm,Fix Price
168,"Super glue (cyanoacrylate), small tube",168_super-glue-cyanoacrylate-small-tube.jpg,https://asset.action.com/image/upload/t_digital_product_image/w_1080/22690535.webp,https://www.action.com/pl-pl/p/2562356/klej-blyskawiczny-bison/,Action
169,Spoon rest,169_spoon-rest.jpg,https://n11scdn.akamaized.net/a1/400_570/15/20/53/83/IMG-1884614981554984481.jpg,https://www.n11.com/urun/porsima-org-85-kasik-ve-kapak-tutucu-kasik-kepce-altligi-antrasit-55949625,n11
170,Salad spinner,170_salad-spinner.jpg,https://n11scdn.akamaized.net/a1/400_570/14/85/44/76/IMG-4683340146394658148.jpg,https://www.n11.com/urun/gondol-vega-salata-kurutucu-44-lt-g25-yesil-34411731,n11
171,Scented wax melts for aroma burner,171_scented-wax-melts-for-aroma-burner.jpg,https://img.fix-price.com/insecure/rs:fit:800:800/plain/bit/_marketplace/images/origin/8e/8e4fbd40f14a9d9d5d2e43febef0ff23.JPG,https://fix-price.com/catalog/suveniry-i-podarki/p-5246096-aromavosk-d_aromalampy-imp,Fix Price
172,Toilet roll holder,172_toilet-roll-holder.jpg,https://asset.action.com/image/upload/t_digital_product_image/w_1920/2577322_8711292206675-111_01_m16wi0.webp,https://www.action.com/pl-pl/p/2577322/uchwyt-na-papier-toaletowy/,Action
173,Stretch chair cover,173_stretch-chair-cover.jpg,https://img.fix-price.com/insecure/rs:fit:800:800/plain/bit/_marketplace/images/origin/45/45b4f914689b2ee43d846f6b565d5366.jpg,https://fix-price.com/catalog/dlya-doma/p-5062073-chehol-na-stul-ome-ime-v-assortimente,Fix Price
174,Flat abrasive scouring pads,174_flat-abrasive-scouring-pads.jpg,https://img.fix-price.com/insecure/rs:fit:800:800/plain/pim/images/717e66407111d16877036f74a0bb4cce_32.jpg,https://fix-price.kz/ru/catalog/dlya-doma/p-5026314-salfetki-abrazivnye-125h15-sm-3-sht-v-assortimente,Fix Price
175,Mesh sieve with handle,175_mesh-sieve-with-handle.jpg,https://asset.action.com/image/upload/t_digital_product_image/w_1080/38559550.webp,https://www.action.com/pl-pl/p/2500062/sito-z-uchwytem/,Action
176,"Alkaline D (LR20) batteries, 2-pack",176_alkaline-d-lr20-batteries-2-pack.jpg,https://www.carrefour.pl/images/product/350x350/duracell-d-lr20-mn1300-1-5-v-baterie-alkaliczne-2-sztuki-hfDFiV.jpg,https://www.carrefour.pl/zakupy-niecodzienne/elektronika/telewizory-i-rtv-59/akcesoria-pi/baterie-lm/duracell-d-lr20-mn1300-1-5-v-baterie-alkaliczne-2-sztuki,Carrefour
177,Potato masher,177_potato-masher.jpg,https://asset.action.com/image/upload/t_digital_product_image/w_1920/3219764_8721098348578-110_01_gkcahw.webp,https://www.action.com/pl-pl/p/3219764/tluczek-do-ziemniakow-masterchef/,Action
178,Digital luggage scale,178_digital-luggage-scale.jpg,https://asset.action.com/image/upload/t_digital_product_image/w_1920/3224180_5714988102759-110_02_zvgnl6.webp,https://www.action.com/pl-pl/p/3224180/waga-do-bagazu/,Action
179,Popsicle / ice-lolly moulds with sticks,179_popsicle-ice-lolly-moulds-with-sticks.jpg,https://n11scdn.akamaized.net/a1/400_570/02/25/92/70/IMG-1168365146500817239.jpg,https://www.n11.com/urun/indecor-houseware-silikon-dondurma-kalibi-4lu-buyuk-boy-beyaz-123192232,n11
180,"Glass salt & pepper shakers, 2-pack",180_glass-salt-pepper-shakers-2-pack.jpg,https://asset.action.com/image/upload/t_digital_product_image/w_1080/21556942.webp,https://www.action.com/pl-pl/p/3204056/przyprawniki-excellent-houseware/,Action
181,Balloon whisk,181_balloon-whisk.jpg,https://asset.action.com/image/upload/t_digital_product_image/w_1920/3219765_8721098348592-110_01_gqr2ei.webp,https://www.action.com/pl-pl/p/3219765/trzepaczka-kuchenna-masterchef/,Action
182,Paint brush (single / set),182_paint-brush-single-set.jpg,https://img.fix-price.com/insecure/rs:fit:800:800/plain/pim/images/b52380f9cf2b555a51118fe91eb41a84_42.jpg,https://fix-price.com/catalog/dlya-doma/dlya-remonta/p-5002009-nabor-kistey-ploskih-malyarnyh-aster-and-3-sht-v-assortimente,Fix Price
183,Sandpaper assortment / sanding sponges,183_sandpaper-assortment-sanding-sponges.jpg,https://img.fix-price.com/insecure/rs:fit:800:800/plain/pim/images/a8116aa2e4121e21735f84c18801182a_11.jpg,https://fix-price.kz/ru/catalog/dlya-doma/dlya-remonta/p-5006057-nabor-najdachnoy-bumagi-aster-and-15-sht,Fix Price
184,Cordless LED mood table lamp (mushroom / mini),184_cordless-led-mood-table-lamp-mushroom-mini.jpg,https://asset.action.com/image/upload/t_digital_product_image/w_1920/3221029_8718964270439-111_01_oe0f0h.webp,https://www.action.com/pl-pl/p/3221029/lampa-stolowa/,Action
185,Bottle opener,185_bottle-opener.jpg,https://img.fix-price.com/insecure/rs:fit:800:800/plain/bit/_marketplace/images/origin/93/93b22f8c3d0549c28e7bd314eb3ff1e2.jpg,https://fix-price.com/catalog/dlya-doma/p-5092676-otkryvalka-dlya-butylok-itchen-v-assortimente,Fix Price
186,Garlic press,186_garlic-press.jpg,https://asset.action.com/image/upload/t_digital_product_image/w_1920/3219766_8721098348608-110_01_bpqykx.webp,https://www.action.com/pl-pl/p/3219766/praska-do-czosnku-masterchef/,Action
187,Small bathroom bin with lid,187_small-bathroom-bin-with-lid.jpg,https://n11scdn.akamaized.net/a1/400_570/08/81/78/83/IMG-7589400899230673317.jpg,https://www.n11.com/urun/tutma-sapli-ic-kovali-tezgah-ust-mutfak-ve-banyo-cop-kovasi-4-lt-gri-39712689,n11
188,Desk organiser / pen holder with compartments,188_desk-organiser-pen-holder-with-compartments.jpg,https://asset.action.com/image/upload/t_digital_product_image/w_1920/3220662_8718964263813-111_01_amqf5w.webp,https://www.action.com/pl-pl/p/3220662/organizer-na-biurko/,Action
189,"Large cutting board (30+ cm, plastic / wood / PE)",189_large-cutting-board-30-cm-plastic-wood-pe.jpg,https://www.carrefour.pl/images/product/org/deska-florina-okragla-duza-30-cm-7d7001-uirhkf.jpg,https://www.carrefour.pl/zakupy-niecodzienne/dom-i-ogrod/wyposazenie-domu/kuchnia-i-jadalnia/akcesoria-kuchenne-ul/deska-florina-okragla-duza-30-cm-7d7001,Carrefour
190,Vinyl wipe-clean tablecloth (fixed size),190_vinyl-wipe-clean-tablecloth-fixed-size.jpg,https://asset.action.com/image/upload/t_digital_product_image/w_1080/2570532_8718858315215-111_01_zba6j4.webp,https://www.action.com/pl-pl/p/2570532/obrus-na-stol-z-winylu/,Action
191,Slotted spoon / skimmer,191_slotted-spoon-skimmer.jpg,https://asset.action.com/image/upload/t_digital_product_image/w_1920/3219763_8721098348561-110_01_r3hldf.webp,https://www.action.com/pl-pl/p/3219763/lyzka-cedzakowa-masterchef/,Action
192,"Velvet non-slip hangers, set",192_velvet-non-slip-hangers-set.jpg,https://img.fix-price.com/insecure/rs:fit:800:800/plain/pim/images/7f0d595ca2272a1d0d90b2298179530a_41.jpg,https://fix-price.com/catalog/dlya-doma/aksessuary-dlya-odezhdy/p-5060225-veshalki-barhatnye-ome-ime-4-sht-v-assortimente,Fix Price
193,"Plastic dry-goods canister, single (0.5-2 L)",193_plastic-dry-goods-canister-single-0-5-2-l.jpg,https://www.carrefour.pl/images/product/350x350/pojemnik-na-artykuly-sypkie-curver-17-l-przezroczysty-qn8pva.jpg,https://www.carrefour.pl/zakupy-niecodzienne/dom-i-ogrod/wyposazenie-domu/kuchnia-i-jadalnia/przechowywanie-zywnosci/pojemnik-na-artykuly-sypkie-curver-17-l-przezroczysty,Carrefour
194,Work gloves (knitted / latex-coated),194_work-gloves-knitted-latex-coated.jpg,https://img.fix-price.com/insecure/rs:fit:800:800/plain/pim/images/_default_upload_bucket/498c793c539e3a2d7683abee22b63c3e.jpg,https://fix-price.com/catalog/sad-i-ogorod/p-5043015-perchatki-optima-4-pary,Fix Price
195,"Self-adhesive decorative / window film, roll",195_self-adhesive-decorative-window-film-roll.jpg,https://img.fix-price.com/insecure/rs:fit:800:800/plain/bit/_marketplace/images/origin/ed/edf07e028f45debfb75b2eac0f40f315.jpg,https://fix-price.com/catalog/dlya-doma/p-5079234-plnka-samokleyaschayasya-ome-ime-60h200-sm-v-assortimente,Fix Price
196,Cable lock with keys,196_cable-lock-with-keys.jpg,https://img.fix-price.com/insecure/rs:fit:800:800/plain/pim/images/a14736b3170b09de78ef5fc7e177804c_33.jpg,https://fix-price.com/catalog/dlya-doma/dlya-remonta/p-5006326-blokirator-s-trosom-i-klyuchami-aster-and-2-sht-v-assortimente,Fix Price
197,Metal loaf / bread tin (~25-30 cm),197_metal-loaf-bread-tin-25-30-cm.jpg,https://asset.action.com/image/upload/t_digital_product_image/w_1920/20046346.webp,https://www.action.com/pl-pl/p/208004/forma-do-ciasta-zenker/,Action
198,Fleece / flannel throw blanket,198_fleece-flannel-throw-blanket.jpg,https://img.fix-price.com/insecure/rs:fit:800:800/plain/pim/images/_default_upload_bucket/5078070_1350_anons.png,https://fix-price.com/catalog/dlya-doma/tekstil/p-5078070-pled-150h200-sm-v-assortimente,Fix Price
199,Manual knife sharpener,199_manual-knife-sharpener.jpg,https://n11scdn.akamaized.net/a1/400_570/16/67/52/85/IMG-3541538864509078455.jpg,https://www.n11.com/urun/mucit-home-bicak-bileyici-4-acili-elmas-seramik-celik-el-bicaklari-cok-renkli-93835887,n11
200,Collapsible foldable basin (TPR),200_collapsible-foldable-basin-tpr.jpg,https://img.fix-price.com/insecure/rs:fit:800:800/plain/bit/_marketplace/images/origin/5c/5c1c7a626c301c8a2494f63c06dc80c5.jpg,https://fix-price.com/catalog/dlya-doma/p-5079076-taz-skladnoy-ome-ime-10-l-v-assortimente,Fix Price
201,Small non-stick frying pan (18-20 cm),201_small-non-stick-frying-pan-18-20-cm.jpg,https://s.f.kz/prod/2613/2612817_1000.jpg,https://www.flip.kz/catalog?prod=2612817,Flip.kz
202,Tool bag,202_tool-bag.jpg,https://img.fix-price.com/insecure/rs:fit:800:800/plain/pim/images/565b6380cfbc3f0262df91e42c76c819_34.jpg,https://fix-price.kz/ru/catalog/dlya-doma/dlya-remonta/p-5006265-sumka-dlya-instrumentov-aster-and-v-assortimente,Fix Price
203,"Woven basket (bamboo / rattan / seagrass), small",203_woven-basket-bamboo-rattan-seagrass-small.jpg,https://asset.action.com/image/upload/t_digital_product_image/w_1920/4000015_8717796086706-111_01_jizs4b.webp,https://www.action.com/pl-pl/p/4000015/,Action
204,"Round cake tin, fixed base (20-28 cm)",204_round-cake-tin-fixed-base-20-28-cm.jpg,https://www.carrefour.pl/images/product/org/forma-tefal-delibake-okragla-27cm-j1641474-opzDRF.jpg,https://www.carrefour.pl/zakupy-niecodzienne/dom-i-ogrod/wyposazenie-domu/kuchnia-i-jadalnia/formy-do-ciast-84/forma-tefal-delibake-okragla-27cm-j1641474,Carrefour
205,"Shot glasses, 6-pack",205_shot-glasses-6-pack.jpg,https://asset.action.com/image/upload/t_digital_product_image/w_1080/3205550_5901105012385-110_01_mtfd10.webp,https://www.action.com/pl-pl/p/3205550/kieliszki-trendglas/,Action
206,Plastic lunch box with compartments (adult),206_plastic-lunch-box-with-compartments-adult.jpg,https://asset.action.com/image/upload/t_digital_product_image/w_1920/3002315_8712628705244-110_01_ae1wkn.webp,https://www.action.com/pl-pl/p/3002315/pojemnik-na-lunch/,Action
207,Jar & bottle lid opener (multi-size),207_jar-bottle-lid-opener-multi-size.jpg,https://n11scdn.akamaized.net/a1/400_570/04/06/85/68/IMG-1024815396471257244.jpg,https://www.n11.com/urun/4-boy-sikismis-sise-kavanoz-konserve-kapagi-acma-aparati-acacagi-4474654,n11
208,Round lace-look decorative doily,208_round-lace-look-decorative-doily.jpg,https://img.fix-price.com/insecure/rs:fit:800:800/plain/bit/_marketplace/images/origin/2f/2f25eaae4b691c44d950fd3227333661.jpg,https://fix-price.com/catalog/dlya-doma/p-5071185-salfetka-dekorativnaya-38-sm-v-assortimente,Fix Price
209,Mini spirit level (magnetic),209_mini-spirit-level-magnetic.jpg,https://asset.action.com/image/upload/t_digital_product_image/w_1920/39969575.webp,https://www.action.com/pl-pl/p/3215320/mala-poziomica-magnetyczna/,Action
210,"Dry-goods canister set, square plastic (pulses/rice)",210_dry-goods-canister-set-square-plastic-pulses-rice.jpg,https://n11scdn.akamaized.net/a1/400_570/06/82/01/92/IMG-7137836283640280371.jpg,https://www.n11.com/urun/porsima-432-12-li-kare-erzak-bakliyat-saklama-kabi-takimi-170-lt-43999308,n11
211,Horizontal PVC venetian blind (60-80 cm),211_horizontal-pvc-venetian-blind-60-80-cm.jpg,https://img.fix-price.kz/insecure/rs:fit:800:800/plain/bit/_marketplace/images/origin/4a/4abbbc21cbf307279a20cd5437eeb06d.jpg,https://fix-price.kz/ru/catalog/dlya-doma/p-5073071-jalyuzi-ome-ime-60160-sm-v-assortimente,Fix Price
212,"Glass dessert / ice-cream bowls, 2-pack",212_glass-dessert-ice-cream-bowls-2-pack.jpg,https://n11scdn.akamaized.net/a1/400_570/01/12/22/69/IMG-3464607730014835498.jpg,https://www.n11.com/urun/lav-destina-cam-dondurma-tatli-kasesi-2li-kucuk-boy-285-ml-recellik-4538520,n11
213,Suede / sneaker cleaning eraser,213_suede-sneaker-cleaning-eraser.jpg,https://img.fix-price.com/insecure/rs:fit:800:800/plain/bit/_marketplace/images/origin/82/82f4e2d09de3ddda21ace38e9ceac5b2.jpg,https://fix-price.com/catalog/dlya-doma/p-5079367-lastik-dlya-chistki-obuvi-appy-oot-7-sm,Fix Price
214,Shelf / drawer liner mat,214_shelf-drawer-liner-mat.jpg,https://img.fix-price.com/insecure/rs:fit:300:300/plain/pim/images/3b8f95c8dcba75a19076ab7416142095.jpg,https://fix-price.com/catalog/dlya-doma/dlya-kukhni/p-5024266-nabor-mnogofunktsionalnyh-kuhonnyh-kovrikov-itchen-45h29-sm-2-sht-v-assortimente,Fix Price
215,Bamboo fibre cleaning cloths,215_bamboo-fibre-cleaning-cloths.jpg,https://img.fix-price.com/insecure/rs:fit:800:800/plain/pim/images/_default_upload_bucket/salfetka_anons.jpg,https://fix-price.com/catalog/dlya-doma/tovary-dlya-uborki/p-5040184-salfetka-iz-bambukovogo-volokna-onome-5-sht-v-assortimente,Fix Price
216,Wall art print / canvas picture,216_wall-art-print-canvas-picture.jpg,https://img.fix-price.com/insecure/rs:fit:800:800/plain/bit/_marketplace/images/origin/4a/4a47f55db58a4364aa3b3901ec8e7e9b.jpg,https://fix-price.com/catalog/suveniry-i-podarki/p-5213047-nastennyy-dekor-reproduktsiya-v-assortimente,Fix Price
217,Furniture touch-up markers & wax crayons set,217_furniture-touch-up-markers-wax-crayons-set.jpg,https://img.fix-price.com/insecure/rs:fit:800:800/plain/pim/images/fc9a1cf9929b5f422f169d5472cc6f6b_34.jpg,https://fix-price.kz/ru/catalog/dlya-doma/p-5006234-markery-i-karandashi-dlya-mebeli-korrektiruyuschie-aster-and-6-sht-v-assortimente,Fix Price
218,Ceramic kitchen knife,218_ceramic-kitchen-knife.jpg,https://img.fix-price.com/insecure/rs:fit:800:800/plain/pim/images/_default_upload_bucket/noz_anons.jpg,https://fix-price.com/catalog/dlya-doma/p-5021355-noj-keramicheskiy-itchen-19-sm-v-assortimente,Fix Price
219,LED dust-revealing light for vacuum cleaner,219_led-dust-revealing-light-for-vacuum-cleaner.jpg,https://img.fix-price.com/insecure/rs:fit:800:800/plain/pim/images/5f466af21d406d9d652def5e5b224c6a_33.jpg,https://fix-price.kz/ru/catalog/dlya-doma/elektrotovary/p-5013547-podsvetka-dlya-pylesosa-svetodiodnaya-,Fix Price
220,"Self-adhesive 3D wall panels 30x30, multipack",220_self-adhesive-3d-wall-panels-30x30-multipack.jpg,https://img.fix-price.com/insecure/rs:fit:800:800/plain/pim/images/_default_upload_bucket/5079208.jpg,https://fix-price.com/catalog/dlya-doma/dlya-remonta/p-5079208-panel-nastennaya-ome-ime-30h30-sm-4-sht-v-assortimente,Fix Price
221,Small decorative wall / table mirror,221_small-decorative-wall-table-mirror.jpg,https://asset.action.com/image/upload/t_digital_product_image/w_1920/3016697_8718964298631-111_01_ehifbw.webp,https://www.action.com/pl-pl/p/3016697/lustro/,Action
222,Glass sugar bowl with spoon,222_glass-sugar-bowl-with-spoon.jpg,https://resources.cdn-kaspi.kz/img/m/p/h53/h64/87093071314974.jpg?format=gallery-large,https://kaspi.kz/shop/p/saharnitsa-saharnitsa-s-lozhkoi-1-sht-steklo-123448488/,Kaspi
223,Tea infuser basket with lid (mug-size),223_tea-infuser-basket-with-lid-mug-size.jpg,https://asset.action.com/image/upload/t_digital_product_image/w_1080/3212897_3560231099459-110_01_dq5deu.webp,https://www.action.com/pl-pl/p/3212897/sitko-do-herbaty/,Action
224,Handheld window & shower squeegee,224_handheld-window-shower-squeegee.jpg,https://img.fix-price.kz/insecure/rs:fit:800:800/plain/bit/_marketplace/images/origin/44/446a759d8370062278e18b810e63c757.jpg,https://fix-price.kz/ru/catalog/dlya-doma/p-5040615-vodosgon-onome-30-sm-v-assortimente,Fix Price
225,Springform cake tin (18-26 cm),225_springform-cake-tin-18-26-cm.jpg,https://asset.action.com/image/upload/t_digital_product_image/w_1920/3002419_4044935090602-110_01_oigqyu.webp,https://www.action.com/pl-pl/p/3002419/tortownica-zenker/,Action
226,Self-adhesive door/window draught seal strip,226_self-adhesive-door-window-draught-seal-strip.jpg,https://n11scdn.akamaized.net/a1/400_570/13/70/62/38/IMG-8847153638345328584.jpg,https://www.n11.com/urun/contacall-pimapen-pvc-kapi-pencere-fitili-contasi-25-metre-gri-uzunluk-34276045,n11
227,Countertop organiser shelf / riser (1-3 tier),227_countertop-organiser-shelf-riser-1-3-tier.jpg,https://img.fix-price.com/insecure/rs:fit:800:800/plain/bit/_marketplace/images/origin/09/090a521d931afaac33403f47800d9812.jpg,https://fix-price.com/catalog/suveniry-i-podarki/p-5246098-dvuhyarusnaya-polka-lakdemoron-28h12h25-sm-v-assortimente,Fix Price
228,"Shoe rack, 3-4 tier",228_shoe-rack-3-4-tier.jpg,https://img.fix-price.com/insecure/rs:fit:800:800/plain/bit/_marketplace/images/origin/8b/8b1f54fdc457e198d38f3da987280633.jpg,https://fix-price.com/catalog/dlya-doma/p-5079068-polka-dlya-obuvi-ome-ime-4-yarusa-65h19h58-sm-v-assortimente,Fix Price
229,Fabric roller blind (60-80 cm),229_fabric-roller-blind-60-80-cm.jpg,https://img.fix-price.kz/insecure/rs:fit:800:800/plain/bit/_marketplace/images/origin/f9/f90c9cfe0cab8697ec7c9e3ab69db47d.jpg,https://fix-price.kz/ru/catalog/dlya-doma/p-5073091-shtora-rulonnaya-ome-ime-60h170-sm-v-assortimente,Fix Price
230,Silicone pastry brush,230_silicone-pastry-brush.jpg,https://asset.action.com/image/upload/t_digital_product_image/w_1920/3222070_3560231324469-111_01_nm6cak.webp,https://www.action.com/pl-pl/p/3222070/silikonowy-pedzelek-kuchenny/,Action
231,"Opal glass side plate, 22 cm",231_opal-glass-side-plate-22-cm.jpg,https://asset.action.com/image/upload/t_digital_product_image/w_1080/3218045_883314055153-110_01_l508ui.webp,https://www.action.com/pl-pl/p/3218045/talerz-sniadaniowy-luminarc-lexa/,Action
232,Glass candy dish on pedestal,232_glass-candy-dish-on-pedestal.jpg,https://asset.action.com/image/upload/t_digital_product_image/w_1080/3219772_8718885337792-111_01_bcmolc.webp,https://www.action.com/pl-pl/p/3219772/szklana-bombonierka-na-podstawce/,Action
233,Trouser/skirt hangers with clips,233_trouser-skirt-hangers-with-clips.jpg,https://img.fix-price.com/insecure/rs:fit:800:800/plain/bit/_marketplace/images/origin/ad/ad18433310e5b62035d929f696e5f6ce.jpg,https://fix-price.com/catalog/dlya-doma/p-5060451-veshalki-dlya-bryuk-ome-ime-2-sht-v-assortimente,Fix Price
234,Plastic measuring jug,234_plastic-measuring-jug.jpg,https://asset.action.com/image/upload/t_digital_product_image/w_1920/2525351_5710255203006-110_01_fqjcc7.webp,https://www.action.com/pl-pl/p/2525351/zestaw-dzbanow-do-wymiarkowywania/,Action
235,Shower hose,235_shower-hose.jpg,https://asset.action.com/image/upload/t_digital_product_image/w_1920/2562482_8718964180066-110_01_ivd89w.webp,https://www.action.com/pl-pl/p/2562482/waz-prysznicowy-cascata/,Action
236,Kitchen funnel,236_kitchen-funnel.jpg,https://img.fix-price.com/insecure/rs:fit:800:800/plain/bit/_marketplace/images/origin/53/53baafb5dfef24acd04c769be4cea468.jpg,https://fix-price.com/catalog/dlya-doma/p-5022809-voronka-dlya-varenya-polimerbyt-145-sm-v-assortimente,Fix Price
237,Plastic sports water bottle (500-750 ml),237_plastic-sports-water-bottle-500-750-ml.jpg,https://asset.action.com/image/upload/t_digital_product_image/w_1920/3217750_5701390675100-111_01_hi2imx.webp,https://www.action.com/pl-pl/p/3217750/bidon-kaytan/,Action
238,Small wooden serving board (acacia),238_small-wooden-serving-board-acacia.jpg,https://asset.action.com/image/upload/t_digital_product_image/w_1080/3220266_8718964258512-110_02_yzf8fa.webp,https://www.action.com/pl-pl/p/3220266/drewniana-deska-do-serwowania/,Action
239,Phone screen magnifier stand,239_phone-screen-magnifier-stand.jpg,https://img.fix-price.com/insecure/rs:fit:800:800/plain/pim/images/470108dae1b54255afc600fb6525031e_32.jpg,https://fix-price.kz/ru/catalog/dlya-doma/elektrotovary/p-5013352-uvelichitelnyy-ekran-dlya-telefona--v-assortimente,Fix Price
240,Cotton fitted sheet,240_cotton-fitted-sheet.jpg,https://img.fix-price.com/insecure/rs:fit:800:800/plain/bit/_marketplace/images/origin/34/3423428f3ac5fe9e54cd9b8772fbe6b8.jpg,https://fix-price.com/catalog/dlya-doma/p-5075024-prostynya-na-rezinke-14020020-sm-v-assortimente,Fix Price
241,Microwave soup mug / bowl with lid,241_microwave-soup-mug-bowl-with-lid.jpg,https://www.carrefour.pl/images/product/org/pojemnik-makamaka-large-soup-mug-900-ml-mix-21141-ao7u4m.jpg,https://www.carrefour.pl/zakupy-niecodzienne/dom-i-ogrod/wyposazenie-domu/kuchnia-i-jadalnia/przechowywanie-zywnosci/pojemnik-makamaka-large-soup-mug-900-ml-mix-21141,Carrefour
242,Large bulk food container 4-6 L (flour/rice),242_large-bulk-food-container-4-6-l-flour-rice.jpg,https://n11scdn.akamaized.net/a1/400_570/08/39/72/35/IMG-8229046318933342476.jpg,https://www.n11.com/urun/vienev-4lu-55-litre-strip-mega-boy-erzak-saklama-kabi-antrasit-cok-renkli-47956084,n11
243,LED headlamp,243_led-headlamp.jpg,https://asset.action.com/image/upload/t_digital_product_image/w_1920/3221528_8718964269730-110_01_kv3udn.webp,https://www.action.com/pl-pl/p/3221528/latarka-czolowa-do-wielokrotnego-ladowania-werckmann/,Action
244,Manual can opener,244_manual-can-opener.jpg,https://asset.action.com/image/upload/t_digital_product_image/w_1920/2507900_8720573266635-110_01_krdmoo.webp,https://www.action.com/pl-pl/p/2507900/otwieracz-do-konserw-excellent-houseware/,Action
245,Putty knife / filling spatula,245_putty-knife-filling-spatula.jpg,https://img.fix-price.kz/insecure/rs:fit:800:800/plain/bit/_marketplace/images/origin/41/41d0d9136ceb66fc080d05d0178483b1.jpg,https://fix-price.kz/ru/catalog/dlya-doma/p-5006270-shpatelnaya-lopatka-100-mm,Fix Price
246,Wire stripper / crimping tool,246_wire-stripper-crimping-tool.jpg,https://img.fix-price.kz/insecure/rs:fit:800:800/plain/bit/_marketplace/images/origin/42/4212ec4a8c96c2f58bb89f57251b8ad8.jpg,https://fix-price.kz/ru/catalog/dlya-doma/p-5001201-noj-dlya-zachistki-provodov-aster-and-2-sht,Fix Price
247,Portable LED lantern (battery / USB),247_portable-led-lantern-battery-usb.jpg,https://img.fix-price.com/insecure/rs:fit:800:800/plain/pim/images/e92a0b88a55792768e4f63a2e78ca8c0_34.jpg,https://fix-price.kz/ru/catalog/dlya-doma/elektrotovary/p-5012630-fonar-kempingovyy--3-varianta-osvescheniya-v-assortimente,Fix Price
248,Self-adhesive heel grips / shoe pads,248_self-adhesive-heel-grips-shoe-pads.jpg,https://img.fix-price.com/insecure/rs:fit:800:800/plain/bit/_marketplace/images/origin/a3/a308d81985a517321f3dbde851f53558.jpg,https://fix-price.com/catalog/dlya-doma/p-5054185-nakladki-dlya-obuvi-samokleyaschiesya-appy-oot-1-para-v-assortimente,Fix Price
249,Safety goggles,249_safety-goggles.jpg,https://img.fix-price.com/insecure/rs:fit:800:800/plain/pim/images/700d78f3cca9423eaf0c395da231db60_27.jpg,https://fix-price.com/catalog/dlya-doma/p-5005005-ochki-zaschitnye-v-assortimente,Fix Price
250,Clothes / shoe brush,250_clothes-shoe-brush.jpg,https://img.fix-price.com/insecure/rs:fit:800:800/plain/pim/images/06276c4921da73d883e1e101dccb16bf_32.jpg,https://fix-price.com/catalog/dlya-doma/p-5051050-schtka-dlya-odejdy-i-obuvi-ozhik-100h36-mm,Fix Price
251,Carpenter's square (angle ruler),251_carpenter-s-square-angle-ruler.jpg,https://img.fix-price.com/insecure/rs:fit:800:800/plain/bit/_marketplace/images/origin/b1/b1d461de07bb16f7739fea8f048380be.jpg,https://fix-price.com/catalog/dlya-doma/dlya-remonta/p-5003008-ugolnaya-lineyka-aster-and-300h200-mm,Fix Price
252,Self-adhesive faux-leather repair patch,252_self-adhesive-faux-leather-repair-patch.jpg,https://img.fix-price.kz/insecure/rs:fit:800:800/plain/bit/_marketplace/images/origin/d3/d34cc97527a19f84b7f86ae31b02dd4f.jpg,https://fix-price.kz/ru/catalog/dlya-doma/p-5069995-iskusstvennaya-samokleyaschayasya-koja-ome-ime-40h100-sm-v-assortimente,Fix Price
253,Jacquard cotton kitchen towel,253_jacquard-cotton-kitchen-towel.jpg,https://img.fix-price.com/insecure/rs:fit:800:800/plain/bit/_marketplace/images/origin/ee/eec96b40bfc7fb70bb54c32275a1590f.jpg,https://fix-price.com/catalog/dlya-doma/p-5070757-polotentse-kuhonnoe-jakkardovoe-3560-sm,Fix Price
254,"Self-adhesive anti-grease protective film, roll",254_self-adhesive-anti-grease-protective-film-roll.jpg,https://img.fix-price.com/insecure/rs:fit:800:800/plain/bit/_marketplace/images/origin/cc/cc3aa733e317f101d7cc185f3d161028.jpg,https://fix-price.com/catalog/dlya-doma/p-5079347-plnka-universalnaya-zaschitnaya-ome-ime-60h500-sm,Fix Price
255,Precision tweezers set,255_precision-tweezers-set.jpg,https://img.fix-price.com/insecure/rs:fit:800:800/plain/bit/_marketplace/images/origin/34/34e3d83b80642f8ee27d611ad8a60a3d.jpg,https://fix-price.com/catalog/dlya-doma/dlya-remonta/p-5001092-nabor-pintsetov-aster-and-4-sht,Fix Price
256,Mailbox / cabinet cam lock with keys,256_mailbox-cabinet-cam-lock-with-keys.jpg,https://img.fix-price.com/insecure/rs:fit:800:800/plain/pim/images/8abbbad36d6a82fbb5335e5ff1dc7bc1_42.jpg,https://fix-price.com/catalog/dlya-doma/p-5004010-zamok-dlya-pochtovogo-yaschika-aster-and-s-3-klyuchami-38-mm-v-assortimente,Fix Price
257,Voltage tester screwdriver,257_voltage-tester-screwdriver.jpg,https://img.fix-price.kz/insecure/rs:fit:800:800/plain/bit/_marketplace/images/origin/01/016e1ac043748239f35d2e0fef172d74.jpg,https://fix-price.kz/ru/catalog/dlya-doma/p-5000014-tsifrovoy-tester-elektricheskogo-toka-aster-and-v-assortimente,Fix Price
258,Hand wire brush,258_hand-wire-brush.jpg,https://img.fix-price.com/insecure/rs:fit:800:800/plain/bit/_marketplace/images/origin/c7/c7130e6d4316e13ea2810ac8af9225fd.jpg,https://fix-price.com/catalog/dlya-doma/p-5001379-schtka-metallicheskaya-s-plastmassovoy-ruchkoy-aster-and,Fix Price
259,Precision craft knife with spare blades,259_precision-craft-knife-with-spare-blades.jpg,https://img.fix-price.com/insecure/rs:fit:800:800/plain/pim/images/f86b19f828a365ffda1f956204d86e94_41.jpg,https://fix-price.kz/ru/catalog/dlya-doma/dlya-remonta/p-5001200-noj-dlya-rezby-so-smennymi-lezviyami-aster-and-6-sht,Fix Price
260,Clip-on rechargeable LED reading lamp,260_clip-on-rechargeable-led-reading-lamp.jpg,https://img.fix-price.com/insecure/rs:fit:800:800/plain/pim/images/48e62adc5336de23a98e890550e06d72_33.jpg,https://fix-price.kz/ru/catalog/dlya-doma/p-5012702-lampa-akkumulyatornaya-na-prischepke--s-kabelem-,Fix Price
261,Paint roller set with tray,261_paint-roller-set-with-tray.jpg,https://img.fix-price.com/insecure/rs:fit:800:800/plain/bit/_marketplace/images/origin/85/857ccba7479b1f3487a7850feafa42ff.jpg,https://fix-price.com/catalog/dlya-doma/p-5002042-nabor-valikov-aster-and-2-sht-s-rukoyatkoy-i-vannochkoy-v-assortimente,Fix Price
262,"Over-door / hanging storage basket, small",262_over-door-hanging-storage-basket-small.jpg,https://img.fix-price.com/insecure/rs:fit:800:800/plain/bit/_marketplace/images/origin/97/9799f033c73bd2557586a978e9ceabbe.jpg,https://fix-price.com/catalog/dlya-doma/p-5079281-korzinka-na-dver-26h28h12-sm,Fix Price
263,"Short hand broom (venik), synthetic",263_short-hand-broom-venik-synthetic.jpg,https://img.fix-price.com/insecure/rs:fit:800:800/plain/pim/images/_default_upload_bucket/f58a61325dd04ff5874a2c4c98e540ea.jpg,https://fix-price.com/catalog/dlya-doma/tovary-dlya-uborki/p-5041101-venik-23h5h76-sm,Fix Price
264,Stick-on LED cabinet / wardrobe light (touch or motion sensor),264_stick-on-led-cabinet-wardrobe-light-touch-or-motio.jpg,https://asset.action.com/image/upload/t_digital_product_image/w_1920/3016653_8718964243044-111_01_floz96.webp,https://www.action.com/pl-pl/p/3016653/akumulatorowa-lampa-z-czujnikiem/,Action
265,Claw hammer,265_claw-hammer.jpg,https://asset.action.com/image/upload/t_digital_product_image/w_1920/3215286_8718964225071-110_01_kzdkwe.webp,https://www.action.com/pl-pl/p/3215286/mlotek-ciesielski-werckmann/,Action
266,Collapsible silicone bucket,266_collapsible-silicone-bucket.jpg,https://img.fix-price.com/insecure/rs:fit:800:800/plain/bit/_marketplace/images/origin/73/73aff0c167a62de47cd8f6ece81e482e.jpg,https://fix-price.com/catalog/dlya-doma/p-5079077-vedro-skladnoe-ome-ime-10-l-v-assortimente,Fix Price
267,Drawer organiser tray / divider set,267_drawer-organiser-tray-divider-set.jpg,https://asset.action.com/image/upload/t_digital_product_image/w_1920/3220336_8718964259410-110_01_lbhoqm.webp,https://www.action.com/pl-pl/p/3220336/organizer-bambusowy-z-przegrodkami/,Action
268,Serving platter (round / oval / rectangular),268_serving-platter-round-oval-rectangular.jpg,https://www.carrefour.pl/images/product/org/altom-regular-polmisek-prostokatny-26-cm-mh2rin.jpg,https://www.carrefour.pl/zakupy-niecodzienne/dom-i-ogrod/wyposazenie-domu/kuchnia-i-jadalnia/zastawa-stolowa/altom-regular-polmisek-prostokatny-26-cm,Carrefour
269,Incense sticks with holder,269_incense-sticks-with-holder.jpg,https://img.fix-price.com/insecure/rs:fit:800:800/plain/bit/_marketplace/images/origin/fb/fbbbbb6b6e463ff805d29532192be5d1.jpg,https://fix-price.com/catalog/suveniry-i-podarki/p-5244428-aromaticheskie-palochki-s-podstavkoy-iveresh-25-sht-v-assortimente,Fix Price
270,Budget kitchen knife set,270_budget-kitchen-knife-set.jpg,https://asset.action.com/image/upload/t_digital_product_image/w_1920/3223036_8711155519713-111_01_ul1bat.webp,https://www.action.com/pl-pl/p/3223036/zestaw-nozy-richardson-sheffield-glacio/,Action
271,Waiter's corkscrew,271_waiter-s-corkscrew.jpg,https://n11scdn.akamaized.net/a1/400_570/02/33/14/62/IMG-369310520372758042.jpg,https://www.n11.com/urun/mucit-home-profesyonel-tirbuson-pratik-saglam-garson-tip-acacak-kesici-tirbuson-renkli-120821385,n11
272,Floor squeegee / water pusher,272_floor-squeegee-water-pusher.jpg,https://asset.action.com/image/upload/t_digital_product_image/w_1080/3224246_8712448444286-110_01_nl5gou.webp,https://www.action.com/pl-pl/p/3224246/sciagaczka-do-podlog-ze-szczotka/,Action
273,"Bamboo skewers, 100-pack",273_bamboo-skewers-100-pack.jpg,https://asset.action.com/image/upload/t_digital_product_image/w_1080/2508441_8721037739290-110_01_xoyhmp.webp,https://www.action.com/pl-pl/p/2508441/bambusowe-patyczki-do-szaszlykow/,Action
274,AA/AAA battery charger,274_aa-aaa-battery-charger.jpg,https://asset.action.com/image/upload/t_digital_product_image/w_1920/3222745_4891199239045-111_01_v0e9y1.webp,https://www.action.com/pl-pl/p/3222745/ladowarka-do-baterii-gp/,Action
275,"Turkish coffee pot (cezve), stainless steel",275_turkish-coffee-pot-cezve-stainless-steel.jpg,https://s.f.kz/prod/2649/2648183_1000.jpg,https://www.flip.kz/catalog?prod=2648183,Flip.kz
276,Mini cordless handheld vacuum (USB),276_mini-cordless-handheld-vacuum-usb.jpg,https://img.fix-price.com/insecure/rs:fit:800:800/plain/pim/images/ba1403233da550eb85bca33bbb3040f9_34.jpg,https://fix-price.kz/ru/catalog/dlya-doma/elektrotovary/p-5013463-pylesos-akkumulyatornyy-s-kabelem--,Fix Price
277,Kitchen timer,277_kitchen-timer.jpg,https://asset.action.com/image/upload/t_digital_product_image/w_1920/3207470_5714988034180-111_01_odssub.webp,https://www.action.com/pl-pl/p/3207470/minutnik-kuchenny/,Action
278,"Round trivet / hot pad (cork, bamboo)",278_round-trivet-hot-pad-cork-bamboo.jpg,https://n11scdn.akamaized.net/a1/400_570/01/81/24/54/IMG-4699796386593247505.jpg,https://www.n11.com/urun/kirmit-mantar-nihale-4584323,n11
279,Kitchen tongs,279_kitchen-tongs.jpg,https://img.fix-price.com/insecure/rs:fit:800:800/plain/bit/_marketplace/images/origin/9f/9f82d5d28e78e859893bae3b8091e73e.jpg,https://fix-price.com/catalog/dlya-doma/p-5092487-schiptsy-kuhonnye-itchen-395-sm,Fix Price
280,Decorative metal wall hooks,280_decorative-metal-wall-hooks.jpg,https://asset.action.com/image/upload/t_digital_product_image/w_1920/3209857_8720987549706-110_01_dgp5x9.webp,https://www.action.com/pl-pl/p/3209857/metalowe-haki-scienne-home-accents/,Action
281,"Metal wire hangers, multipack",281_metal-wire-hangers-multipack.jpg,https://img.fix-price.com/insecure/rs:fit:800:800/plain/bit/_marketplace/images/origin/5f/5f7f92946329d9fbe6350d0ad23df6db.jpg,https://fix-price.com/catalog/dlya-doma/p-5060476-veshalki-metallicheskie-ome-ime-10-sht-v-assortimente,Fix Price
282,Crepe / pancake pan (22-26 cm),282_crepe-pancake-pan-22-26-cm.jpg,https://s.f.kz/prod/2604/2603440_1000.jpg,https://www.flip.kz/catalog?prod=2603440,Flip.kz
283,Soup ladle,283_soup-ladle.jpg,https://img.fix-price.com/insecure/rs:fit:800:800/plain/pim/images/0b99f8e1edb0d3aecb49bff4f0cc48c3_34.jpg,https://fix-price.com/catalog/dlya-doma/dlya-kukhni/p-5092659-polovnik-itchen-31-sm-v-assortimente,Fix Price
284,Budget terry bath towel (70x140),284_budget-terry-bath-towel-70x140.jpg,https://asset.action.com/image/upload/t_digital_product_image/w_1080/3001105_8718964090778-110_01_fpovti.webp,https://www.action.com/pl-pl/p/3001105/recznik-kapielowy-hotel-royal-niebieski/,Action
285,Silicone baking / pastry mat,285_silicone-baking-pastry-mat.jpg,https://asset.action.com/image/upload/t_digital_product_image/w_1920/2511058_8721461175329-110_01_qeebit.webp,https://www.action.com/pl-pl/p/2511058/mata-do-pieczenia-silikonowa-la-cucina/,Action
286,"Photo frame 10x15 cm, tabletop",286_photo-frame-10x15-cm-tabletop.jpg,https://img.fix-price.com/insecure/rs:fit:800:800/plain/pim/images/7d4d2618c7cd74a1d63916b0ce9effec_42.jpg,https://fix-price.com/catalog/suveniry-i-podarki/p-5211090-fotoramka-10h15-sm-v-assortimente,Fix Price
287,Insulated food flask / food jar,287_insulated-food-flask-food-jar.jpg,https://resources.cdn-kaspi.kz/img/m/p/h7d/he4/84349772759070.jpg?format=gallery-large,https://kaspi.kz/shop/p/termos-dlja-edy-e-tech-v-10-0-5-l-serebristyi-114050554/,Kaspi
288,Ice cube tray with lid (12 cubes),288_ice-cube-tray-with-lid-12-cubes.jpg,https://img.fix-price.com/insecure/rs:fit:800:800/plain/bit/_marketplace/images/origin/00/003cafe550e694005bd7a324fee7148a.jpg,https://fix-price.com/catalog/dlya-doma/p-5036642-forma-dlya-lda-itchen-12-yacheek-v-assortimente,Fix Price
289,Wooden rolling pin,289_wooden-rolling-pin.jpg,https://asset.action.com/image/upload/t_digital_product_image/w_1920/29398436.webp,https://www.action.com/pl-pl/p/2527807/drewniany-walek-do-ciasta/,Action
290,Lightweight quilted summer coverlet,290_lightweight-quilted-summer-coverlet.jpg,https://img.fix-price.kz/insecure/rs:fit:800:800/plain/bit/_marketplace/images/origin/01/0173e4d0ee23d854d1fc59b769242034.jpg,https://fix-price.kz/ru/catalog/dlya-doma/p-5078073-letnee-pokryvalo-150h200-sm-v-assortimente,Fix Price
291,PTFE plumber's thread-seal tape,291_ptfe-plumber-s-thread-seal-tape.jpg,https://img.fix-price.com/insecure/rs:fit:800:800/plain/bit/_marketplace/images/origin/5d/5d138cdc74120d5921cac1ef5aea5728.jpg,https://fix-price.com/catalog/dlya-doma/p-5006281-uplotnitelnaya-lenta-fum-aster-and-20-m,Fix Price
292,Compartment organiser box for small parts,292_compartment-organiser-box-for-small-parts.jpg,https://img.fix-price.com/insecure/rs:fit:800:800/plain/bit/_marketplace/images/origin/a0/a000ddcee921d4f36227e88a1336cd0e.jpg,https://fix-price.com/catalog/dlya-doma/p-5069925-konteyner-s-deleniyami-v-assortimente,Fix Price
293,Construction marker / carpenter pencil set,293_construction-marker-carpenter-pencil-set.jpg,https://img.fix-price.com/insecure/rs:fit:800:800/plain/pim/images/_default_upload_bucket/5006340_1080_anons.jpg,https://fix-price.com/catalog/dlya-doma/p-5006340-nabor-stroitelnyh-markerov-aster-and-4-sht,Fix Price
294,Hose clamp assortment,294_hose-clamp-assortment.jpg,https://img.fix-price.com/insecure/rs:fit:800:800/plain/bit/_marketplace/images/origin/22/22c94cccd8e48487fc41a011e6031474.jpg,https://fix-price.com/catalog/dlya-doma/dlya-remonta/p-5006079-nabor-homutov---12-sht,Fix Price
295,Self-adhesive bath / sink sealing tape,295_self-adhesive-bath-sink-sealing-tape.jpg,https://img.fix-price.com/insecure/rs:fit:800:800/plain/bit/_marketplace/images/origin/86/86ecfe60637c8ed4f0b6463c8691c707.jpg,https://fix-price.com/catalog/dlya-doma/p-5079361-lenta-germetik-samokleyaschayasya-ome-ime-6-sm-h-32-m,Fix Price
296,"Glass storage jar with lid, single (0.5-1 L)",296_glass-storage-jar-with-lid-single-0-5-1-l.jpg,https://img.fix-price.kz/insecure/rs:fit:800:800/plain/bit/_marketplace/images/origin/ab/abe76d8a8ba429a38f1dc1584d12c7ea.jpg,https://fix-price.kz/ru/catalog/dlya-doma/p-5036732-banka-itchen-800-ml-v-assortimente,Fix Price
297,Magnetic tool holder strip,297_magnetic-tool-holder-strip.jpg,https://img.fix-price.com/insecure/rs:fit:800:800/plain/pim/images/3a38c7655e921bcb292674913716f826_35.jpg,https://fix-price.kz/ru/catalog/dlya-doma/p-5006175-derjatel-magnitnyy-dlya-instrumentov-aster-and-v-assortimente,Fix Price
298,Screwdriver bit & socket set with handle,298_screwdriver-bit-socket-set-with-handle.jpg,https://img.fix-price.kz/insecure/rs:fit:800:800/plain/bit/_marketplace/images/origin/b4/b4eebf903de3538d4e5d85a770242452.jpg,https://fix-price.kz/ru/catalog/dlya-doma/p-5001175-otvrtka-s-nasadkami-aster-and-30-sht-v-assortimente,Fix Price
299,Tin snips / metal shears,299_tin-snips-metal-shears.jpg,https://img.fix-price.kz/insecure/rs:fit:800:800/plain/bit/_marketplace/images/origin/10/1060d722c0f0b77fd24ca57adb9b23e6.jpg,https://fix-price.kz/ru/catalog/dlya-doma/p-5001386-nojnitsy-po-metallu-aster-and-v-assortimente,Fix Price
300,Rubber washer / O-ring assortment,300_rubber-washer-o-ring-assortment.jpg,https://img.fix-price.kz/insecure/rs:fit:800:800/plain/bit/_marketplace/images/origin/cf/cfe9a36b8f3496d183d5e888b6f492cb.jpg,https://fix-price.kz/ru/catalog/dlya-doma/p-5006233-nabor-rezinovyh-prokladok-aster-and-100-sht,Fix Price
301,Long-nose pliers,301_long-nose-pliers.jpg,https://www.carrefour.pl/images/product/350x350/szczypce-proste-wydluzone-topex-32d113-dmjn0p.jpg,https://www.carrefour.pl/zakupy-niecodzienne/dom-i-ogrod/narzedzia-va/narzedzia-reczne/topex-szczypce-proste-wydluzone-16-cm,Carrefour
302,Citrus reamer juicer (manual),302_citrus-reamer-juicer-manual.jpg,https://asset.action.com/image/upload/t_digital_product_image/w_1920/3219578_8721098348479-110_02_bxehxv.webp,https://www.action.com/pl-pl/p/3219578/wielofunkcyjna-wyciskarka-do-cytrusow-z-tarka-masterchef/,Action
303,"Cotton tablecloth, small (140x140/150 cm)",303_cotton-tablecloth-small-140x140-150-cm.jpg,https://img.fix-price.com/insecure/rs:fit:800:800/plain/pim/images/28535c9dce7fd34699ef639e0675bbb8_9.jpg,https://fix-price.com/catalog/dlya-doma/dlya-kukhni/p-5071186-skatert-na-stol-140h150-sm-v-assortimente,Fix Price
304,"Small twist-off glass jars 200 ml, multipack",304_small-twist-off-glass-jars-200-ml-multipack.jpg,https://resources.cdn-kaspi.kz/img/m/p/p87/p31/91088755.bin?format=gallery-large,https://kaspi.kz/shop/p/banka-stekljannaja-s-kryshkami-tvist-off-299683-steklo-200-ml-10-sht-110856736/,Kaspi
305,USB car charger (12 V socket),305_usb-car-charger-12-v-socket.jpg,https://asset.action.com/image/upload/t_digital_product_image/w_1920/3222317_8715342061160-110_01_yygxak.webp,https://www.action.com/pl-pl/p/3222317/ladowarka-samochodowa-z-2-portami-sologic/,Action
306,Waffle cotton kitchen towel,306_waffle-cotton-kitchen-towel.jpg,https://img.fix-price.com/insecure/rs:fit:800:800/plain/pim/images/d8f1ec9d7922326a279af52d4bda7bbd_12.jpg,https://fix-price.com/catalog/dlya-doma/dlya-kukhni/p-5070741-polotentse-kuhonnoe-v-assortimente,Fix Price
307,"Laundry hamper (fabric / plastic, 30-60 L)",307_laundry-hamper-fabric-plastic-30-60-l.jpg,https://www.carrefour.pl/images/product/350x350/mc-filcowy-kosz-na-bielizne-7qt275.jpg,https://www.carrefour.pl/zakupy-niecodzienne/dom-i-ogrod/wyposazenie-domu/lazienka-b7/akcesoria-lazienkowe/mc-filcowy-kosz-na-bielizne,Carrefour
308,Staple gun with staples,308_staple-gun-with-staples.jpg,https://img.fix-price.kz/insecure/rs:fit:800:800/plain/bit/_marketplace/images/origin/b7/b7bd87c734e8bda5c3a5f79484b1dca2.jpg,https://fix-price.kz/ru/catalog/dlya-doma/p-5001224-stepler-stroitelnyy-so-skobami-aster-and-v-assortimente,Fix Price
309,Keyed padlock,309_keyed-padlock.jpg,https://img.fix-price.com/insecure/rs:fit:800:800/plain/bit/_marketplace/images/origin/f5/f594dad5922d7ad0b3efa86eb1b214d0.jpg,https://fix-price.com/catalog/dlya-doma/p-5004052-zamok-vlagozaschischnnyy-aster-and-70-mm-s-4-klyuchami-v-assortimente,Fix Price
310,USB mini humidifier / aroma diffuser,310_usb-mini-humidifier-aroma-diffuser.jpg,https://img.fix-price.com/insecure/rs:fit:800:800/plain/pim/images/cbf1b449417bcb1ea0fc0c9c8f068ff2_34.jpg,https://fix-price.com/catalog/dlya-doma/p-5013473-uvlajnitel-vozduha-s-funktsiey-aromadiffuzora--s-kabelem--v-assortimente,Fix Price
311,"Electric air pump, rechargeable (vacuum bags / inflatables)",311_electric-air-pump-rechargeable-vacuum-bags-inflata.jpg,https://img.fix-price.com/insecure/rs:fit:800:800/plain/pim/images/65f51147ae6d0650c89ed5c683ec4033_33.jpg,https://fix-price.kz/ru/catalog/dlya-doma/elektrotovary/p-5013561-nasos-vozdushnyy-elektricheskiy-,Fix Price
312,Waffle cotton bath towel (~60x140),312_waffle-cotton-bath-towel-60x140.jpg,https://img.fix-price.kz/insecure/rs:fit:800:800/plain/bit/_marketplace/images/origin/41/414935886edfa93bf448e5844e7ad1cf.png,https://fix-price.kz/ru/catalog/dlya-doma/p-5070745-polotentse-vafelnoe-64h140-sm,Fix Price
313,Electric shoe dryer,313_electric-shoe-dryer.jpg,https://img.fix-price.kz/insecure/rs:fit:800:800/plain/bit/_marketplace/images/origin/0a/0aed23c4576dbe613d497676c22f8e15.jpg,https://fix-price.kz/ru/catalog/dlya-doma/p-5055029-sushilka-dlya-obuvi-elektricheskaya-r-ushkin-v-assortimente,Fix Price
314,Cheese dish with dome lid,314_cheese-dish-with-dome-lid.jpg,https://img.fix-price.kz/insecure/rs:fit:800:800/plain/bit/_marketplace/images/origin/75/75cf2cbe9c0fb37a51f52d79dc89d28c.jpg,https://fix-price.kz/ru/catalog/dlya-doma/p-5036444-syrnitsa-20h20h113-sm,Fix Price
315,Guest towel (30x50),315_guest-towel-30x50.jpg,https://asset.action.com/image/upload/t_digital_product_image/w_1080/3216958_8718964245154-110_01_cf9a27.webp,https://www.action.com/pl-pl/p/3216958/recznik-dla-gosci/,Action
316,"Mini glass jam / sauce dishes, 6-pack",316_mini-glass-jam-sauce-dishes-6-pack.jpg,https://n11scdn.akamaized.net/a1/400_570/16/34/07/08/IMG-4254919689611163364.jpg,https://www.n11.com/urun/rayan-6-li-cam-mini-sosluk-recellik-kahve-yani-ikram-tabagi-seffaf-120015490,n11
317,Pizza cutter wheel,317_pizza-cutter-wheel.jpg,https://asset.action.com/image/upload/t_digital_product_image/w_1920/3219761_8721098348615-110_01_d4rajd.webp,https://www.action.com/pl-pl/p/3219761/noz-do-pizzy-masterchef/,Action
318,Mop bucket with wringer,318_mop-bucket-with-wringer.jpg,https://asset.action.com/image/upload/t_digital_product_image/w_1080/3212859_8720726984553-110_01_htgmu3.webp,https://www.action.com/pl-pl/p/3212859/wiadro-z-wyzymaczka-spargo/,Action
319,Large open plastic utility crate (40-50 L),319_large-open-plastic-utility-crate-40-50-l.jpg,https://img.fix-price.com/insecure/rs:fit:800:800/plain/pim/images/_default_upload_bucket/2c1662c2280f90568ec36586a50cb3e6.jpg,https://fix-price.kz/ru/catalog/dlya-doma/p-5069814-hozyaystvennyy-yaschik-bez-kryshki-imako-46-l,Fix Price
320,"French press, 350 ml",320_french-press-350-ml.jpg,https://n11scdn.akamaized.net/a1/400_570/07/28/53/40/IMG-8311005028216732593.jpg,https://www.n11.com/urun/penguen-png-2300-french-press-suzgecli-cay-kahve-kupasi-350-ml-4656402,n11
321,Jewellery organiser box with compartments,321_jewellery-organiser-box-with-compartments.jpg,https://img.fix-price.com/insecure/rs:fit:800:800/plain/bit/_marketplace/images/origin/ad/ada18c0c23f9adf60c4e0e965053ff27.jpg,https://fix-price.com/catalog/aksessuary/p-5933044-organayzer-dlya-kosmetiki-i-aksessuarov-ovely-17h12h6-sm-v-assortimente,Fix Price
322,Dried flower bouquet / arrangement,322_dried-flower-bouquet-arrangement.jpg,https://img.fix-price.com/insecure/rs:fit:800:800/plain/bit/_marketplace/images/origin/bf/bf6f872b455fb70368d9ed612a42ff87.png,https://fix-price.com/catalog/suveniry-i-podarki/p-5246004-dekorativnaya-kompozitsiya-iz-suhotsvetov-v-assortimente,Fix Price
323,"Frying pan set, 2-3 pcs",323_frying-pan-set-2-3-pcs.jpg,https://www.carrefour.pl/images/product/org/mg-home-zestaw-patelni-aluminiowych-24-28-cm-c7chd9.jpg,https://www.carrefour.pl/zakupy-niecodzienne/dom-i-ogrod/wyposazenie-domu/kuchnia-i-jadalnia/patelnie-5t/mg-home-zestaw-patelni-aluminiowych-24-28-cm,Carrefour
324,Plastic dustpan (standalone),324_plastic-dustpan-standalone.jpg,https://img.fix-price.com/insecure/rs:fit:800:800/plain/pim/images/af32d1da4a16e0010480f84482a7c71b_17.jpg,https://fix-price.com/catalog/dlya-doma/p-5042024-sovok-plastikovyy-ide-v-assortimente,Fix Price
325,Plastic bowl with lid (1.5-4 L),325_plastic-bowl-with-lid-1-5-4-l.jpg,https://img.fix-price.com/insecure/rs:fit:800:800/plain/pim/images/979f67f09b586896989f09f23ae2c3fe_31.jpg,https://fix-price.kz/ru/catalog/dlya-doma/dlya-kukhni/p-5036575-miska-s-kryshkoy-unika-plast-25-l-v-assortimente,Fix Price
326,Hand file set,326_hand-file-set.jpg,https://img.fix-price.com/insecure/rs:fit:800:800/plain/bit/_marketplace/images/origin/1a/1a2fac2845303ecfcec6062be9d3487f.jpg,https://fix-price.com/catalog/dlya-doma/p-5001219-nabor-napilnikov-aster-and-4-sht-v-assortimente,Fix Price
327,"Ceramic bowl / piala, single (0.3-0.7 L)",327_ceramic-bowl-piala-single-0-3-0-7-l.jpg,https://img.fix-price.kz/insecure/rs:fit:800:800/plain/bit/_marketplace/images/origin/04/04021bf702842676809d663f87b99c6a.jpg,https://fix-price.kz/ru/catalog/dekor-dlya-doma-tovary-dlya-prazdnika/p-5321470-salatnik-osenniy-listopad-380-ml-v-assortimente,Fix Price
328,USB-C charging cable,328_usb-c-charging-cable.jpg,https://asset.action.com/image/upload/t_digital_product_image/w_1920/3223500_8711332493218-110_01_lwuppf.webp,https://www.action.com/pl-pl/p/3223500/kabel-do-ladowania-i-przesylania-danych-usb-a-do-usb-c/,Action
329,Floor-standing folding clothes airer,329_floor-standing-folding-clothes-airer.jpg,https://www.carrefour.pl/images/product/org/suszarka-leifheit-pegasus-150-081570-qgmh85.jpg,https://www.carrefour.pl/zakupy-niecodzienne/dom-i-ogrod/wyposazenie-domu/lazienka-b7/suszenie-i-prasowanie/suszarka-leifheit-pegasus-150,Carrefour
330,Multi-photo collage frame,330_multi-photo-collage-frame.jpg,https://asset.action.com/image/upload/t_digital_product_image/w_1920/35500928.webp,https://www.action.com/pl-pl/p/3216412/,Action
331,Glass food container with 4-clip locking lid,331_glass-food-container-with-4-clip-locking-lid.jpg,https://n11scdn.akamaized.net/a1/400_570/12/95/28/28/IMG-1327192043545019055.jpg,https://www.n11.com/urun/lav-fresco-cam-saklama-kabi-tekli-buyuk-boy-1150-ml-kare-beyaz-kilitli-kapak-7484084,n11
332,Round woven placemats (jute / rattan-look),332_round-woven-placemats-jute-rattan-look.jpg,https://asset.action.com/image/upload/t_digital_product_image/w_1080/3220475_8714333021244-110_01_ppjyno.webp,https://www.action.com/pl-pl/p/3220475/podkladki/,Action
333,"Glass water carafe with handle, ~1 L",333_glass-water-carafe-with-handle-1-l.jpg,https://asset.action.com/image/upload/t_digital_product_image/w_1080/3218515_8712442227885-111_01_u6e8kv.webp,https://www.action.com/pl-pl/p/3218515/szklana-karafka/,Action
334,Butane gas torch with piezo ignition,334_butane-gas-torch-with-piezo-ignition.jpg,https://img.fix-price.com/insecure/rs:fit:800:800/plain/bit/_marketplace/images/origin/fc/fccad7b93d9f527c67a1b28944f6beef.jpg,https://fix-price.com/catalog/dlya-doma/p-5006205-gorelka-gazovaya-s-pezoelementom-aster-and,Fix Price
335,"Champagne glass, single",335_champagne-glass-single.jpg,https://img.fix-price.kz/insecure/rs:fit:800:800/plain/bit/_marketplace/images/origin/e3/e31deec9ba3d199b5b2e2317cf841d6a.jpg,https://fix-price.kz/ru/catalog/dlya-doma/p-5094287-bokal-kremanka-dlya-shampanskogo-itchen-230-ml-v-assortimente,Fix Price
336,Large glass preserving jar 1-3 L,336_large-glass-preserving-jar-1-3-l.jpg,https://asset.action.com/image/upload/t_digital_product_image/w_1920/13885863.webp,https://www.action.com/pl-pl/p/2582588/sloik-na-przetwory/,Action
337,Metal muffin / cupcake tray (12 cups),337_metal-muffin-cupcake-tray-12-cups.jpg,https://asset.action.com/image/upload/t_digital_product_image/w_1920/2522382_4000823037449-110_01_qruzba.webp,https://www.action.com/pl-pl/p/2522382/foremka-do-muffinow-zenker/,Action
338,Telescopic extension handle (universal thread),338_telescopic-extension-handle-universal-thread.jpg,https://asset.action.com/image/upload/t_digital_product_image/w_1080/2521703_8715062105526-110_01_dcjstx.webp,https://www.action.com/pl-pl/p/2521703/wysuwany-drazek/,Action
339,"Handheld shower head, multi-function (head only)",339_handheld-shower-head-multi-function-head-only.jpg,https://n11scdn.akamaized.net/a1/400_570/09/40/74/15/IMG-2078011970632116304.jpg,https://www.n11.com/urun/berev-krom-5-fonksiyonlu-yuksek-basincli-ayarlanabilir-dus-basligi-krom-43571035,n11
340,Metal napkin holder,340_metal-napkin-holder.jpg,https://resources.cdn-kaspi.kz/img/m/p/hc1/he5/68301248200734.jpg?format=gallery-large,https://kaspi.kz/shop/p/salfetnitsa-85-kt-metall-108613088/,Kaspi
341,Toilet contour rug / pedestal mat set,341_toilet-contour-rug-pedestal-mat-set.jpg,https://asset.action.com/image/upload/t_digital_product_image/w_1080/3208777_8714333015274-110_01_mp9lix.webp,https://www.action.com/pl-pl/p/3208777/szenilowy-dywanik-do-toalety/,Action
342,"Bathroom accessory set (bin, toilet brush, dispenser, tumbler)",342_bathroom-accessory-set-bin-toilet-brush-dispenser-.jpg,https://n11scdn.akamaized.net/a1/400_570/06/54/77/20/IMG-8536365861824053275.jpg,https://www.n11.com/urun/indecor-houseware-liza-4lu-banyo-seti-antrasit-gri-cop-kovasi-wc-fircasi-sivi-sabunluk-dis-fircalik-123177975,n11
343,"LED flameless tealights, battery",343_led-flameless-tealights-battery.jpg,https://asset.action.com/image/upload/t_digital_product_image/w_1920/3224642_8721461120473-110_01_q6dyve.webp,https://www.action.com/pl-pl/p/3224642/podgrzewacze-led/,Action
344,Two-handled soup bowl (bouillon cup),344_two-handled-soup-bowl-bouillon-cup.jpg,https://img.fix-price.kz/insecure/rs:fit:800:800/plain/bit/_marketplace/images/origin/1e/1e06b9a549fceaa48f27eef0f2989143.jpg,https://fix-price.kz/ru/catalog/dlya-doma/p-5028615-bulonnitsa-s-ruchkami-itchen-600-ml-v-assortimente,Fix Price
345,Wooden / bamboo trivet,345_wooden-bamboo-trivet.jpg,https://s.f.kz/prod/5120/5119637_1000.jpg,https://www.flip.kz/catalog?prod=5119637,Flip.kz
346,Two-handled egg pan (sahan) / mini saucepan set,346_two-handled-egg-pan-sahan-mini-saucepan-set.jpg,https://n11scdn.akamaized.net/a1/400_570/10/96/70/68/IMG-3496532979957813578.jpg,https://www.n11.com/urun/porsima-2-li-paslanmaz-celik-kacerola-ve-sahan-seti-sos-tavasi-54021078,n11
347,Double-wall insulated steel bottle (budget),347_double-wall-insulated-steel-bottle-budget.jpg,https://asset.action.com/image/upload/t_digital_product_image/w_1920/3225632_196557078453-110_01_edscke.webp,https://www.action.com/pl-pl/p/3225632/butelka-termiczna-tal-jolt/,Action
348,"Wireless earbuds, budget (TWS)",348_wireless-earbuds-budget-tws.jpg,https://asset.action.com/image/upload/t_digital_product_image/w_1920/3212577_5060638695493-110_01_lcueay.webp,https://www.action.com/pl-pl/p/3212577/bezprzewodowe-sluchawki-douszne-z-funkcja-tlumienia-szumow-solix/,Action
349,Grater with collection container,349_grater-with-collection-container.jpg,https://asset.action.com/image/upload/t_digital_product_image/w_1920/3206412_8711292220749-110_01_imktxh.webp,https://www.action.com/pl-pl/p/3206412/tarka-z-pojemnikiem/,Action
350,Spice organiser container (multi-compartment shaker box),350_spice-organiser-container-multi-compartment-shaker.jpg,https://www.carrefour.pl/images/product/350x350/organizer-na-przyprawy-branq-sweet-n-salty-organizer-na-przyprawy-mix-1640-4o5bkd.jpg,https://www.carrefour.pl/zakupy-niecodzienne/dom-i-ogrod/wyposazenie-domu/kuchnia-i-jadalnia/przechowywanie-zywnosci/organizer-na-przyprawy-branq-sweet-n-salty-organizer-na-przyprawy-mix-1640,Carrefour
351,Combination padlock,351_combination-padlock.jpg,https://n11scdn.akamaized.net/a1/400_570/16/48/10/83/IMG-2089617272502146818.jpg,https://www.n11.com/urun/armor-230-pc-30-mm-degistirilebilir-sifreli-asma-kilit-7414150,n11
352,String / thread curtain,352_string-thread-curtain.jpg,https://img.fix-price.kz/insecure/rs:fit:800:800/plain/bit/_marketplace/images/origin/92/928723b7b0ecd960cb1811992b8fffa8.jpg,https://fix-price.kz/ru/catalog/dlya-doma/p-5073058-shtora-nityanaya-200h100-sm-v-assortimente,Fix Price
353,Small decorative figurine (polyresin / ceramic),353_small-decorative-figurine-polyresin-ceramic.jpg,https://img.fix-price.com/insecure/rs:fit:800:800/plain/bit/_marketplace/images/origin/34/34fdee28c1134ce7fee9f063d16047f0.jpg,https://fix-price.com/catalog/suveniry-i-podarki/p-5243846-dekorativnaya-figurka-angel-v-assortimente,Fix Price
354,"Felt storage basket, small",354_felt-storage-basket-small.jpg,https://asset.action.com/image/upload/t_digital_product_image/w_1920/4000065_8718964238156-110_01_k5tubj.webp,https://www.action.com/pl-pl/p/4000065/,Action
355,Large 3-wick scented candle in glass,355_large-3-wick-scented-candle-in-glass.jpg,https://img.fix-price.com/insecure/rs:fit:800:800/plain/bit/_marketplace/images/origin/a8/a81cbdd8f37a8c1667fcce119f1dcbb8.jpg,https://fix-price.com/catalog/suveniry-i-podarki/p-5231255-aromaticheskaya-svecha-v-stakane-s-3-fitilyami-v-assortimente,Fix Price
356,Artificial flower bouquet / bush,356_artificial-flower-bouquet-bush.jpg,https://asset.action.com/image/upload/t_digital_product_image/w_1920/3206037_8714344541601-110_01_oez8al.webp,https://www.action.com/pl-pl/p/3206037/bukiet-ze-sztucznych-roz/,Action
357,Spanner set (combination / open-end),357_spanner-set-combination-open-end.jpg,https://img.fix-price.kz/insecure/rs:fit:800:800/plain/bit/_marketplace/images/origin/5c/5c7039f3846c36df72c4fff9dfedb3ea.jpg,https://fix-price.kz/ru/catalog/dlya-doma/p-5001214-nabor-gaechnyh-klyuchey-aster-and-6-sht,Fix Price
358,Adjustable wrench,358_adjustable-wrench.jpg,https://img.fix-price.kz/insecure/rs:fit:800:800/plain/bit/_marketplace/images/origin/dc/dcfbf468d937b504d784929af3b2e60c.jpg,https://fix-price.kz/ru/catalog/dlya-doma/p-5001385-klyuch-razvodnoy-aster-and-v-assortimente,Fix Price
359,Decorative wooden crate / box,359_decorative-wooden-crate-box.jpg,https://img.fix-price.kz/insecure/rs:fit:800:800/plain/bit/_marketplace/images/origin/51/513452ff3271fae0f341d9280878505b.png,https://fix-price.kz/ru/catalog/dekor-dlya-doma-tovary-dlya-prazdnika/p-5246363-yaschik-s-ruchkoy-marokko-v-assortimente,Fix Price
360,Wireless (Qi) charging pad,360_wireless-qi-charging-pad.jpg,https://img.fix-price.com/insecure/rs:fit:800:800/plain/pim/images/c8b5653031cb1ab02779079a61590ea2_35.jpg,https://fix-price.kz/ru/catalog/dlya-doma/p-5013511-besprovodnoe-zaryadnoe-ustroystvo-s-kabelem---v-assortimente,Fix Price
361,Groove-joint (water-pump) pliers,361_groove-joint-water-pump-pliers.jpg,https://img.fix-price.kz/insecure/rs:fit:800:800/plain/bit/_marketplace/images/origin/6b/6b2778132897a9b22cbd1ee58ce4698c.jpg,https://fix-price.kz/ru/catalog/dlya-doma/p-5001381-kleschi-perestavnye-aster-and-v-assortimente,Fix Price
362,Drill bit set,362_drill-bit-set.jpg,https://img.fix-price.com/insecure/rs:fit:800:800/plain/pim/images/a3da00854f9a3e7b19397763b3ef1605_33.jpg,https://fix-price.kz/ru/catalog/dlya-doma/p-5001367-nabor-svrl-aster-and-8-sht-v-assortimente,Fix Price
363,Kids character water bottle / mini thermos,363_kids-character-water-bottle-mini-thermos.jpg,https://asset.action.com/image/upload/t_digital_product_image/w_1920/3219423_3664944720171-110_01_jdyqp8.webp,https://www.action.com/pl-pl/p/3219423/termos-hello-kitty/,Action
364,Stainless steel tea strainer (cup-rim),364_stainless-steel-tea-strainer-cup-rim.jpg,https://resources.cdn-kaspi.kz/img/m/p/hd5/h92/86160915333150.jpg?format=gallery-large,https://kaspi.kz/shop/p/sitechko-dlja-chaja-bazovaja-kollektsija-36963-5-sm-nerzhavejuschaja-stal-0-1-l-1-sht-108536656/,Kaspi
365,Wooden push broom with handle,365_wooden-push-broom-with-handle.jpg,https://img.fix-price.kz/insecure/rs:fit:800:800/plain/bit/_marketplace/images/origin/2b/2bcf7d81d2e3f0ed8c6881894681c111.jpg,https://fix-price.kz/ru/catalog/dlya-doma/p-5041077-schtka-derevyannaya-dlya-pola-s-cherenkom-ozhik,Fix Price
366,Small ceramic plant pot (indoor),366_small-ceramic-plant-pot-indoor.jpg,https://asset.action.com/image/upload/t_digital_product_image/w_1920/3222367_5707256753364-111_01_wfap55.webp,https://www.action.com/pl-pl/p/3222367/doniczka-dolomit/,Action
367,Grout / tile joint brush,367_grout-tile-joint-brush.jpg,https://asset.action.com/image/upload/t_digital_product_image/w_1080/2581914_8718964259595-111_01_nhfmuu.webp,https://www.action.com/pl-pl/p/2581914/szczotka-do-fug/,Action
368,Microwave meal container with divider,368_microwave-meal-container-with-divider.jpg,https://asset.action.com/image/upload/t_digital_product_image/w_1920/22836229.webp,https://www.action.com/pl-pl/p/3013364/pojemnik-na-obiad-z-przegrodka-curver/,Action
369,Ionic filter shower head,369_ionic-filter-shower-head.jpg,https://asset.action.com/image/upload/t_digital_product_image/w_1920/3008228_3560231539719-110_01_faiqiu.webp,https://www.action.com/pl-pl/p/3008228/jonizujaca-glowica-prysznicowa/,Action
370,Clear fridge organiser bin,370_clear-fridge-organiser-bin.jpg,https://asset.action.com/image/upload/t_digital_product_image/w_1920/3220378_8718964260126-110_01_ovdwpx.webp,https://www.action.com/pl-pl/p/3220378/organizer-do-lodowki/,Action
371,"Flexible cutting mats, set",371_flexible-cutting-mats-set.jpg,https://n11scdn.akamaized.net/a1/400_570/14/03/52/18/IMG-9155186070408116953.jpg,https://www.n11.com/urun/porsima-te-138-esnek-plastik-kesme-tahtasi-seti-3lu-34827097,n11
372,Candle lantern (metal / glass),372_candle-lantern-metal-glass.jpg,https://asset.action.com/image/upload/t_digital_product_image/w_1920/3217694_8719504019471-110_01_lqbvs8.webp,https://www.action.com/pl-pl/p/3217694/lampion-seasons-style/,Action
373,Cushion insert / inner pad 40x40,373_cushion-insert-inner-pad-40x40.jpg,https://img.fix-price.com/insecure/rs:fit:800:800/plain/pim/images/4c9c4f3bc5209b1e828ff737a214fd7f_24.jpg,https://fix-price.kz/ru/catalog/dlya-doma/tekstil/p-5077155-dekorativnaya-podushka-vnutrennyaya-40h40-sm,Fix Price
374,"Artificial potted plant / succulent, mini",374_artificial-potted-plant-succulent-mini.jpg,https://asset.action.com/image/upload/t_digital_product_image/w_1920/3224996_8721349904638-111_01_mvxl08.webp,https://www.action.com/pl-pl/p/3224996/sukulent-w-doniczce-excellent-flowers/,Action
375,Under-sink / cabinet pull-out organiser,375_under-sink-cabinet-pull-out-organiser.jpg,https://asset.action.com/image/upload/t_digital_product_image/w_1920/3220734_8718964263745-110_01_tzuhy4.webp,https://www.action.com/pl-pl/p/3220734/wysuwana-polka-do-przechowywania/,Action
376,Ice cream scoop,376_ice-cream-scoop.jpg,https://n11scdn.akamaized.net/a1/400_570/12/88/76/42/IMG-8130890984256432045.png,https://www.n11.com/urun/metal-dondurma-servis-kasigi-krom-121900746,n11
377,Wooden cooking spatula / spoon,377_wooden-cooking-spatula-spoon.jpg,https://www.carrefour.pl/images/product/350x350/lopatka-florentyna-apollo-7l0002-d37ngd.jpg,https://www.carrefour.pl/zakupy-niecodzienne/dom-i-ogrod/wyposazenie-domu/kuchnia-i-jadalnia/akcesoria-kuchenne-ul/lopatka-florentyna-apollo-7l0002,Carrefour
378,Children's clothes hangers,378_children-s-clothes-hangers.jpg,https://cdn.shopify.com/s/files/1/0951/3592/4548/files/629984_01-MULTICOLOR-11_836c1ceb-5678-40b6-99cf-f78633e5769b.jpg?v=1789352057,https://pepco.pl/products/zestaw-wieszakow-629984,Pepco
379,Leaf-shaped porcelain serving dish / bowl (13-28 cm),379_leaf-shaped-porcelain-serving-dish-bowl-13-28-cm.jpg,https://www.carrefour.pl/images/product/org/altom-nocturn-salaterka-lisc-175x135cm-6ndMcp.jpg,https://www.carrefour.pl/zakupy-niecodzienne/dom-i-ogrod/wyposazenie-domu/kuchnia-i-jadalnia/zastawa-stolowa/altom-nocturn-salaterka-lisc-175x135cm,Carrefour
380,Fragrance oil for aroma burner (10 ml),380_fragrance-oil-for-aroma-burner-10-ml.jpg,https://www.carrefour.pl/images/product/350x350/olejek-mueller-jablko-am9ub3.jpg,https://www.carrefour.pl/zakupy-niecodzienne/dom-i-ogrod/wyposazenie-domu/przyjecia-i-swiece/dekoracje/olejek-mueller-jablko,Carrefour
381,"Specialty repair glue, small tube (wood / shoe / plastic / epoxy)",381_specialty-repair-glue-small-tube-wood-shoe-plastic.jpg,https://www.carrefour.pl/images/product/350x350/klej-do-butow-pattex-50-ml-mki18m.jpg,https://www.carrefour.pl/zakupy-niecodzienne/dom-i-ogrod/remont-i-warsztat/kleje-kf/klej-do-butow-pattex-50-ml,Carrefour
382,"Terry bath-mat towel (foot towel), 2-pack",382_terry-bath-mat-towel-foot-towel-2-pack.jpg,https://n11scdn.akamaized.net/a1/400_570/11/33/95/17/IMG-6735738090344327641.jpg,https://www.n11.com/urun/zeynep-tekstil-tyen-2-adet-ayak-havlusu-banyo-paspasi-havlu-paspas-beyaz-120127350,n11
383,Touchless automatic soap dispenser,383_touchless-automatic-soap-dispenser.jpg,https://img.fix-price.com/insecure/rs:fit:800:800/plain/bit/_marketplace/images/origin/dc/dc431b9649690deadd580a07386fc6e5.jpg,https://fix-price.com/catalog/dlya-doma/p-5013384-dozator-dlya-jidkogo-myla--v-assortimente,Fix Price
384,Ceramic aroma oil / wax burner (tealight),384_ceramic-aroma-oil-wax-burner-tealight.jpg,https://resources.cdn-kaspi.kz/img/m/p/pb1/p48/26337211.jpeg?format=gallery-large,https://kaspi.kz/shop/p/aromalampa-zelenyi-135146832/,Kaspi
385,Glass storage jar with bamboo lid,385_glass-storage-jar-with-bamboo-lid.jpg,https://asset.action.com/image/upload/t_digital_product_image/w_1920/36071242.webp,https://www.action.com/pl-pl/p/3215103/sloik-z-bambusowa-pokrywka/,Action
386,Mangal / BBQ hand fan,386_mangal-bbq-hand-fan.jpg,https://n11scdn.akamaized.net/a1/400_570/16/15/28/74/IMG-4236217286616443475.jpg,https://www.n11.com/urun/galvanizli-mangal-yelpazesi-8-55-119540623,n11
387,Silicone spatula (scraper),387_silicone-spatula-scraper.jpg,https://asset.action.com/image/upload/t_digital_product_image/w_1920/3222069_3560231324414-111_01_eefawb.webp,https://www.action.com/pl-pl/p/3222069/lopatka-silikonowa/,Action
388,"Spice jar set with stand (12 pcs, with spoons)",388_spice-jar-set-with-stand-12-pcs-with-spoons.jpg,https://n11scdn.akamaized.net/a1/400_570/09/08/45/83/IMG-5855371056099972592.jpg,https://www.n11.com/urun/porsima-1165-random-standli-kendinden-yapiskanli-kasikli-kapakli-baharatlik-seti-12li-beyaz-siyah-siyah-beyaz-58868844,n11
389,"Stainless teaspoons, 6-pack",389_stainless-teaspoons-6-pack.jpg,https://asset.action.com/image/upload/t_digital_product_image/w_1080/3009438_8718964258635-110_01_lysmec.webp,https://www.action.com/pl-pl/p/3009438/lyzeczki-do-herbaty/,Action
390,Bread bin (bamboo/metal),390_bread-bin-bamboo-metal.jpg,https://n11scdn.akamaized.net/a1/400_570/05/55/97/69/IMG-6016141234198916237.jpg,https://www.n11.com/urun/karaca-aksel-bamboo-ekmek-kutusu-52257433,n11
391,"Cotton tea towels, 3-pack",391_cotton-tea-towels-3-pack.jpg,https://asset.action.com/image/upload/t_digital_product_image/w_1080/3215179_8718964303847-110_01_edcvht.webp,https://www.action.com/pl-pl/p/3215179/zestaw-scierek-do-naczyn/,Action
392,"Unscented tealight candles, bulk pack (50-100)",392_unscented-tealight-candles-bulk-pack-50-100.jpg,https://www.carrefour.pl/images/product/org/bolsius-podgrzewacze-50-szt-biale-35-h-3ohlt4.jpg,https://www.carrefour.pl/zakupy-niecodzienne/dom-i-ogrod/wyposazenie-domu/przyjecia-i-swiece/swiece-i-zapachy/bolsius-podgrzewacze-50-szt-biale-35-h,Carrefour
393,Julienne peeler,393_julienne-peeler.jpg,https://n11scdn.akamaized.net/a1/400_570/06/33/60/15/IMG-4904201700534013660.jpg,https://www.n11.com/urun/paslanmaz-celik-julyen-soyacak-sebze-meyve-dilimleyici-soyacak-metal-59071492,n11
394,Egg frying ring / pancake mould,394_egg-frying-ring-pancake-mould.jpg,https://s.f.kz/prod/3237/3236152_1000.jpg,https://www.flip.kz/catalog?prod=3236152,Flip.kz
395,Oil spray bottle (mister) for air fryer/salad,395_oil-spray-bottle-mister-for-air-fryer-salad.jpg,https://n11scdn.akamaized.net/a1/400_570/05/93/05/19/IMG-4482609734159932691.jpg,https://www.n11.com/urun/sprey-yagdanlik-sivi-yag-spreyi-yaglik-airfryer-puskurtme-yagdanlik-beyaz-300ml-beyaz-120629770,n11
396,Spin mop replacement head (microfibre),396_spin-mop-replacement-head-microfibre.jpg,https://asset.action.com/image/upload/t_digital_product_image/w_1080/27711442.webp,https://www.action.com/pl-pl/p/3200385/koncowka-do-mopa-vileda-easy-wring-clean/,Action
397,"Decorative posters A4, set",397_decorative-posters-a4-set.jpg,https://img.fix-price.com/insecure/rs:fit:800:800/plain/pim/images/82f9e25047e4e587019620a5c3b27e8f_42.jpg,https://fix-price.com/catalog/suveniry-i-podarki/p-5213021-nabor-posterov-a4-2-sht-v-assortimente,Fix Price
398,Decorative table clock (novelty / analogue),398_decorative-table-clock-novelty-analogue.jpg,https://img.fix-price.com/insecure/rs:fit:800:800/plain/bit/_marketplace/images/origin/59/59419001968e6b6dd5205f3487d2eeec.jpg,https://fix-price.com/catalog/suveniry-i-podarki/p-5244688-chasy-mototsikl-ens-irection-195h6h10-sm-v-assortimente,Fix Price
399,Decorative tabletop stand (cart / tiered display),399_decorative-tabletop-stand-cart-tiered-display.jpg,https://img.fix-price.com/insecure/rs:fit:800:800/plain/bit/_marketplace/images/origin/a0/a03b01464818518eaee0592d73b18042.JPG,https://fix-price.com/catalog/suveniry-i-podarki/p-5246092-dekorativnaya-podstavka-tsvety-v-assortimente,Fix Price
400,Budget chef's knife,400_budget-chef-s-knife.jpg,https://asset.action.com/image/upload/t_digital_product_image/w_1920/2574208_8718964279876-110_01_hlwm7e.webp,https://www.action.com/pl-pl/p/2574208/noz-redstone/,Action
401,Indoor broom with long handle,401_indoor-broom-with-long-handle.jpg,https://img.fix-price.kz/insecure/rs:fit:800:800/plain/bit/_marketplace/images/origin/5b/5b7aafd319846cf9abda6ad8339e1b8a.jpg,https://fix-price.kz/ru/catalog/dlya-doma/p-5044098-schtka-dlya-pola-120-sm-v-assortimente,Fix Price
402,Over-door hook rack (no drilling),402_over-door-hook-rack-no-drilling.jpg,https://asset.action.com/image/upload/t_digital_product_image/w_1920/2546440_8718964170555-111_01_vmywlb.webp,https://www.action.com/pl-pl/p/2546440/wieszak-na-drzwi/,Action
403,Chair seat pad with ties,403_chair-seat-pad-with-ties.jpg,https://n11scdn.akamaized.net/a1/400_570/04/65/06/84/IMG-8193684894165052938.jpg,https://www.n11.com/urun/altinpamuk-neva-pofidik-ozel-dikisli-bagcikli-arkalikli-sandalye-minderi-44x94-cm-bej-47062737,n11
404,Handheld milk frother / mini electric whisk,404_handheld-milk-frother-mini-electric-whisk.jpg,https://asset.action.com/image/upload/t_digital_product_image/w_1920/3011080_5701390673656-110_01_vojl5g.webp,https://www.action.com/pl-pl/p/3011080/spieniacz-do-mleka-day/,Action
405,Motion-sensor LED bulb (E27),405_motion-sensor-led-bulb-e27.jpg,https://n11scdn.akamaized.net/a1/400_570/07/68/72/54/IMG-6180694886125888551.jpg,https://www.n11.com/urun/noas-12w-e27-duylu-sensorlu-led-ampul-beyaz-isik-yl95-1201-s-33529179,n11
406,"Wine glasses, 3-pack",406_wine-glasses-3-pack.jpg,https://asset.action.com/image/upload/t_digital_product_image/w_1080/3220655_8720841012223-110_01_cwlo9e.webp,https://www.action.com/pl-pl/p/3220655/kieliszki-do-wina-royal-leerdam-alba/,Action
407,Pastry / dough cutting wheel,407_pastry-dough-cutting-wheel.jpg,https://n11scdn.akamaized.net/a1/400_570/01/00/40/16/IMG-666656359219365765.jpg,https://www.n11.com/urun/ahsap-sapli-hamur-ve-pizza-kesme-ruleti-4525518,n11
408,Stainless steel water bottle with straw lid,408_stainless-steel-water-bottle-with-straw-lid.jpg,https://asset.action.com/image/upload/t_digital_product_image/w_1920/3208965_5714988123082-110_01_llm0su.webp,https://www.action.com/pl-pl/p/3208965/butelka-na-napoje-ze-stali-nierdzewnej-ze-slomka/,Action
409,Cotton string mop head,409_cotton-string-mop-head.jpg,https://asset.action.com/image/upload/t_digital_product_image/w_1080/3219076_8715342053721-110_01_rmcisg.webp,https://www.action.com/pl-pl/p/3219076/mop-bawelniany-spargo/,Action
410,Painter's protective plastic drop sheet (4x5 m),410_painter-s-protective-plastic-drop-sheet-4x5-m.jpg,https://www.carrefour.pl/images/product/350x350/folia-budowlana-gruba-4x5m-W6HEAM.jpg,https://www.carrefour.pl/zakupy-niecodzienne/dom-i-ogrod/remont-i-warsztat/akcesoria-malarskie/folia-budowlana-gruba-4x5m,Carrefour
411,Mini serving plate with glass cloche,411_mini-serving-plate-with-glass-cloche.jpg,https://asset.action.com/image/upload/t_digital_product_image/w_1920/3215990_8718964240135-110_01_uf58k6.webp,https://www.action.com/pl-pl/p/3215990/taca-z-kloszem/,Action
412,"Reusable chopsticks, pair",412_reusable-chopsticks-pair.jpg,https://www.carrefour.pl/images/product/350x350/paleczki-fackelmann-asia-2-szt-30104-6cdkok.jpg,https://www.carrefour.pl/zakupy-niecodzienne/dom-i-ogrod/wyposazenie-domu/kuchnia-i-jadalnia/akcesoria-kuchenne-ul/paleczki-fackelmann-asia-2-szt-30104,Carrefour
413,"Paring / vegetable knife, single (7-10 cm)",413_paring-vegetable-knife-single-7-10-cm.jpg,https://www.carrefour.pl/images/product/org/noz-do-jarzyn-florina-wood-prosty-7-cm-6ioal2.jpg,https://www.carrefour.pl/zakupy-niecodzienne/dom-i-ogrod/wyposazenie-domu/kuchnia-i-jadalnia/akcesoria-kuchenne-ul/noz-do-jarzyn-florina-wood-prosty-7-cm,Carrefour
414,Pull-cord manual food chopper,414_pull-cord-manual-food-chopper.jpg,https://n11scdn.akamaized.net/a1/400_570/01/86/43/57/IMG-8346830306379255889.jpg,https://www.n11.com/urun/yakut-3-bicakli-ipli-cekmeli-sebze-dograyici-1164753,n11
415,"Glass tumblers, 6-pack",415_glass-tumblers-6-pack.jpg,https://resources.cdn-kaspi.kz/img/m/p/h62/h40/85754807189534.jpg?format=gallery-large,https://kaspi.kz/shop/p/nabor-stakanov-6-shtuk-300442141-steklo-zharoprochnoe-steklo-117718305/,Kaspi
416,Motivational water bottle with time markings,416_motivational-water-bottle-with-time-markings.jpg,https://n11scdn.akamaized.net/a1/400_570/02/10/28/40/IMG-1669018967579753927.jpg,https://www.n11.com/urun/porsima-11918-3lu-motivasyon-stickerli-kokusuz-matara-suluk-fusya-44346637,n11
417,"Turkish tulip tea glasses (ince belli), 6-pack",417_turkish-tulip-tea-glasses-ince-belli-6-pack.jpg,https://asset.action.com/image/upload/t_digital_product_image/w_1080/2539609_3560231180034-110_01_cdnmn4.webp,https://www.action.com/pl-pl/p/2539609/szklanki-do-herbaty-pasabahce-aida/,Action
418,Protein shaker bottle with mixing whisk,418_protein-shaker-bottle-with-mixing-whisk.jpg,https://resources.cdn-kaspi.kz/img/m/p/hb7/hac/85764843012126.png?format=gallery-large,https://kaspi.kz/shop/p/sheiker-208193998-400-ml-seryi-118484624/,Kaspi
419,"Tall highball glasses, 6-pack",419_tall-highball-glasses-6-pack.jpg,https://asset.action.com/image/upload/t_digital_product_image/w_1080/29028779.webp,https://www.action.com/pl-pl/p/3208419/wysokie-szklanki-do-drinkow/,Action
420,Wall-mounted liquid soap / shampoo dispenser (manual),420_wall-mounted-liquid-soap-shampoo-dispenser-manual.jpg,https://n11scdn.akamaized.net/a1/400_570/13/09/25/98/IMG-4586338239821088754.jpg,https://www.n11.com/urun/duvara-monte-siyah-sivi-sabunluk-f032s-mutfak-banyo-dus-sampuan-dezenfektan-sabun-dispanseri-500-ml-siyah-95685366,n11
421,"Lithium coin cells CR2025 / CR2016, 2-pack",421_lithium-coin-cells-cr2025-cr2016-2-pack.jpg,https://www.carrefour.pl/images/product/350x350/bateria-specjalistyczna-cr2025-2szt-86kXVT.jpg,https://www.carrefour.pl/zakupy-niecodzienne/elektronika/telewizory-i-rtv-59/akcesoria-pi/baterie-lm/bateria-specjalistyczna-cr2025-2szt,Carrefour
422,Egg slicer (wire),422_egg-slicer-wire.jpg,https://www.carrefour.pl/images/product/350x350/krajalnica-do-jajek-fackelmann-krajarka-do-jajek-bialosrebrny-41901-l3ieq1.jpg,https://www.carrefour.pl/zakupy-niecodzienne/dom-i-ogrod/wyposazenie-domu/kuchnia-i-jadalnia/akcesoria-kuchenne-ul/krajalnica-do-jajek-fackelmann-krajarka-do-jajek-bialosrebrny-41901,Carrefour
423,"Alkaline C (LR14) batteries, 2-pack",423_alkaline-c-lr14-batteries-2-pack.jpg,https://www.carrefour.pl/images/product/org/duracell-c-lr14-mn1400-1-5-v-baterie-alkaliczne-2-sztuki-pXV4vm.jpg,https://www.carrefour.pl/zakupy-niecodzienne/elektronika/telewizory-i-rtv-59/akcesoria-pi/baterie-lm/duracell-c-lr14-mn1400-1-5-v-baterie-alkaliczne-2-sztuki,Carrefour
424,9V (6LR61) alkaline battery,424_9v-6lr61-alkaline-battery.jpg,https://www.carrefour.pl/images/product/350x350/duracell-6lr61-mn1604-9-v-bateria-alkaliczna-bEVt2n.jpg,https://www.carrefour.pl/zakupy-niecodzienne/elektronika/telewizory-i-rtv-59/akcesoria-pi/baterie-lm/duracell-6lr61-mn1604-9-v-bateria-alkaliczna,Carrefour
425,Laundry powder storage container with lid (10 L),425_laundry-powder-storage-container-with-lid-10-l.jpg,https://www.carrefour.pl/images/product/350x350/pojemnik-na-proszek-do-prania-branq-pojemnik-na-proszek-lun-karme-10-l-sliwkowoprzezroczysty-1311-lc6n80.jpg,https://www.carrefour.pl/zakupy-niecodzienne/dom-i-ogrod/wyposazenie-domu/lazienka-b7/wieszaki-i-pojemniki-na-ubrania/pojemnik-na-proszek-do-prania-branq-pojemnik-na-proszek-lun-karme-10-l-sliwkowoprzezroczysty-1311,Carrefour
426,"Twist-off metal canning lids 82 mm, multipack",426_twist-off-metal-canning-lids-82-mm-multipack.jpg,https://resources.cdn-kaspi.kz/img/m/p/p95/pb0/161922848.jpg?format=gallery-large,https://kaspi.kz/shop/p/elabuzhskie-kryshki-nabor-kryshek-iii-82-6p-rts-8-sm-metall-105307556/,Kaspi
427,Adhesive metal bathroom shelf set (shelf + soap dish + holders),427_adhesive-metal-bathroom-shelf-set-shelf-soap-dish-.jpg,https://n11scdn.akamaized.net/a1/400_570/11/72/73/59/IMG-7454009556243920345.jpg,https://www.n11.com/urun/eva-metal-tasarim-yapiskanli-banyo-seti-dus-rafi-sabunluk-dis-fircalik-metal-set-siyah-62975655,n11
428,Reusable nano gel double-sided tape,428_reusable-nano-gel-double-sided-tape.jpg,https://asset.action.com/image/upload/t_digital_product_image/w_1920/3221236_8715342054483-111_01_om6ilp.webp,https://www.action.com/pl-pl/p/3221236/dwustronna-tasma-nano/,Action
429,Non-stick wok pan (28-30 cm),429_non-stick-wok-pan-28-30-cm.jpg,https://www.carrefour.pl/images/product/org/patelnia-wok-tefal-starteasy-28cm-uB8f3a.jpg,https://www.carrefour.pl/zakupy-niecodzienne/dom-i-ogrod/wyposazenie-domu/kuchnia-i-jadalnia/patelnie-5t/patelnia-wok-tefal-starteasy-28cm,Carrefour
430,Universal glass pot/pan lid with vent,430_universal-glass-pot-pan-lid-with-vent.jpg,https://s.f.kz/prod/5167/5166455_1000.jpg,https://www.flip.kz/catalog?prod=5166455,Flip.kz
431,Kitchen paper towel holder (adhesive / countertop),431_kitchen-paper-towel-holder-adhesive-countertop.jpg,https://n11scdn.akamaized.net/a1/400_570/01/57/18/51/IMG-6547635637648290256.jpg,https://www.n11.com/urun/eva-metal-tasarim-yapiskanli-rafli-kagit-rulo-havluluk-pecetelik-havlu-kagiltlik-siyah-banyo-mutfak-duzenleyici-raf-62983766,n11
432,Replacement adhesive pads for no-drill shelves / hooks,432_replacement-adhesive-pads-for-no-drill-shelves-hoo.jpg,https://n11scdn.akamaized.net/a1/400_570/11/81/91/73/IMG-787591347795639487.png,https://www.n11.com/urun/tekno-tel-st001-yedek-yapiskan-sticker-2li-5338130,n11
433,Measuring spoons set,433_measuring-spoons-set.jpg,https://img.fix-price.com/insecure/rs:fit:800:800/plain/bit/_marketplace/images/origin/b1/b1bb01b0a64491619603b20e41536d5d.jpg,https://fix-price.com/catalog/dlya-doma/p-5023659-mernyy-stakan-s-5-mernymi-lojkami-itchen-v-assortimente,Fix Price
434,"Polyethylene (capron) jar lids, multipack",434_polyethylene-capron-jar-lids-multipack.jpg,https://resources.cdn-kaspi.kz/img/m/p/hc4/h00/86285888946206.jpg?format=gallery-large,https://kaspi.kz/shop/p/kryshka-kryshki-polietilenovye-kapronovye-dlja-stekljannyh-banok-dlja-zakryvanija-pischevyh-produktov-8-2-sm-plastik-120391039/,Kaspi
435,Glass tumbler with lid & straw,435_glass-tumbler-with-lid-straw.jpg,https://asset.action.com/image/upload/t_digital_product_image/w_1920/3220275_8718964257966-111_01_yckmhj.webp,https://www.action.com/pl-pl/p/3220275/szklanka-ze-slomka/,Action
436,Mini desktop drawer box,436_mini-desktop-drawer-box.jpg,https://asset.action.com/image/upload/t_digital_product_image/w_1920/3208309_8718964280193-110_01_i7klck.webp,https://www.action.com/pl-pl/p/3208309/pojemnik-z-szuflada/,Action
437,Tea bag storage box,437_tea-bag-storage-box.jpg,https://asset.action.com/image/upload/t_digital_product_image/w_1920/3221752_8721042580627-111_01_cjy184.webp,https://www.action.com/pl-pl/p/3221752/pojemnik-na-torebki-herbaty/,Action
438,"Table spoons, 3-pack",438_table-spoons-3-pack.jpg,https://asset.action.com/image/upload/t_digital_product_image/w_1080/3223031_8711155519621-110_01_cwltch.webp,https://www.action.com/pl-pl/p/3223031/lyzki-amefa-alina/,Action
439,Round printed serving tray,439_round-printed-serving-tray.jpg,https://asset.action.com/image/upload/t_digital_product_image/w_1080/3220580_8718964262847-111_01_xppxeu.webp,https://www.action.com/pl-pl/p/3220580/taca-z-nadrukiem/,Action
440,Rechargeable electric fly/mosquito swatter racket,440_rechargeable-electric-fly-mosquito-swatter-racket.jpg,https://n11scdn.akamaized.net/a1/400_570/09/77/37/29/IMG-3809257615524580204.jpg,https://www.n11.com/urun/sarjli-sinek-raketi-sivrisinek-oldurucu-raket-20158671,n11
441,"Paper cupcake / muffin cases, multipack",441_paper-cupcake-muffin-cases-multipack.jpg,https://n11scdn.akamaized.net/a1/400_570/04/36/69/76/IMG-8169553716345261076.jpg,https://www.n11.com/urun/200-adet-muffin-cupcake-kagidi-renkli-kagit-muffin-kek-kalibi-cok-renkli-120629765,n11
442,Hinged wire grill basket with wooden handle,442_hinged-wire-grill-basket-with-wooden-handle.jpg,https://n11scdn.akamaized.net/a1/400_570/09/22/27/79/IMG-5147442452073248847.jpg,https://www.n11.com/urun/ahsap-sapli-tel-izgara-mangal-izgarasi-en-buyuk-boy-35-cm-x-45-cm-7335052,n11
443,Lightning (iPhone) charging cable,443_lightning-iphone-charging-cable.jpg,https://asset.action.com/image/upload/t_digital_product_image/w_1920/3222930_8711332484513-110_01_k98syk.webp,https://www.action.com/pl-pl/p/3222930/kabel-do-ladowania-i-przesylania-danych-sologic-8-pinowy/,Action
444,"Glass tea saucers for tulip glasses, 6-pack",444_glass-tea-saucers-for-tulip-glasses-6-pack.jpg,https://n11scdn.akamaized.net/a1/400_570/09/83/82/17/IMG-7118887435747772948.jpg,https://www.n11.com/urun/pasabahce-elysia-cay-bardagi-ile-uyumlu-cay-tabak-takimi-6-parca-cay-tabagi-seti-seffaf-47261738,n11
445,"Photo / picture frame, medium-large (13x18 to 30x40 cm)",445_photo-picture-frame-medium-large-13x18-to-30x40-cm.jpg,https://img.fix-price.com/insecure/rs:fit:800:800/plain/pim/images/_default_upload_bucket/5211150.jpg,https://fix-price.com/catalog/suveniry-i-podarki/p-5211150-ramka-dlya-fotografiy-kartin-diplomov-40h30-sm-v-assortimente,Fix Price
446,"Decorative vase, small-medium (ceramic / glass / plastic, material not stated)",446_decorative-vase-small-medium-ceramic-glass-plastic.jpg,https://img.fix-price.com/insecure/rs:fit:800:800/plain/bit/_marketplace/images/origin/3e/3eabec9bc7dc0797143aed520480a480.jpg,https://fix-price.com/catalog/suveniry-i-podarki/p-5246134-vaza-enimals-v-assortimente,Fix Price
447,Plastic storage box on wheels (15-30 L),447_plastic-storage-box-on-wheels-15-30-l.jpg,https://img.fix-price.com/insecure/rs:fit:800:800/plain/pim/images/_default_upload_bucket/5069397_1080_anons_bez_kryski_kopia.jpg,https://fix-price.kz/ru/catalog/dlya-doma/p-5069397-yaschik-na-kolsah-32-l,Fix Price
448,"Photo album, 20 pages",448_photo-album-20-pages.jpg,https://img.fix-price.com/insecure/rs:fit:800:800/plain/bit/_marketplace/images/origin/2f/2fb22e0ec9df10758b2c2361db298dcf.jpg,https://fix-price.com/catalog/suveniry-i-podarki/p-5215020-fotoalbom-s-samokleyaschimisya-listami-20-listov-v-assortimente,Fix Price
449,"Plastic storage box / crate, medium (11-20 L)",449_plastic-storage-box-crate-medium-11-20-l.jpg,https://img.fix-price.com/insecure/rs:fit:800:800/plain/pim/images/_default_upload_bucket/baae950aaeff65d890ea807ebce4185b.jpg,https://fix-price.kz/ru/catalog/dlya-doma/p-5069657-yaschik-hozyaystvennyy-s-kryshkoy-imako-18-l,Fix Price
450,LED desk / table lamp,450_led-desk-table-lamp.jpg,https://www.carrefour.pl/images/product/org/lampa-biurkowa-led-faber-B6Bc8W.jpg,https://www.carrefour.pl/zakupy-niecodzienne/dom-i-ogrod/wyposazenie-domu/oswietlenie-a8/lampki-biurowe/lampa-biurkowa-led-faber,Carrefour
451,Insulated lunch bag,451_insulated-lunch-bag.jpg,https://n11scdn.akamaized.net/a1/400_570/07/86/41/09/IMG-6940889492582149847.jpg,https://www.n11.com/urun/wia-termoslu-beslenme-cantasi-siyah-12361909,n11
452,"Espresso cup, 80 ml, single",452_espresso-cup-80-ml-single.jpg,https://asset.action.com/image/upload/t_digital_product_image/w_1080/3208910_883314010343-111_01_thbbfu.webp,https://www.action.com/pl-pl/p/3208910/filizanka-do-espresso/,Action
453,"Towel bar / towel ring (adhesive or over-cabinet, no drilling)",453_towel-bar-towel-ring-adhesive-or-over-cabinet-no-d.jpg,https://n11scdn.akamaized.net/a1/400_570/01/78/81/17/IMG-7677495204665578286.jpg,https://www.n11.com/urun/zabata-yapiskanli-havluluk-siyah-havlu-askisi-metal-havlu-tutacagi-banyo-mutfak-havlulugu-minimal-tasarim-siyah-115577313,n11
454,Wooden pestle / mixing ball (for makutra bowl),454_wooden-pestle-mixing-ball-for-makutra-bowl.jpg,https://www.carrefour.pl/images/product/350x350/kula-do-ucierania-florentyna-kula-do-ucierania-7k0010-9pstdt.jpg,https://www.carrefour.pl/zakupy-niecodzienne/dom-i-ogrod/wyposazenie-domu/kuchnia-i-jadalnia/akcesoria-kuchenne-ul/kula-do-ucierania-florentyna-kula-do-ucierania-7k0010,Carrefour
455,Stemmed cocktail / martini glass,455_stemmed-cocktail-martini-glass.jpg,https://www.carrefour.pl/images/product/org/kieliszek-koktajlowy-420ml-5b-9cseco.jpg,https://www.carrefour.pl/zakupy-niecodzienne/dom-i-ogrod/wyposazenie-domu/kuchnia-i-jadalnia/kieliszki-do-wina-i-wody-uh/kieliszek-koktajlowy-glasmark-420ml,Carrefour
456,Static duster refill cloths,456_static-duster-refill-cloths.jpg,https://asset.action.com/image/upload/t_digital_product_image/w_1080/38632078.webp,https://www.action.com/pl-pl/p/3215132/wklad-do-miotelki-do-odkurzania-spargo/,Action
457,Glass storage bottle 0.5-1 L (swing-top clip or screw cap),457_glass-storage-bottle-0-5-1-l-swing-top-clip-or-scr.jpg,https://www.carrefour.pl/images/product/350x350/butelka-tadar-butelka-z-klipsem-1-l-47ngi1.jpg,https://www.carrefour.pl/zakupy-niecodzienne/dom-i-ogrod/wyposazenie-domu/kuchnia-i-jadalnia/przechowywanie-zywnosci/butelka-tadar-butelka-z-klipsem-1-l,Carrefour
458,"Whistling stovetop kettle, stainless steel",458_whistling-stovetop-kettle-stainless-steel.jpg,https://s.f.kz/prod/3186/3185373_1000.jpg,https://www.flip.kz/catalog?prod=3185373,Flip.kz
459,LED flameless pillar candle (battery),459_led-flameless-pillar-candle-battery.jpg,https://www.carrefour.pl/images/product/350x350/swieca-led-lux-ShWQiZ.jpg,https://www.carrefour.pl/zakupy-niecodzienne/dom-i-ogrod/wyposazenie-domu/przyjecia-i-swiece/swiece-i-zapachy/swieca-led-lux,Carrefour
460,Handheld vegetable slicer / mandoline,460_handheld-vegetable-slicer-mandoline.jpg,https://www.carrefour.pl/images/product/350x350/krajarka-do-warzyw-fackelmann-krajarka-do-warzyw-521893-dq31oe.jpg,https://www.carrefour.pl/zakupy-niecodzienne/dom-i-ogrod/wyposazenie-domu/kuchnia-i-jadalnia/akcesoria-kuchenne-ul/krajarka-do-warzyw-fackelmann-krajarka-do-warzyw-521893,Carrefour
461,"All-purpose clear / flexible glue, tube (7-50 g)",461_all-purpose-clear-flexible-glue-tube-7-50-g.jpg,https://www.carrefour.pl/images/product/350x350/klej-uniwersalny-uhu-klej-silny-i-bezpieczny-7-g-qrtsra.jpg,https://www.carrefour.pl/zakupy-niecodzienne/dom-i-ogrod/remont-i-warsztat/kleje-kf/uhu-klej-uniwersalny-klej-silny-i-bezpieczny-7-g,Carrefour
462,Onion slicing holder / guide,462_onion-slicing-holder-guide.jpg,https://www.carrefour.pl/images/product/350x350/uchwyt-do-krojenia-cebuli-fackelmann-uchwyt-do-krojenia-cebuli-bialy-48387-hkbjdn.jpg,https://www.carrefour.pl/zakupy-niecodzienne/dom-i-ogrod/wyposazenie-domu/kuchnia-i-jadalnia/akcesoria-kuchenne-ul/uchwyt-do-krojenia-cebuli-fackelmann-uchwyt-do-krojenia-cebuli-bialy-48387,Carrefour
463,LED capsule bulb G9,463_led-capsule-bulb-g9.jpg,https://www.carrefour.pl/images/product/350x350/carrefour-zarowka-led-g9-2-szt--hkahom.jpg,https://www.carrefour.pl/zakupy-niecodzienne/dom-i-ogrod/wyposazenie-domu/oswietlenie-a8/zarowki-74/carrefour-zarowka-led-g9-2-szt-,Carrefour
464,"Kitchen textile set (apron, oven mitt, pot holders)",464_kitchen-textile-set-apron-oven-mitt-pot-holders.jpg,https://n11scdn.akamaized.net/a1/400_570/11/80/88/48/IMG-1756656172249865067.jpg,https://www.n11.com/urun/morlay-mutfak-onlugu-firin-eldiveni-ve-tutacak-takimi-ceyiz-seti-4lu-siyah-50950107,n11
465,Precision screwdriver set (electronics/glasses),465_precision-screwdriver-set-electronics-glasses.jpg,https://asset.action.com/image/upload/t_digital_product_image/w_1920/3221622_8718964269983-110_01_agy9d6.webp,https://www.action.com/pl-pl/p/3221622/zestaw-srubokretow-precyzyjnych/,Action
466,Spice rack / tiered spice riser,466_spice-rack-tiered-spice-riser.jpg,https://n11scdn.akamaized.net/a1/400_570/04/04/90/28/IMG-8020570442567959563.jpg,https://www.n11.com/urun/karteya-yapiskanli-mutfak-rafi-baharatlik-3lu-metal-kagit-havluluk-siyah-standli-sik-mutfak-raf-seti-siyah-116810043,n11
467,Reusable zip-lock food bags,467_reusable-zip-lock-food-bags.jpg,https://asset.action.com/image/upload/t_digital_product_image/w_1920/3217257_8718964248636-111_01_iq8a4e.webp,https://www.action.com/pl-pl/p/3217257/torebki-wielorazowe-z-zapieciem/,Action
468,Utensil holder (crock),468_utensil-holder-crock.jpg,https://img.fix-price.com/insecure/rs:fit:800:800/plain/bit/_marketplace/images/origin/9b/9b71f9f6a59025dfd2b1537d52529eeb.jpg,https://fix-price.com/catalog/dlya-doma/p-5092715-podstavka-dlya-kuhonnyh-prinadlejnostey-itchen-v-assortimente,Fix Price
469,"Double-wall glass cups, 2-pack",469_double-wall-glass-cups-2-pack.jpg,https://asset.action.com/image/upload/t_digital_product_image/w_1080/3220338_8718964257829-110_01_gm1n8x.webp,https://www.action.com/pl-pl/p/3220338/szklanki-z-podwojnymi-sciankami/,Action
470,Water filter jug replacement cartridges,470_water-filter-jug-replacement-cartridges.jpg,https://www.carrefour.pl/images/product/org/wklad-dafi-unimax-2-1-jqviqi.jpg,https://www.carrefour.pl/zakupy-niecodzienne/dom-i-ogrod/wyposazenie-domu/kuchnia-i-jadalnia/filtry-do-wody/dafi-unimax-filtr-do-wody-wklady-3-szt-,Carrefour
471,"Bread knife, serrated (~20 cm)",471_bread-knife-serrated-20-cm.jpg,https://www.carrefour.pl/images/product/org/tefal-noz-do-chleba-20-cm-iq4jre.jpg,https://www.carrefour.pl/zakupy-niecodzienne/dom-i-ogrod/wyposazenie-domu/kuchnia-i-jadalnia/akcesoria-kuchenne-ul/tefal-noz-do-chleba-20-cm,Carrefour
472,Slim rolling storage cart (3-tier),472_slim-rolling-storage-cart-3-tier.jpg,https://n11scdn.akamaized.net/a1/400_570/09/02/80/77/IMG-5368157137328758498.jpg,https://www.n11.com/urun/motek-cok-amacli-tekerlekli-organizer-mutfak-banyo-rafi-beyaz-5423509,n11
473,Over-door / shower-screen / radiator towel hooks (no drilling),473_over-door-shower-screen-radiator-towel-hooks-no-dr.jpg,https://n11scdn.akamaized.net/a1/400_570/09/29/17/59/IMG-980893741593653995.jpg,https://www.n11.com/urun/flosoft-4-adet-havlupan-dusakabin-askisi-petek-banyo-mutfak-kancali-havlu-bornoz-askisi-4-lu-set-beyaz-40878534,n11
474,Car phone holder (vent/dash),474_car-phone-holder-vent-dash.jpg,https://asset.action.com/image/upload/t_digital_product_image/w_1920/3222375_8715342055053-110_01_hfi9mg.webp,https://www.action.com/pl-pl/p/3222375/uchwyt-samochodowy-na-telefon-lab31/,Action
475,Bamboo cooking utensil set with holder,475_bamboo-cooking-utensil-set-with-holder.jpg,https://asset.action.com/image/upload/t_digital_product_image/w_1920/36071155.webp,https://www.action.com/pl-pl/p/3007936/zestaw-bambusowych-przyborow-kuchennych-w-pojemniku/,Action
476,Digital food / meat thermometer (probe),476_digital-food-meat-thermometer-probe.jpg,https://n11scdn.akamaized.net/a1/400_570/10/62/53/21/IMG-2830352451181211173.jpg,https://www.n11.com/urun/yemek-et-gida-sicaklik-olcer-dijital-gida-termometresi-4486486,n11
477,Printed beach towel,477_printed-beach-towel.jpg,https://asset.action.com/image/upload/t_digital_product_image/w_1080/3220304_8718964277377-110_01_ign0zv.webp,https://www.action.com/pl-pl/p/3220304/recznik-plazowy-disney/,Action
478,Kitchen apron (water-resistant),478_kitchen-apron-water-resistant.jpg,https://n11scdn.akamaized.net/a1/400_570/10/87/70/18/IMG-5150182968646541748.jpg,https://www.n11.com/urun/sivi-gecirmez-mutfak-onlugu-sunger-dolgulu-cift-hazneli-cepli-model-siyah-50804534,n11
479,Folding steamer basket insert for pots,479_folding-steamer-basket-insert-for-pots.jpg,https://n11scdn.akamaized.net/a1/400_570/05/70/07/50/IMG-6445044172156897169.jpg,https://www.n11.com/urun/ikea-klockren-buharda-pisirici-sebze-haslama-aparati-4558936,n11
480,Peshtemal (flat-woven hammam towel),480_peshtemal-flat-woven-hammam-towel.jpg,https://n11scdn.akamaized.net/a1/400_570/03/78/34/70/IMG-7119953748925453693.jpg,https://www.n11.com/urun/calmera-natura-pestemal-pamuk-dogal-sacakli-plaj-deniz-havuz-spa-sauna-spor-seyahat-havlusu-mavi-84986750,n11
481,Ribbed grill pan (24-28 cm),481_ribbed-grill-pan-24-28-cm.jpg,https://asset.action.com/image/upload/t_digital_product_image/w_1920/3215189_8718964227716-110_01_gfm38o.webp,https://www.action.com/pl-pl/p/3215189/patelnia-grillowa-redstone/,Action
482,Silicone thumb peeler / finger knife,482_silicone-thumb-peeler-finger-knife.jpg,https://n11scdn.akamaized.net/a1/400_570/09/28/49/66/IMG-5226230859710699882.jpg,https://www.n11.com/urun/silikon-basparmak-bicagi-parmak-soyucu-koruyucu-soyacak-eldiveni-medium-34439335,n11
483,Small metal tea / coffee serving tray,483_small-metal-tea-coffee-serving-tray.jpg,https://n11scdn.akamaized.net/a1/400_570/12/28/80/95/IMG-8173335197278292856.jpg,https://www.n11.com/urun/jasper-paslanmaz-celik-kare-model-kahve-tepsisi-kelebek-aksesuarli-lux-sunum-gri-101027439,n11
484,Wire grill-cleaning brush,484_wire-grill-cleaning-brush.jpg,https://n11scdn.akamaized.net/a1/400_570/10/48/66/31/IMG-7280983530943999950.jpg,https://www.n11.com/urun/dokum-yuzey-mangal-izgara-tost-temizleme-fircasi-tel-firca-7588635,n11
485,Tempered glass cutting board,485_tempered-glass-cutting-board.jpg,https://asset.action.com/image/upload/t_digital_product_image/w_1920/3215621_8712442892571-110_01_zpx0sx.webp,https://www.action.com/pl-pl/p/3215621/szklana-deska-do-krojenia/,Action
486,"Long dessert / latte spoons, set",486_long-dessert-latte-spoons-set.jpg,https://www.carrefour.pl/images/product/350x350/lyzka-do-jogurtow-fackelmann-41422-mix-41422-p0a6se.jpg,https://www.carrefour.pl/zakupy-niecodzienne/dom-i-ogrod/wyposazenie-domu/kuchnia-i-jadalnia/akcesoria-kuchenne-ul/lyzka-do-jogurtow-fackelmann-41422-mix-41422,Carrefour
487,Bottle pourer spout,487_bottle-pourer-spout.jpg,https://www.carrefour.pl/images/product/350x350/dozownik-do-butelek-fackelmann-46984-9nv5cg.jpg,https://www.carrefour.pl/zakupy-niecodzienne/dom-i-ogrod/wyposazenie-domu/kuchnia-i-jadalnia/akcesoria-kuchenne-ul/dozownik-do-butelek-fackelmann-46984,Carrefour
488,Ice tongs,488_ice-tongs.jpg,https://www.carrefour.pl/images/product/350x350/szczypce-do-lodu-fackelmann-49293-ghm86k.jpg,https://www.carrefour.pl/zakupy-niecodzienne/dom-i-ogrod/wyposazenie-domu/kuchnia-i-jadalnia/akcesoria-kuchenne-ul/szczypce-do-lodu-fackelmann-49293,Carrefour
489,"Oven / appliance bulb E14 (heat-resistant, 25 W)",489_oven-appliance-bulb-e14-heat-resistant-25-w.jpg,https://www.carrefour.pl/images/product/org/zarowka-philips-speciality-t25-25w-e14-1r9bbm.jpg,https://www.carrefour.pl/zakupy-niecodzienne/dom-i-ogrod/wyposazenie-domu/oswietlenie-a8/zarowki-74/zarowka-do-piekarnika-philips-speciality-t25-25w-e14,Carrefour
490,Clear self-adhesive bumper pads (door / cabinet dampers),490_clear-self-adhesive-bumper-pads-door-cabinet-dampe.jpg,https://www.carrefour.pl/images/product/org/scotch-odbojniki-wygluszajace-przezroczyste-o8mm-16-szt-opak--Fp0HiQ.jpg,https://www.carrefour.pl/zakupy-niecodzienne/dom-i-ogrod/remont-i-warsztat/okucia-do-mebli/scotch-odbojniki-wygluszajace-przezroczyste-o8mm-16-szt-opak-,Carrefour
491,Window / outdoor thermometer,491_window-outdoor-thermometer.jpg,https://www.carrefour.pl/images/product/350x350/termometr-zewnetrzny-fackelmann-63751-q642l2.jpg,https://www.carrefour.pl/zakupy-niecodzienne/dom-i-ogrod/wyposazenie-domu/kuchnia-i-jadalnia/akcesoria-kuchenne-ul/termometr-zewnetrzny-fackelmann-63751,Carrefour
492,Kitchen cooking twine,492_kitchen-cooking-twine.jpg,https://www.carrefour.pl/images/product/350x350/nic-kuchenna-fackelmann-521332-889ao5.jpg,https://www.carrefour.pl/zakupy-niecodzienne/dom-i-ogrod/wyposazenie-domu/kuchnia-i-jadalnia/akcesoria-kuchenne-ul/nic-kuchenna-fackelmann-521332,Carrefour
493,Cake decorating comb / scraper,493_cake-decorating-comb-scraper.jpg,https://www.carrefour.pl/images/product/350x350/skrobaczka-dekoracyjna-zenker-candy-2-sztuki-43918-p943v5.jpg,https://www.carrefour.pl/zakupy-niecodzienne/dom-i-ogrod/wyposazenie-domu/kuchnia-i-jadalnia/akcesoria-kuchenne-ul/skrobaczka-dekoracyjna-zenker-candy-2-sztuki-43918,Carrefour
494,Handheld vegetable spiralizer (sharpener type),494_handheld-vegetable-spiralizer-sharpener-type.jpg,https://www.carrefour.pl/images/product/350x350/temperowka-do-warzyw-fackelmann-44107-gerg3a.jpg,https://www.carrefour.pl/zakupy-niecodzienne/dom-i-ogrod/wyposazenie-domu/kuchnia-i-jadalnia/akcesoria-kuchenne-ul/temperowka-do-warzyw-fackelmann-44107,Carrefour
495,Apple corer / slicer,495_apple-corer-slicer.jpg,https://www.carrefour.pl/images/product/org/wykrawacz-fackelmann-wykrojnik-do-jablek-mix-42015-qlvh3o.jpg,https://www.carrefour.pl/zakupy-niecodzienne/dom-i-ogrod/wyposazenie-domu/kuchnia-i-jadalnia/akcesoria-kuchenne-ul/wykrawacz-fackelmann-wykrojnik-do-jablek-mix-42015,Carrefour
496,"Snap-off utility knife spare blades, 10-pack",496_snap-off-utility-knife-spare-blades-10-pack.jpg,https://www.carrefour.pl/images/product/350x350/narzedzie-topex-17b348-dvhm48.jpg,https://www.carrefour.pl/zakupy-niecodzienne/dom-i-ogrod/narzedzia-va/narzedzia-reczne/narzedzia-do-ciecia/narzedzie-topex-17b348,Carrefour
497,Cake decorating pen / icing syringe,497_cake-decorating-pen-icing-syringe.jpg,https://www.carrefour.pl/images/product/350x350/pisak-dekoracyjny-zenker-candy-42814-dvgu7q.jpg,https://www.carrefour.pl/zakupy-niecodzienne/dom-i-ogrod/wyposazenie-domu/kuchnia-i-jadalnia/akcesoria-kuchenne-ul/pisak-dekoracyjny-zenker-candy-42814,Carrefour
498,Nutcracker,498_nutcracker.jpg,https://www.carrefour.pl/images/product/350x350/dziadek-do-orzechow-fackelmann-521381-52f291.jpg,https://www.carrefour.pl/zakupy-niecodzienne/dom-i-ogrod/wyposazenie-domu/kuchnia-i-jadalnia/akcesoria-kuchenne-ul/dziadek-do-orzechow-fackelmann-521381,Carrefour
499,"Dumpling / pierogi moulds, set",499_dumpling-pierogi-moulds-set.jpg,https://www.carrefour.pl/images/product/350x350/foremki-do-pierogow-fackelmann-foremki-do-formowania-pierogow-3-sztuki-521382-1fiaod.jpg,https://www.carrefour.pl/zakupy-niecodzienne/dom-i-ogrod/wyposazenie-domu/kuchnia-i-jadalnia/akcesoria-kuchenne-ul/foremki-do-pierogow-fackelmann-foremki-do-formowania-pierogow-3-sztuki-521382,Carrefour
500,Kitchen waste bin with lid (5-25 L),500_kitchen-waste-bin-with-lid-5-25-l.jpg,https://www.carrefour.pl/images/product/org/curver-kosz-do-segregacji-smieci-bialy-20l-r1-ijsi41.jpg,https://www.carrefour.pl/zakupy-niecodzienne/dom-i-ogrod/wyposazenie-domu/domowe-porzadki/kosze-i-worki-na-smieci/curver-kosz-do-segregacji-smieci-bialy-20l-r1,Carrefour
